Date,2020-11-06 23:17:35
Filename,STFCB-20201012-0105-0129_20201106_231504_002.dat
Data Label,정상
Label No,00
Motor Spec,R-EF-05,1730,2.2,14,
Period,1SEC
Sample Rate,2000
RMS,2.09295,2.17344,2.07545,
Data Length,2000,
0,2.6025390625,-2.2822265625,-0.80078125,
0.0005,2.40234375,-2.6025390625,-0.2802734375,
0.001,2.08203125,-2.8828125,0.2802734375,
0.0015,1.681640625,-2.9228515625,0.7607421875,
0.002,1.3212890625,-2.962890625,1.12109375,
0.0025,0.9208984375,-3.04296875,1.5615234375,
0.003,0.4404296875,-3.04296875,2.0419921875,
0.0035,-0.2001953125,-2.642578125,2.2822265625,
0.004,-0.720703125,-2.2822265625,2.40234375,
0.0045,-1.201171875,-1.841796875,2.4423828125,
0.005,-1.681640625,-1.44140625,2.482421875,
0.0055,-2.08203125,-1.0009765625,2.4423828125,
0.006,-2.482421875,-0.48046875,2.322265625,
0.0065,-2.72265625,0.1201171875,1.921875,
0.007,-2.72265625,0.640625,1.4814453125,
0.0075,-2.72265625,1.0810546875,1.12109375,
0.008,-2.8427734375,1.6015625,0.6806640625,
0.0085,-2.7626953125,2.0419921875,0.240234375,
0.009,-2.4423828125,2.2822265625,-0.3603515625,
0.0095,-2.1220703125,2.482421875,-0.8408203125,
0.01,-1.76171875,2.5625,-1.3212890625,
0.0105,-1.361328125,2.5625,-1.7216796875,
0.011,-0.9208984375,2.5625,-2.1220703125,
0.0115,-0.400390625,2.5224609375,-2.5625,
0.012,0.2802734375,2.1220703125,-2.7626953125,
0.0125,0.7607421875,1.6416015625,-2.7626953125,
0.013,1.201171875,1.28125,-2.8427734375,
0.0135,1.7216796875,0.80078125,-2.9228515625,
0.014,2.1220703125,0.3203125,-2.8828125,
0.0145,2.40234375,-0.2802734375,-2.6025390625,
0.015,2.5625,-0.80078125,-2.2421875,
0.0155,2.6025390625,-1.3212890625,-1.76171875,
0.016,2.642578125,-1.681640625,-1.361328125,
0.0165,2.642578125,-2.2421875,-0.9609375,
0.017,2.5625,-2.642578125,-0.400390625,
0.0175,2.162109375,-2.8828125,0.2802734375,
0.018,1.76171875,-2.9228515625,0.720703125,
0.0185,1.4013671875,-3.0029296875,1.12109375,
0.019,0.9609375,-3.0830078125,1.5615234375,
0.0195,0.4404296875,-2.962890625,1.921875,
0.02,-0.16015625,-2.72265625,2.2822265625,
0.0205,-0.7607421875,-2.322265625,2.5224609375,
0.021,-1.28125,-1.8818359375,2.482421875,
0.0215,-1.6416015625,-1.521484375,2.482421875,
0.022,-2.1220703125,-1.0009765625,2.5224609375,
0.0225,-2.5625,-0.5205078125,2.40234375,
0.023,-2.7626953125,0.240234375,1.921875,
0.0235,-2.802734375,0.6806640625,1.521484375,
0.024,-2.802734375,1.201171875,1.0810546875,
0.0245,-2.8828125,1.6416015625,0.6806640625,
0.025,-2.72265625,2.0419921875,0.16015625,
0.0255,-2.5625,2.40234375,-0.400390625,
0.026,-2.08203125,2.6025390625,-1.041015625,
0.0265,-1.681640625,2.6025390625,-1.4013671875,
0.027,-1.361328125,2.6025390625,-1.7216796875,
0.0275,-0.9208984375,2.6826171875,-2.2021484375,
0.028,-0.400390625,2.5625,-2.6025390625,
0.0285,0.240234375,2.2021484375,-2.7626953125,
0.029,0.7607421875,1.76171875,-2.8828125,
0.0295,1.2412109375,1.2412109375,-2.8427734375,
0.03,1.6015625,0.80078125,-2.8828125,
0.0305,2.0419921875,0.3203125,-2.8427734375,
0.031,2.4423828125,-0.16015625,-2.6826171875,
0.0315,2.6025390625,-0.80078125,-2.2421875,
0.032,2.5625,-1.201171875,-1.8017578125,
0.0325,2.5625,-1.6416015625,-1.4013671875,
0.033,2.6826171875,-2.162109375,-1.0009765625,
0.0335,2.5224609375,-2.5224609375,-0.5205078125,
0.034,2.2421875,-2.802734375,0.080078125,
0.0345,1.841796875,-2.962890625,0.6005859375,
0.035,1.44140625,-2.962890625,1.0009765625,
0.0355,1.12109375,-3.0029296875,1.361328125,
0.036,0.640625,-2.962890625,1.841796875,
0.0365,0.1201171875,-2.8828125,2.2421875,
0.037,-0.560546875,-2.4423828125,2.40234375,
0.0375,-1.0009765625,-2.08203125,2.4423828125,
0.038,-1.44140625,-1.681640625,2.482421875,
0.0385,-1.9619140625,-1.28125,2.5224609375,
0.039,-2.2822265625,-0.720703125,2.40234375,
0.0395,-2.642578125,-0.2001953125,2.2421875,
0.04,-2.802734375,0.48046875,1.76171875,
0.0405,-2.802734375,0.9208984375,1.28125,
0.041,-2.8427734375,1.3212890625,0.9609375,
0.0415,-2.8828125,1.921875,0.48046875,
0.042,-2.7626953125,2.322265625,-0.080078125,
0.0425,-2.322265625,2.5224609375,-0.720703125,
0.043,-1.9619140625,2.6025390625,-1.1611328125,
0.0435,-1.5615234375,2.6826171875,-1.6416015625,
0.044,-1.1611328125,2.72265625,-2.001953125,
0.0445,-0.640625,2.6025390625,-2.4423828125,
0.045,0.0400390625,2.40234375,-2.802734375,
0.0455,0.6806640625,1.8818359375,-2.962890625,
0.046,1.12109375,1.4013671875,-2.9228515625,
0.0465,1.521484375,0.9609375,-2.9228515625,
0.047,2.0419921875,0.560546875,-2.962890625,
0.0475,2.482421875,0,-2.802734375,
0.048,2.642578125,-0.6806640625,-2.40234375,
0.0485,2.6826171875,-1.28125,-1.841796875,
0.049,2.6826171875,-1.76171875,-1.4013671875,
0.0495,2.6826171875,-2.1220703125,-1.0009765625,
0.05,2.5625,-2.6025390625,-0.48046875,
0.0505,2.322265625,-2.962890625,0.16015625,
0.051,1.76171875,-3.1630859375,0.880859375,
0.0515,1.4013671875,-3.0830078125,1.201171875,
0.052,1.0009765625,-3.0830078125,1.5615234375,
0.0525,0.560546875,-3.1630859375,2.001953125,
0.053,-0.0400390625,-2.8828125,2.3623046875,
0.0535,-0.720703125,-2.5625,2.6025390625,
0.054,-1.3212890625,-1.9619140625,2.6826171875,
0.0545,-1.76171875,-1.5615234375,2.5224609375,
0.055,-2.08203125,-1.0810546875,2.5224609375,
0.0555,-2.5625,-0.6005859375,2.482421875,
0.056,-2.9228515625,0.1201171875,2.2021484375,
0.0565,-3.04296875,0.80078125,1.6015625,
0.057,-2.9228515625,1.2412109375,1.12109375,
0.0575,-2.9228515625,1.7216796875,0.6806640625,
0.058,-2.8828125,2.1220703125,0.2802734375,
0.0585,-2.642578125,2.5224609375,-0.3203125,
0.059,-2.2822265625,2.802734375,-1.0009765625,
0.0595,-1.681640625,2.8828125,-1.6416015625,
0.06,-1.3212890625,2.802734375,-1.921875,
0.0605,-0.9208984375,2.72265625,-2.2421875,
0.061,-0.48046875,2.7626953125,-2.72265625,
0.0615,0.2001953125,2.40234375,-3.0029296875,
0.062,0.9208984375,1.8818359375,-3.1630859375,
0.0625,1.4013671875,1.28125,-3.0830078125,
0.063,1.841796875,0.880859375,-3.04296875,
0.0635,2.162109375,0.4404296875,-2.9228515625,
0.064,2.5625,-0.16015625,-2.802734375,
0.0645,2.8828125,-0.80078125,-2.4423828125,
0.065,2.962890625,-1.5615234375,-1.8017578125,
0.0655,2.802734375,-1.8818359375,-1.3212890625,
0.066,2.802734375,-2.322265625,-0.9208984375,
0.0665,2.802734375,-2.802734375,-0.4404296875,
0.067,2.4423828125,-3.1630859375,0.240234375,
0.0675,1.921875,-3.36328125,0.9208984375,
0.068,1.3212890625,-3.36328125,1.4814453125,
0.0685,0.9609375,-3.283203125,1.76171875,
0.069,0.5205078125,-3.1630859375,2.0419921875,
0.0695,0,-3.0830078125,2.5224609375,
0.07,-0.80078125,-2.642578125,2.8427734375,
0.0705,-1.521484375,-2.0419921875,2.8427734375,
0.071,-1.841796875,-1.4814453125,2.6826171875,
0.0715,-2.2822265625,-1.041015625,2.6826171875,
0.072,-2.6025390625,-0.6005859375,2.5625,
0.0725,-2.962890625,0.0400390625,2.322265625,
0.073,-3.203125,0.7607421875,1.841796875,
0.0735,-3.1630859375,1.4814453125,1.12109375,
0.074,-2.962890625,1.76171875,0.6806640625,
0.0745,-2.8828125,2.162109375,0.240234375,
0.075,-2.8427734375,2.6025390625,-0.3203125,
0.0755,-2.322265625,2.8828125,-1.041015625,
0.076,-1.8017578125,3.0029296875,-1.6416015625,
0.0765,-1.28125,2.8828125,-2.001953125,
0.077,-0.9609375,2.8427734375,-2.3623046875,
0.0775,-0.5205078125,2.642578125,-2.6025390625,
0.078,0.0400390625,2.5224609375,-3.0029296875,
0.0785,0.7607421875,2.0419921875,-3.2431640625,
0.079,1.44140625,1.4013671875,-3.203125,
0.0795,1.7216796875,0.9609375,-2.962890625,
0.08,2.1220703125,0.48046875,-2.962890625,
0.0805,2.5224609375,0.0400390625,-2.9228515625,
0.081,2.802734375,-0.640625,-2.5625,
0.0815,2.9228515625,-1.28125,-2.08203125,
0.082,2.8427734375,-1.8818359375,-1.44140625,
0.0825,2.802734375,-2.2021484375,-1.0810546875,
0.083,2.72265625,-2.5625,-0.640625,
0.0835,2.642578125,-3.04296875,-0.1201171875,
0.084,2.162109375,-3.283203125,0.640625,
0.0845,1.5615234375,-3.36328125,1.28125,
0.085,1.1611328125,-3.203125,1.521484375,
0.0855,0.7607421875,-3.283203125,1.9619140625,
0.086,0.2802734375,-3.203125,2.3623046875,
0.0865,-0.3603515625,-2.962890625,2.6025390625,
0.087,-1.041015625,-2.4423828125,2.8427734375,
0.0875,-1.7216796875,-1.7216796875,2.802734375,
0.088,-2.001953125,-1.28125,2.642578125,
0.0885,-2.4423828125,-0.80078125,2.6025390625,
0.089,-2.8828125,-0.3203125,2.5625,
0.0895,-3.1630859375,0.48046875,2.0419921875,
0.09,-3.203125,1.0810546875,1.521484375,
0.0905,-3.0830078125,1.6015625,0.9208984375,
0.091,-3.0830078125,2.0419921875,0.5205078125,
0.0915,-2.8828125,2.40234375,0,
0.092,-2.72265625,2.802734375,-0.6005859375,
0.0925,-2.162109375,3.0830078125,-1.4013671875,
0.093,-1.521484375,3.04296875,-2.001953125,
0.0935,-1.12109375,2.8427734375,-2.2021484375,
0.094,-0.640625,2.8427734375,-2.6025390625,
0.0945,-0.1201171875,2.6826171875,-3.0830078125,
0.095,0.640625,2.2021484375,-3.203125,
0.0955,1.28125,1.681640625,-3.36328125,
0.096,1.841796875,1.0009765625,-3.203125,
0.0965,2.1220703125,0.6005859375,-3.0830078125,
0.097,2.4423828125,0.080078125,-2.8828125,
0.0975,2.8828125,-0.48046875,-2.8427734375,
0.098,3.0830078125,-1.28125,-2.2021484375,
0.0985,3.0029296875,-1.8818359375,-1.5615234375,
0.099,2.8427734375,-2.2021484375,-1.041015625,
0.0995,2.8427734375,-2.6826171875,-0.640625,
0.1,2.6025390625,-3.0830078125,0,
0.1005,2.2021484375,-3.283203125,0.640625,
0.101,1.6416015625,-3.4833984375,1.28125,
0.1015,1.12109375,-3.443359375,1.76171875,
0.102,0.7607421875,-3.283203125,1.921875,
0.1025,0.240234375,-3.203125,2.2822265625,
0.103,-0.3203125,-3.0830078125,2.7626953125,
0.1035,-1.12109375,-2.4423828125,2.8828125,
0.104,-1.6416015625,-1.921875,2.8828125,
0.1045,-2.08203125,-1.28125,2.72265625,
0.105,-2.482421875,-0.8408203125,2.6826171875,
0.1055,-2.7626953125,-0.3203125,2.482421875,
0.106,-3.203125,0.2802734375,2.2822265625,
0.1065,-3.283203125,1.12109375,1.6416015625,
0.107,-3.203125,1.6015625,1.0009765625,
0.1075,-3.0029296875,1.921875,0.560546875,
0.108,-3.04296875,2.4423828125,0.080078125,
0.1085,-2.8427734375,2.8427734375,-0.6005859375,
0.109,-2.2021484375,3.04296875,-1.28125,
0.1095,-1.76171875,3.123046875,-1.8818359375,
0.11,-1.1611328125,3.0029296875,-2.322265625,
0.1105,-0.80078125,2.8828125,-2.6025390625,
0.111,-0.2802734375,2.7626953125,-2.8828125,
0.1115,0.3603515625,2.642578125,-3.36328125,
0.112,1.28125,1.8818359375,-3.443359375,
0.1125,1.76171875,1.2412109375,-3.283203125,
0.113,2.08203125,0.6806640625,-3.0830078125,
0.1135,2.5224609375,0.240234375,-3.123046875,
0.114,2.8427734375,-0.4404296875,-2.8427734375,
0.1145,3.123046875,-1.1611328125,-2.3623046875,
0.115,3.1630859375,-1.8017578125,-1.76171875,
0.1155,3.0029296875,-2.322265625,-1.1611328125,
0.116,2.802734375,-2.6025390625,-0.6806640625,
0.1165,2.72265625,-3.04296875,-0.2001953125,
0.117,2.5224609375,-3.4833984375,0.4404296875,
0.1175,1.76171875,-3.603515625,1.28125,
0.118,1.2412109375,-3.5234375,1.6416015625,
0.1185,0.720703125,-3.4033203125,2.001953125,
0.119,0.3203125,-3.2431640625,2.40234375,
0.1195,-0.2802734375,-2.9228515625,2.6025390625,
0.12,-0.9609375,-2.6025390625,2.9228515625,
0.1205,-1.681640625,-1.921875,2.9228515625,
0.121,-2.0419921875,-1.361328125,2.7626953125,
0.1215,-2.322265625,-0.9208984375,2.5625,
0.122,-2.7626953125,-0.4404296875,2.5625,
0.1225,-3.0830078125,0.16015625,2.40234375,
0.123,-3.203125,0.880859375,1.76171875,
0.1235,-3.1630859375,1.4013671875,1.201171875,
0.124,-3.04296875,1.8818359375,0.640625,
0.1245,-2.962890625,2.2021484375,0.240234375,
0.125,-2.7626953125,2.5625,-0.3203125,
0.1255,-2.5625,2.8828125,-0.9208984375,
0.126,-1.841796875,2.962890625,-1.6416015625,
0.1265,-1.44140625,2.8427734375,-1.9619140625,
0.127,-1.0009765625,2.8427734375,-2.2822265625,
0.1275,-0.6005859375,2.8427734375,-2.6826171875,
0.128,0,2.642578125,-3.0029296875,
0.1285,0.640625,2.2021484375,-3.203125,
0.129,1.28125,1.6416015625,-3.2431640625,
0.1295,1.7216796875,1.041015625,-3.0830078125,
0.13,2.0419921875,0.640625,-2.962890625,
0.1305,2.482421875,0.1201171875,-2.9228515625,
0.131,2.8828125,-0.4404296875,-2.802734375,
0.1315,2.9228515625,-1.1611328125,-2.162109375,
0.132,2.8427734375,-1.6416015625,-1.6416015625,
0.1325,2.8427734375,-2.1220703125,-1.1611328125,
0.133,2.8427734375,-2.5625,-0.7607421875,
0.1335,2.6025390625,-2.9228515625,-0.16015625,
0.134,2.2822265625,-3.2431640625,0.4404296875,
0.1345,1.6416015625,-3.36328125,1.0810546875,
0.135,1.28125,-3.203125,1.4013671875,
0.1355,0.880859375,-3.1630859375,1.76171875,
0.136,0.400390625,-3.203125,2.2421875,
0.1365,-0.2001953125,-2.962890625,2.5625,
0.137,-0.9208984375,-2.40234375,2.6826171875,
0.1375,-1.4013671875,-1.9619140625,2.6826171875,
0.138,-1.8818359375,-1.361328125,2.6025390625,
0.1385,-2.2421875,-1.0009765625,2.5625,
0.139,-2.6025390625,-0.48046875,2.4423828125,
0.1395,-2.9228515625,0.16015625,2.2021484375,
0.14,-3.04296875,0.880859375,1.5615234375,
0.1405,-2.8828125,1.201171875,1.12109375,
0.141,-2.8828125,1.6416015625,0.6806640625,
0.1415,-2.8828125,2.1220703125,0.240234375,
0.142,-2.72265625,2.482421875,-0.3203125,
0.1425,-2.2822265625,2.642578125,-0.9609375,
0.143,-1.8017578125,2.7626953125,-1.44140625,
0.1435,-1.361328125,2.6826171875,-1.8017578125,
0.144,-1.0009765625,2.6826171875,-2.1220703125,
0.1445,-0.5205078125,2.642578125,-2.5625,
0.145,0.0400390625,2.482421875,-2.9228515625,
0.1455,0.720703125,1.8818359375,-2.962890625,
0.146,1.12109375,1.44140625,-2.8828125,
0.1465,1.5615234375,0.9609375,-2.8828125,
0.147,2.001953125,0.560546875,-2.9228515625,
0.1475,2.40234375,0.080078125,-2.8427734375,
0.148,2.642578125,-0.5205078125,-2.5625,
0.1485,2.6826171875,-1.1611328125,-1.9619140625,
0.149,2.642578125,-1.5615234375,-1.521484375,
0.1495,2.6826171875,-2.001953125,-1.1611328125,
0.15,2.72265625,-2.5625,-0.640625,
0.1505,2.5224609375,-2.9228515625,-0.1201171875,
0.151,2.001953125,-3.04296875,0.5205078125,
0.1515,1.6416015625,-3.0830078125,0.9609375,
0.152,1.201171875,-3.1630859375,1.361328125,
0.1525,0.7607421875,-3.1630859375,1.841796875,
0.153,0.2802734375,-3.04296875,2.2021484375,
0.1535,-0.3603515625,-2.802734375,2.5625,
0.154,-1.041015625,-2.2021484375,2.642578125,
0.1545,-1.44140625,-1.76171875,2.5625,
0.155,-1.921875,-1.28125,2.5625,
0.1555,-2.4423828125,-0.80078125,2.6025390625,
0.156,-2.7626953125,-0.2802734375,2.40234375,
0.1565,-2.9228515625,0.4404296875,1.921875,
0.157,-2.9228515625,0.9609375,1.4013671875,
0.1575,-2.9228515625,1.4013671875,0.880859375,
0.158,-2.8828125,1.841796875,0.48046875,
0.1585,-2.8427734375,2.2421875,-0.0400390625,
0.159,-2.482421875,2.6826171875,-0.6806640625,
0.1595,-1.921875,2.802734375,-1.361328125,
0.16,-1.5615234375,2.6826171875,-1.6416015625,
0.1605,-1.1611328125,2.72265625,-2.08203125,
0.161,-0.640625,2.72265625,-2.482421875,
0.1615,-0.1201171875,2.5224609375,-2.802734375,
0.162,0.560546875,2.08203125,-3.04296875,
0.1625,1.1611328125,1.521484375,-3.0029296875,
0.163,1.521484375,1.041015625,-2.8828125,
0.1635,1.841796875,0.640625,-2.8828125,
0.164,2.322265625,0.16015625,-2.8427734375,
0.1645,2.6025390625,-0.48046875,-2.5625,
0.165,2.6826171875,-1.0810546875,-2.0419921875,
0.1655,2.642578125,-1.521484375,-1.6015625,
0.166,2.6826171875,-2.001953125,-1.201171875,
0.1665,2.642578125,-2.4423828125,-0.80078125,
0.167,2.5224609375,-2.72265625,-0.2802734375,
0.1675,2.2021484375,-3.04296875,0.3603515625,
0.168,1.6015625,-3.123046875,0.9609375,
0.1685,1.28125,-3.0830078125,1.28125,
0.169,0.880859375,-3.0830078125,1.6416015625,
0.1695,0.400390625,-3.0830078125,2.162109375,
0.17,-0.2001953125,-2.8427734375,2.482421875,
0.1705,-0.8408203125,-2.3623046875,2.6025390625,
0.171,-1.3212890625,-1.8818359375,2.6025390625,
0.1715,-1.8017578125,-1.4013671875,2.6025390625,
0.172,-2.2021484375,-1.0009765625,2.5625,
0.1725,-2.642578125,-0.48046875,2.5224609375,
0.173,-2.962890625,0.16015625,2.2021484375,
0.1735,-2.962890625,0.8408203125,1.5615234375,
0.174,-2.8828125,1.201171875,1.12109375,
0.1745,-2.962890625,1.76171875,0.6005859375,
0.175,-2.9228515625,2.2421875,0.16015625,
0.1755,-2.6025390625,2.5625,-0.48046875,
0.176,-2.162109375,2.802734375,-1.12109375,
0.1765,-1.6416015625,2.802734375,-1.6416015625,
0.177,-1.28125,2.7626953125,-1.9619140625,
0.1775,-0.8408203125,2.6826171875,-2.2822265625,
0.178,-0.3203125,2.642578125,-2.72265625,
0.1785,0.3603515625,2.2421875,-3.0029296875,
0.179,1.0009765625,1.6416015625,-3.04296875,
0.1795,1.3212890625,1.201171875,-2.8828125,
0.18,1.8017578125,0.7607421875,-2.9228515625,
0.1805,2.2021484375,0.3203125,-2.8427734375,
0.181,2.5224609375,-0.240234375,-2.642578125,
0.1815,2.72265625,-0.9208984375,-2.2822265625,
0.182,2.6826171875,-1.4814453125,-1.6416015625,
0.1825,2.5625,-1.8017578125,-1.3212890625,
0.183,2.5625,-2.162109375,-0.9208984375,
0.1835,2.5625,-2.6025390625,-0.4404296875,
0.184,2.2421875,-2.8828125,0.16015625,
0.1845,1.76171875,-2.962890625,0.720703125,
0.185,1.4013671875,-2.962890625,1.0810546875,
0.1855,1.041015625,-3.04296875,1.44140625,
0.186,0.6005859375,-2.962890625,1.8017578125,
0.1865,0.1201171875,-2.8828125,2.162109375,
0.187,-0.48046875,-2.6025390625,2.482421875,
0.1875,-1.0009765625,-2.0419921875,2.482421875,
0.188,-1.361328125,-1.6416015625,2.40234375,
0.1885,-1.8818359375,-1.2412109375,2.482421875,
0.189,-2.322265625,-0.80078125,2.5224609375,
0.1895,-2.6025390625,-0.2802734375,2.2421875,
0.19,-2.7626953125,0.2802734375,1.921875,
0.1905,-2.8427734375,0.7607421875,1.4013671875,
0.191,-2.8427734375,1.28125,1.0009765625,
0.1915,-2.8427734375,1.76171875,0.6005859375,
0.192,-2.8427734375,2.2021484375,0.1201171875,
0.1925,-2.5224609375,2.482421875,-0.48046875,
0.193,-2.0419921875,2.5625,-1.0009765625,
0.1935,-1.7216796875,2.6025390625,-1.361328125,
0.194,-1.28125,2.6826171875,-1.8818359375,
0.1945,-0.80078125,2.6826171875,-2.2822265625,
0.195,-0.2802734375,2.482421875,-2.6025390625,
0.1955,0.3203125,2.162109375,-2.8828125,
0.196,0.880859375,1.6416015625,-2.8828125,
0.1965,1.28125,1.2412109375,-2.8828125,
0.197,1.76171875,0.80078125,-2.9228515625,
0.1975,2.2421875,0.2802734375,-2.9228515625,
0.198,2.5224609375,-0.3203125,-2.6025390625,
0.1985,2.5625,-0.9208984375,-2.162109375,
0.199,2.6025390625,-1.28125,-1.7216796875,
0.1995,2.6826171875,-1.841796875,-1.3212890625,
0.2,2.642578125,-2.2822265625,-0.880859375,
0.2005,2.482421875,-2.6025390625,-0.3203125,
0.201,2.162109375,-2.8828125,0.2802734375,
0.2015,1.6416015625,-2.962890625,0.7607421875,
0.202,1.3212890625,-2.962890625,1.0810546875,
0.2025,0.9208984375,-2.962890625,1.521484375,
0.203,0.48046875,-2.962890625,1.9619140625,
0.2035,-0.16015625,-2.642578125,2.2421875,
0.204,-0.6806640625,-2.2822265625,2.40234375,
0.2045,-1.1611328125,-1.8818359375,2.40234375,
0.205,-1.6015625,-1.44140625,2.482421875,
0.2055,-2.001953125,-1.0810546875,2.40234375,
0.206,-2.4423828125,-0.6005859375,2.3623046875,
0.2065,-2.6826171875,0,2.0419921875,
0.207,-2.6826171875,0.560546875,1.5615234375,
0.2075,-2.72265625,0.9609375,1.2412109375,
0.208,-2.802734375,1.4814453125,0.7607421875,
0.2085,-2.802734375,1.921875,0.3603515625,
0.209,-2.5224609375,2.2421875,-0.2001953125,
0.2095,-2.2421875,2.482421875,-0.720703125,
0.21,-1.841796875,2.5224609375,-1.201171875,
0.2105,-1.44140625,2.5625,-1.6015625,
0.211,-1.0810546875,2.6025390625,-1.9619140625,
0.2115,-0.6005859375,2.6025390625,-2.4423828125,
0.212,0,2.322265625,-2.72265625,
0.2125,0.560546875,1.841796875,-2.72265625,
0.213,0.9609375,1.44140625,-2.8427734375,
0.2135,1.521484375,0.9609375,-2.8828125,
0.214,1.921875,0.5205078125,-2.8828125,
0.2145,2.2421875,0,-2.72265625,
0.215,2.5224609375,-0.5205078125,-2.40234375,
0.2155,2.5625,-1.0810546875,-1.9619140625,
0.216,2.6025390625,-1.4814453125,-1.5615234375,
0.2165,2.642578125,-1.9619140625,-1.1611328125,
0.217,2.6826171875,-2.482421875,-0.640625,
0.2175,2.322265625,-2.72265625,0,
0.218,1.921875,-2.8828125,0.48046875,
0.2185,1.5615234375,-2.962890625,0.880859375,
0.219,1.1611328125,-3.04296875,1.3212890625,
0.2195,0.720703125,-2.962890625,1.76171875,
0.22,0.16015625,-2.8427734375,2.08203125,
0.2205,-0.400390625,-2.5224609375,2.40234375,
0.221,-1.0009765625,-2.0419921875,2.40234375,
0.2215,-1.361328125,-1.681640625,2.40234375,
0.222,-1.8818359375,-1.28125,2.482421875,
0.2225,-2.3623046875,-0.80078125,2.4423828125,
0.223,-2.6025390625,-0.16015625,2.162109375,
0.2235,-2.6826171875,0.3603515625,1.76171875,
0.224,-2.72265625,0.9208984375,1.28125,
0.2245,-2.8427734375,1.3212890625,0.9208984375,
0.225,-2.7626953125,1.76171875,0.48046875,
0.2255,-2.6826171875,2.2021484375,0,
0.226,-2.3623046875,2.482421875,-0.640625,
0.2265,-1.921875,2.5224609375,-1.12109375,
0.227,-1.6015625,2.5625,-1.44140625,
0.2275,-1.1611328125,2.642578125,-1.9619140625,
0.228,-0.640625,2.6025390625,-2.3623046875,
0.2285,-0.1201171875,2.322265625,-2.6025390625,
0.229,0.48046875,1.9619140625,-2.8427734375,
0.2295,0.9609375,1.44140625,-2.8427734375,
0.23,1.4013671875,1.0810546875,-2.8427734375,
0.2305,1.841796875,0.6005859375,-2.8828125,
0.231,2.2822265625,0.16015625,-2.8427734375,
0.2315,2.5224609375,-0.48046875,-2.482421875,
0.232,2.5224609375,-1.0009765625,-2.001953125,
0.2325,2.5625,-1.4013671875,-1.6015625,
0.233,2.6826171875,-1.9619140625,-1.201171875,
0.2335,2.6025390625,-2.3623046875,-0.720703125,
0.234,2.3623046875,-2.642578125,-0.16015625,
0.2345,2.0419921875,-2.9228515625,0.3603515625,
0.235,1.6015625,-2.962890625,0.880859375,
0.2355,1.28125,-2.962890625,1.2412109375,
0.236,0.80078125,-3.0029296875,1.6416015625,
0.2365,0.3203125,-2.962890625,2.1220703125,
0.237,-0.3203125,-2.6025390625,2.3623046875,
0.2375,-0.8408203125,-2.2421875,2.40234375,
0.238,-1.28125,-1.8017578125,2.4423828125,
0.2385,-1.8017578125,-1.361328125,2.482421875,
0.239,-2.1220703125,-0.9208984375,2.40234375,
0.2395,-2.5224609375,-0.3603515625,2.2421875,
0.24,-2.72265625,0.240234375,1.921875,
0.2405,-2.72265625,0.7607421875,1.4013671875,
0.241,-2.7626953125,1.12109375,1.0810546875,
0.2415,-2.802734375,1.6416015625,0.6005859375,
0.242,-2.802734375,2.08203125,0.2001953125,
0.2425,-2.4423828125,2.3623046875,-0.400390625,
0.243,-2.08203125,2.5224609375,-0.9208984375,
0.2435,-1.681640625,2.5625,-1.3212890625,
0.244,-1.3212890625,2.5625,-1.76171875,
0.2445,-0.880859375,2.5625,-2.1220703125,
0.245,-0.3603515625,2.482421875,-2.5625,
0.2455,0.240234375,2.08203125,-2.7626953125,
0.246,0.720703125,1.6015625,-2.7626953125,
0.2465,1.12109375,1.2412109375,-2.8427734375,
0.247,1.6416015625,0.8408203125,-2.8828125,
0.2475,2.08203125,0.3603515625,-2.8427734375,
0.248,2.3623046875,-0.16015625,-2.6025390625,
0.2485,2.5224609375,-0.720703125,-2.2421875,
0.249,2.5625,-1.2412109375,-1.76171875,
0.2495,2.642578125,-1.6416015625,-1.4013671875,
0.25,2.6025390625,-2.1220703125,-1.0009765625,
0.2505,2.5625,-2.6025390625,-0.48046875,
0.251,2.2021484375,-2.8828125,0.16015625,
0.2515,1.8017578125,-2.9228515625,0.6005859375,
0.252,1.44140625,-2.962890625,1.041015625,
0.2525,1.0009765625,-3.0830078125,1.5615234375,
0.253,0.560546875,-3.0029296875,1.921875,
0.2535,-0.080078125,-2.802734375,2.2421875,
0.254,-0.6806640625,-2.4423828125,2.5224609375,
0.2545,-1.2412109375,-1.921875,2.5224609375,
0.255,-1.6416015625,-1.4814453125,2.5224609375,
0.2555,-2.1220703125,-1.0009765625,2.5224609375,
0.256,-2.6025390625,-0.48046875,2.5224609375,
0.2565,-2.8427734375,0.240234375,2.0419921875,
0.257,-2.8427734375,0.720703125,1.5615234375,
0.2575,-2.8828125,1.2412109375,1.0810546875,
0.258,-2.962890625,1.76171875,0.6806640625,
0.2585,-2.7626953125,2.162109375,0.1201171875,
0.259,-2.5224609375,2.5224609375,-0.5205078125,
0.2595,-2.0419921875,2.72265625,-1.1611328125,
0.26,-1.6015625,2.72265625,-1.6015625,
0.2605,-1.2412109375,2.6826171875,-1.921875,
0.261,-0.640625,2.6826171875,-2.482421875,
0.2615,-0.2001953125,2.5625,-2.8427734375,
0.262,0.5205078125,2.0419921875,-2.962890625,
0.2625,1.041015625,1.6015625,-3.04296875,
0.263,1.521484375,1.0810546875,-2.962890625,
0.2635,1.921875,0.640625,-2.9228515625,
0.264,2.322265625,0.1201171875,-2.802734375,
0.2645,2.6826171875,-0.5205078125,-2.6025390625,
0.265,2.8427734375,-1.2412109375,-2.001953125,
0.2655,2.7626953125,-1.6416015625,-1.5615234375,
0.266,2.6826171875,-2.001953125,-1.12109375,
0.2665,2.72265625,-2.5625,-0.640625,
0.267,2.5224609375,-2.9228515625,0,
0.2675,2.0419921875,-3.203125,0.640625,
0.268,1.5615234375,-3.2431640625,1.201171875,
0.2685,1.12109375,-3.203125,1.5615234375,
0.269,0.640625,-3.2431640625,1.8818359375,
0.2695,0.2001953125,-3.0830078125,2.2421875,
0.27,-0.48046875,-2.8427734375,2.6826171875,
0.2705,-1.2412109375,-2.2021484375,2.7626953125,
0.271,-1.6015625,-1.681640625,2.6826171875,
0.2715,-2.001953125,-1.2412109375,2.5625,
0.272,-2.4423828125,-0.80078125,2.6025390625,
0.2725,-2.7626953125,-0.16015625,2.3623046875,
0.273,-3.0830078125,0.48046875,1.9619140625,
0.2735,-3.1630859375,1.201171875,1.361328125,
0.274,-2.962890625,1.5615234375,0.880859375,
0.2745,-2.9228515625,1.921875,0.4404296875,
0.275,-2.8828125,2.4423828125,-0.080078125,
0.2755,-2.6025390625,2.8427734375,-0.720703125,
0.276,-1.9619140625,3.0029296875,-1.4814453125,
0.2765,-1.521484375,2.9228515625,-1.8818359375,
0.277,-1.041015625,2.9228515625,-2.2822265625,
0.2775,-0.640625,2.802734375,-2.6025390625,
0.278,0,2.5224609375,-2.962890625,
0.2785,0.6806640625,2.2421875,-3.283203125,
0.279,1.44140625,1.5615234375,-3.36328125,
0.2795,1.76171875,1.0009765625,-3.1630859375,
0.28,2.162109375,0.560546875,-3.04296875,
0.2805,2.6025390625,0.0400390625,-3.04296875,
0.281,2.9228515625,-0.640625,-2.72265625,
0.2815,3.123046875,-1.361328125,-2.1220703125,
0.282,3.0029296875,-1.9619140625,-1.44140625,
0.2825,2.8828125,-2.3623046875,-1.0009765625,
0.283,2.7626953125,-2.72265625,-0.5205078125,
0.2835,2.5625,-3.1630859375,0.0400390625,
0.284,2.162109375,-3.4833984375,0.80078125,
0.2845,1.4814453125,-3.5634765625,1.5615234375,
0.285,1.0009765625,-3.4033203125,1.76171875,
0.2855,0.6005859375,-3.3232421875,2.1220703125,
0.286,0.1201171875,-3.203125,2.5224609375,
0.2865,-0.560546875,-2.8427734375,2.7626953125,
0.287,-1.28125,-2.322265625,2.962890625,
0.2875,-1.921875,-1.6015625,2.8828125,
0.288,-2.2021484375,-1.1611328125,2.6826171875,
0.2885,-2.5224609375,-0.6806640625,2.5224609375,
0.289,-2.9228515625,-0.16015625,2.482421875,
0.2895,-3.203125,0.6005859375,2.0419921875,
0.29,-3.203125,1.28125,1.4013671875,
0.2905,-3.0830078125,1.6416015625,0.880859375,
0.291,-3.0029296875,2.0419921875,0.4404296875,
0.2915,-2.8828125,2.40234375,0,
0.292,-2.642578125,2.72265625,-0.640625,
0.2925,-2.2421875,3.04296875,-1.28125,
0.293,-1.6015625,3.04296875,-1.921875,
0.2935,-1.1611328125,2.8427734375,-2.1220703125,
0.294,-0.7607421875,2.7626953125,-2.482421875,
0.2945,-0.3203125,2.802734375,-2.8828125,
0.295,0.3603515625,2.4423828125,-3.1630859375,
0.2955,1.041015625,1.8818359375,-3.2431640625,
0.296,1.5615234375,1.28125,-3.203125,
0.2965,1.921875,0.7607421875,-3.0830078125,
0.297,2.2822265625,0.3203125,-2.962890625,
0.2975,2.6826171875,-0.2001953125,-2.8828125,
0.298,3.0029296875,-0.880859375,-2.5224609375,
0.2985,3.0029296875,-1.6015625,-1.841796875,
0.299,2.8427734375,-1.9619140625,-1.361328125,
0.2995,2.8427734375,-2.40234375,-0.9208984375,
0.3,2.8427734375,-2.8828125,-0.48046875,
0.3005,2.5224609375,-3.203125,0.16015625,
0.301,2.0419921875,-3.443359375,0.880859375,
0.3015,1.4013671875,-3.4033203125,1.44140625,
0.302,1.0009765625,-3.283203125,1.7216796875,
0.3025,0.560546875,-3.203125,2.0419921875,
0.303,0,-3.1630859375,2.5224609375,
0.3035,-0.7607421875,-2.72265625,2.8427734375,
0.304,-1.4013671875,-2.08203125,2.8427734375,
0.3045,-1.8017578125,-1.6015625,2.72265625,
0.305,-2.2421875,-1.12109375,2.6826171875,
0.3055,-2.6025390625,-0.640625,2.6025390625,
0.306,-2.962890625,-0.0400390625,2.40234375,
0.3065,-3.203125,0.6806640625,1.921875,
0.307,-3.1630859375,1.4013671875,1.201171875,
0.3075,-2.962890625,1.6416015625,0.7607421875,
0.308,-2.962890625,2.1220703125,0.2802734375,
0.3085,-2.8828125,2.5625,-0.240234375,
0.309,-2.40234375,2.8427734375,-0.9609375,
0.3095,-1.8818359375,2.9228515625,-1.6015625,
0.31,-1.361328125,2.8828125,-2.001953125,
0.3105,-1.0009765625,2.8427734375,-2.2822265625,
0.311,-0.5205078125,2.72265625,-2.6025390625,
0.3115,0,2.6025390625,-3.04296875,
0.312,0.7607421875,2.162109375,-3.2431640625,
0.3125,1.4013671875,1.44140625,-3.203125,
0.313,1.681640625,0.9609375,-3.0029296875,
0.3135,2.162109375,0.5205078125,-3.04296875,
0.314,2.5224609375,0,-2.9228515625,
0.3145,2.8427734375,-0.640625,-2.5625,
0.315,3.0029296875,-1.28125,-2.08203125,
0.3155,2.8828125,-1.8818359375,-1.44140625,
0.316,2.802734375,-2.2021484375,-1.041015625,
0.3165,2.72265625,-2.6025390625,-0.6005859375,
0.317,2.642578125,-3.1630859375,0,
0.3175,2.1220703125,-3.36328125,0.6806640625,
0.318,1.5615234375,-3.443359375,1.28125,
0.3185,1.12109375,-3.283203125,1.6015625,
0.319,0.6806640625,-3.283203125,2.0419921875,
0.3195,0.2001953125,-3.1630859375,2.40234375,
0.32,-0.4404296875,-2.8828125,2.6826171875,
0.3205,-1.1611328125,-2.40234375,2.9228515625,
0.321,-1.8017578125,-1.681640625,2.8427734375,
0.3215,-2.08203125,-1.2412109375,2.642578125,
0.322,-2.5224609375,-0.720703125,2.6025390625,
0.3225,-2.962890625,-0.16015625,2.5224609375,
0.323,-3.1630859375,0.6005859375,2.001953125,
0.3235,-3.203125,1.201171875,1.44140625,
0.324,-3.0830078125,1.7216796875,0.8408203125,
0.3245,-3.04296875,2.08203125,0.4404296875,
0.325,-2.8828125,2.4423828125,-0.1201171875,
0.3255,-2.6826171875,2.8427734375,-0.720703125,
0.326,-2.08203125,3.0830078125,-1.5615234375,
0.3265,-1.4814453125,3.04296875,-2.0419921875,
0.327,-1.0810546875,2.8828125,-2.2822265625,
0.3275,-0.640625,2.8427734375,-2.642578125,
0.328,0,2.6826171875,-3.0830078125,
0.3285,0.720703125,2.2021484375,-3.2431640625,
0.329,1.28125,1.6416015625,-3.36328125,
0.3295,1.841796875,1.0009765625,-3.203125,
0.33,2.08203125,0.560546875,-3.0029296875,
0.3305,2.482421875,0.080078125,-2.8828125,
0.331,2.9228515625,-0.5205078125,-2.8427734375,
0.3315,3.04296875,-1.3212890625,-2.1220703125,
0.332,2.9228515625,-1.8017578125,-1.5615234375,
0.3325,2.802734375,-2.2421875,-1.041015625,
0.333,2.802734375,-2.6826171875,-0.640625,
0.3335,2.5625,-3.04296875,0,
0.334,2.2822265625,-3.2431640625,0.6005859375,
0.3345,1.681640625,-3.443359375,1.2412109375,
0.335,1.12109375,-3.3232421875,1.6416015625,
0.3355,0.7607421875,-3.203125,1.8818359375,
0.336,0.3203125,-3.123046875,2.2421875,
0.3365,-0.2802734375,-3.0029296875,2.6826171875,
0.337,-1.0009765625,-2.4423828125,2.802734375,
0.3375,-1.44140625,-1.9619140625,2.7626953125,
0.338,-1.9619140625,-1.361328125,2.642578125,
0.3385,-2.2822265625,-0.9609375,2.5625,
0.339,-2.642578125,-0.4404296875,2.482421875,
0.3395,-3.04296875,0.1201171875,2.2822265625,
0.34,-3.1630859375,0.9208984375,1.681640625,
0.3405,-3.0029296875,1.3212890625,1.12109375,
0.341,-2.9228515625,1.6416015625,0.6806640625,
0.3415,-2.962890625,2.2021484375,0.240234375,
0.342,-2.8828125,2.4423828125,-0.3603515625,
0.3425,-2.322265625,2.802734375,-1.0009765625,
0.343,-1.8818359375,2.9228515625,-1.521484375,
0.3435,-1.361328125,2.8427734375,-1.9619140625,
0.344,-1.0009765625,2.802734375,-2.2421875,
0.3445,-0.5205078125,2.72265625,-2.6025390625,
0.345,0.0400390625,2.642578125,-3.0830078125,
0.3455,0.80078125,2.0419921875,-3.203125,
0.346,1.28125,1.44140625,-3.0830078125,
0.3465,1.7216796875,0.9609375,-3.04296875,
0.347,2.162109375,0.5205078125,-3.04296875,
0.3475,2.5224609375,0,-2.8427734375,
0.348,2.802734375,-0.640625,-2.5224609375,
0.3485,2.8828125,-1.3212890625,-2.001953125,
0.349,2.802734375,-1.8017578125,-1.44140625,
0.3495,2.72265625,-2.2021484375,-1.041015625,
0.35,2.7626953125,-2.6025390625,-0.560546875,
0.3505,2.5625,-3.0830078125,0,
0.351,1.9619140625,-3.203125,0.7607421875,
0.3515,1.521484375,-3.203125,1.1611328125,
0.352,1.12109375,-3.1630859375,1.5615234375,
0.3525,0.6806640625,-3.1630859375,1.921875,
0.353,0.16015625,-2.962890625,2.2421875,
0.3535,-0.5205078125,-2.72265625,2.5625,
0.354,-1.1611328125,-2.2021484375,2.72265625,
0.3545,-1.521484375,-1.6416015625,2.5625,
0.355,-1.8818359375,-1.28125,2.5224609375,
0.3555,-2.3623046875,-0.80078125,2.5224609375,
0.356,-2.72265625,-0.2802734375,2.40234375,
0.3565,-2.8828125,0.400390625,1.921875,
0.357,-2.8828125,0.880859375,1.4013671875,
0.3575,-2.8828125,1.3212890625,0.9609375,
0.358,-2.8828125,1.6416015625,0.5205078125,
0.3585,-2.72265625,2.2021484375,0.0400390625,
0.359,-2.6025390625,2.5625,-0.5205078125,
0.3595,-2.0419921875,2.72265625,-1.201171875,
0.36,-1.6416015625,2.6826171875,-1.4814453125,
0.3605,-1.28125,2.6826171875,-1.8818359375,
0.361,-0.8408203125,2.7626953125,-2.322265625,
0.3615,-0.3603515625,2.642578125,-2.6826171875,
0.362,0.2802734375,2.2822265625,-2.9228515625,
0.3625,0.880859375,1.841796875,-3.0830078125,
0.363,1.3212890625,1.28125,-2.962890625,
0.3635,1.76171875,0.880859375,-2.962890625,
0.364,2.2421875,0.3603515625,-2.9228515625,
0.3645,2.642578125,-0.2001953125,-2.8427734375,
0.365,2.802734375,-1.0009765625,-2.2822265625,
0.3655,2.7626953125,-1.44140625,-1.841796875,
0.366,2.72265625,-1.9619140625,-1.3212890625,
0.3665,2.8427734375,-2.3623046875,-0.9208984375,
0.367,2.642578125,-2.7626953125,-0.3203125,
0.3675,2.322265625,-3.1630859375,0.3203125,
0.368,1.76171875,-3.283203125,1.0009765625,
0.3685,1.3212890625,-3.203125,1.3212890625,
0.369,0.9208984375,-3.203125,1.7216796875,
0.3695,0.4404296875,-3.203125,2.2421875,
0.37,-0.2802734375,-2.962890625,2.6025390625,
0.3705,-1.0009765625,-2.3623046875,2.72265625,
0.371,-1.44140625,-1.8818359375,2.6826171875,
0.3715,-1.9619140625,-1.361328125,2.642578125,
0.372,-2.2822265625,-0.9208984375,2.5625,
0.3725,-2.642578125,-0.3603515625,2.40234375,
0.373,-3.0029296875,0.2802734375,2.08203125,
0.3735,-3.0830078125,1.0009765625,1.44140625,
0.374,-2.8828125,1.28125,0.9609375,
0.3745,-2.8828125,1.76171875,0.560546875,
0.375,-2.8427734375,2.2421875,0.1201171875,
0.3755,-2.6025390625,2.5625,-0.5205078125,
0.376,-2.08203125,2.7626953125,-1.1611328125,
0.3765,-1.6015625,2.802734375,-1.6416015625,
0.377,-1.2412109375,2.6826171875,-1.9619140625,
0.3775,-0.8408203125,2.6025390625,-2.2421875,
0.378,-0.3603515625,2.5224609375,-2.6025390625,
0.3785,0.2802734375,2.322265625,-3.0029296875,
0.379,0.9208984375,1.7216796875,-3.04296875,
0.3795,1.2412109375,1.28125,-2.9228515625,
0.38,1.681640625,0.880859375,-2.8828125,
0.3805,2.1220703125,0.4404296875,-2.8828125,
0.381,2.5224609375,-0.1201171875,-2.7626953125,
0.3815,2.72265625,-0.720703125,-2.4423828125,
0.382,2.802734375,-1.361328125,-1.8818359375,
0.3825,2.6826171875,-1.681640625,-1.44140625,
0.383,2.6826171875,-2.1220703125,-1.041015625,
0.3835,2.72265625,-2.6025390625,-0.560546875,
0.384,2.482421875,-3.0029296875,0.0400390625,
0.3845,1.921875,-3.1630859375,0.720703125,
0.385,1.5615234375,-3.1630859375,1.12109375,
0.3855,1.12109375,-3.203125,1.521484375,
0.386,0.720703125,-3.1630859375,1.921875,
0.3865,0.16015625,-3.0830078125,2.322265625,
0.387,-0.5205078125,-2.7626953125,2.6826171875,
0.3875,-1.2412109375,-2.1220703125,2.72265625,
0.388,-1.5615234375,-1.6416015625,2.5625,
0.3885,-2.001953125,-1.2412109375,2.5625,
0.389,-2.482421875,-0.7607421875,2.5625,
0.3895,-2.802734375,-0.16015625,2.322265625,
0.39,-2.962890625,0.48046875,1.841796875,
0.3905,-2.9228515625,1.0810546875,1.28125,
0.391,-2.9228515625,1.521484375,0.880859375,
0.3915,-2.8828125,1.921875,0.4404296875,
0.392,-2.72265625,2.3623046875,-0.1201171875,
0.3925,-2.40234375,2.6826171875,-0.80078125,
0.393,-1.8818359375,2.802734375,-1.4013671875,
0.3935,-1.4814453125,2.6826171875,-1.6416015625,
0.394,-1.12109375,2.6826171875,-2.0419921875,
0.3945,-0.640625,2.6826171875,-2.4423828125,
0.395,-0.1201171875,2.482421875,-2.72265625,
0.3955,0.560546875,2.0419921875,-2.9228515625,
0.396,1.0810546875,1.521484375,-2.962890625,
0.3965,1.4013671875,1.0810546875,-2.8828125,
0.397,1.8017578125,0.6005859375,-2.8427734375,
0.3975,2.2421875,0.1201171875,-2.802734375,
0.398,2.5625,-0.5205078125,-2.5625,
0.3985,2.6025390625,-1.0009765625,-2.08203125,
0.399,2.6025390625,-1.4013671875,-1.6416015625,
0.3995,2.642578125,-1.8818359375,-1.2412109375,
0.4,2.642578125,-2.2822265625,-0.8408203125,
0.4005,2.5224609375,-2.6025390625,-0.3603515625,
0.401,2.2421875,-2.9228515625,0.2001953125,
0.4015,1.76171875,-3.0029296875,0.7607421875,
0.402,1.361328125,-2.962890625,1.0810546875,
0.4025,1.0009765625,-3.04296875,1.4814453125,
0.403,0.560546875,-3.04296875,1.921875,
0.4035,0,-2.8427734375,2.2421875,
0.404,-0.6005859375,-2.4423828125,2.40234375,
0.4045,-1.041015625,-2.0419921875,2.482421875,
0.405,-1.521484375,-1.6416015625,2.482421875,
0.4055,-1.9619140625,-1.1611328125,2.482421875,
0.406,-2.4423828125,-0.720703125,2.4423828125,
0.4065,-2.6826171875,-0.1201171875,2.2421875,
0.407,-2.7626953125,0.4404296875,1.76171875,
0.4075,-2.7626953125,0.880859375,1.361328125,
0.408,-2.8828125,1.4013671875,0.9609375,
0.4085,-2.8828125,1.8818359375,0.5205078125,
0.409,-2.642578125,2.2021484375,0,
0.4095,-2.3623046875,2.4423828125,-0.6005859375,
0.41,-1.9619140625,2.5224609375,-1.041015625,
0.4105,-1.6015625,2.5625,-1.44140625,
0.411,-1.2412109375,2.6025390625,-1.8818359375,
0.4115,-0.720703125,2.6025390625,-2.322265625,
0.412,-0.16015625,2.40234375,-2.642578125,
0.4125,0.400390625,1.921875,-2.72265625,
0.413,0.8408203125,1.5615234375,-2.802734375,
0.4135,1.3212890625,1.12109375,-2.8828125,
0.414,1.8017578125,0.640625,-2.9228515625,
0.4145,2.2021484375,0.240234375,-2.7626953125,
0.415,2.482421875,-0.3603515625,-2.5224609375,
0.4155,2.5625,-0.9609375,-2.001953125,
0.416,2.5625,-1.3212890625,-1.6416015625,
0.4165,2.6025390625,-1.8017578125,-1.28125,
0.417,2.6025390625,-2.322265625,-0.80078125,
0.4175,2.40234375,-2.6025390625,-0.2802734375,
0.418,2.0419921875,-2.7626953125,0.2802734375,
0.4185,1.7216796875,-2.8828125,0.6806640625,
0.419,1.28125,-3.0029296875,1.201171875,
0.4195,0.9208984375,-2.962890625,1.5615234375,
0.42,0.4404296875,-2.9228515625,1.9619140625,
0.4205,-0.2001953125,-2.642578125,2.2822265625,
0.421,-0.80078125,-2.2421875,2.40234375,
0.4215,-1.1611328125,-1.841796875,2.40234375,
0.422,-1.681640625,-1.44140625,2.482421875,
0.4225,-2.162109375,-0.9208984375,2.482421875,
0.423,-2.5224609375,-0.3603515625,2.2421875,
0.4235,-2.642578125,0.16015625,1.921875,
0.424,-2.72265625,0.6806640625,1.521484375,
0.4245,-2.802734375,1.12109375,1.12109375,
0.425,-2.8427734375,1.5615234375,0.6806640625,
0.4255,-2.7626953125,2.0419921875,0.2001953125,
0.426,-2.5224609375,2.40234375,-0.3603515625,
0.4265,-2.08203125,2.5224609375,-0.9208984375,
0.427,-1.7216796875,2.5224609375,-1.28125,
0.4275,-1.361328125,2.642578125,-1.76171875,
0.428,-0.9208984375,2.6025390625,-2.2021484375,
0.4285,-0.3203125,2.482421875,-2.5224609375,
0.429,0.2802734375,2.08203125,-2.72265625,
0.4295,0.80078125,1.6416015625,-2.8427734375,
0.43,1.201171875,1.201171875,-2.8828125,
0.4305,1.6416015625,0.8408203125,-2.8427734375,
0.431,2.162109375,0.3603515625,-2.8828125,
0.4315,2.482421875,-0.2001953125,-2.6025390625,
0.432,2.5224609375,-0.80078125,-2.162109375,
0.4325,2.5625,-1.201171875,-1.76171875,
0.433,2.6826171875,-1.76171875,-1.361328125,
0.4335,2.642578125,-2.2021484375,-0.9208984375,
0.434,2.482421875,-2.5625,-0.400390625,
0.4345,2.2021484375,-2.8427734375,0.16015625,
0.435,1.76171875,-2.9228515625,0.6806640625,
0.4355,1.4013671875,-2.9228515625,1.0009765625,
0.436,1.0009765625,-3.0029296875,1.44140625,
0.4365,0.48046875,-3.0029296875,1.921875,
0.437,-0.080078125,-2.7626953125,2.2421875,
0.4375,-0.640625,-2.3623046875,2.40234375,
0.438,-1.1611328125,-2.001953125,2.4423828125,
0.4385,-1.6416015625,-1.4814453125,2.5224609375,
0.439,-2.0419921875,-1.041015625,2.482421875,
0.4395,-2.482421875,-0.5205078125,2.40234375,
0.44,-2.72265625,0.080078125,2.0419921875,
0.4405,-2.7626953125,0.640625,1.5615234375,
0.441,-2.7626953125,1.0009765625,1.2412109375,
0.4415,-2.8828125,1.5615234375,0.7607421875,
0.442,-2.8427734375,2.0419921875,0.2802734375,
0.4425,-2.5224609375,2.322265625,-0.3203125,
0.443,-2.162109375,2.5224609375,-0.8408203125,
0.4435,-1.8017578125,2.6025390625,-1.28125,
0.444,-1.4013671875,2.642578125,-1.681640625,
0.4445,-1.0009765625,2.6025390625,-2.08203125,
0.445,-0.48046875,2.5224609375,-2.5224609375,
0.4455,0.16015625,2.2021484375,-2.8427734375,
0.446,0.720703125,1.6416015625,-2.8828125,
0.4465,1.12109375,1.3212890625,-2.8427734375,
0.447,1.6015625,0.9208984375,-2.8828125,
0.4475,2.0419921875,0.4404296875,-2.8828125,
0.448,2.40234375,-0.16015625,-2.6025390625,
0.4485,2.5625,-0.6806640625,-2.2822265625,
0.449,2.6025390625,-1.28125,-1.76171875,
0.4495,2.6025390625,-1.6416015625,-1.4013671875,
0.45,2.6025390625,-2.1220703125,-1.0009765625,
0.4505,2.6025390625,-2.5625,-0.5205078125,
0.451,2.2421875,-2.8828125,0.1201171875,
0.4515,1.8017578125,-2.9228515625,0.640625,
0.452,1.4814453125,-2.962890625,1.0009765625,
0.4525,1.041015625,-3.0830078125,1.4814453125,
0.453,0.6005859375,-3.04296875,1.841796875,
0.4535,0,-2.8427734375,2.2021484375,
0.454,-0.6005859375,-2.5224609375,2.40234375,
0.4545,-1.12109375,-1.9619140625,2.482421875,
0.455,-1.4814453125,-1.6015625,2.4423828125,
0.4555,-1.9619140625,-1.1611328125,2.482421875,
0.456,-2.4423828125,-0.640625,2.482421875,
0.4565,-2.6826171875,0,2.162109375,
0.457,-2.7626953125,0.5205078125,1.6416015625,
0.4575,-2.7626953125,0.9609375,1.2412109375,
0.458,-2.8828125,1.4814453125,0.8408203125,
0.4585,-2.802734375,1.8818359375,0.400390625,
0.459,-2.642578125,2.2822265625,-0.1201171875,
0.4595,-2.2822265625,2.5625,-0.7607421875,
0.46,-1.8017578125,2.6025390625,-1.28125,
0.4605,-1.4814453125,2.6025390625,-1.6015625,
0.461,-1.041015625,2.642578125,-2.08203125,
0.4615,-0.6005859375,2.6025390625,-2.5224609375,
0.462,0.0400390625,2.2421875,-2.802734375,
0.4625,0.640625,1.921875,-2.9228515625,
0.463,1.12109375,1.4013671875,-2.9228515625,
0.4635,1.5615234375,1.0009765625,-2.962890625,
0.464,1.9619140625,0.560546875,-2.8828125,
0.4645,2.482421875,0,-2.8427734375,
0.465,2.6826171875,-0.6806640625,-2.40234375,
0.4655,2.6826171875,-1.2412109375,-1.8818359375,
0.466,2.642578125,-1.6416015625,-1.4814453125,
0.4665,2.72265625,-2.2021484375,-1.041015625,
0.467,2.642578125,-2.6025390625,-0.5205078125,
0.4675,2.2822265625,-2.9228515625,0.16015625,
0.468,1.8818359375,-3.1630859375,0.7607421875,
0.4685,1.4013671875,-3.1630859375,1.2412109375,
0.469,1.0009765625,-3.203125,1.521484375,
0.4695,0.560546875,-3.0830078125,1.921875,
0.47,0,-3.0830078125,2.40234375,
0.4705,-0.7607421875,-2.482421875,2.6025390625,
0.471,-1.28125,-1.9619140625,2.6025390625,
0.4715,-1.681640625,-1.4814453125,2.5224609375,
0.472,-2.162109375,-1.041015625,2.5625,
0.4725,-2.5224609375,-0.5205078125,2.4423828125,
0.473,-2.8427734375,0.080078125,2.162109375,
0.4735,-3.04296875,0.7607421875,1.6416015625,
0.474,-2.962890625,1.28125,1.12109375,
0.4745,-2.8828125,1.5615234375,0.7607421875,
0.475,-2.8828125,2.08203125,0.2802734375,
0.4755,-2.72265625,2.5224609375,-0.3203125,
0.476,-2.2021484375,2.7626953125,-1.041015625,
0.4765,-1.8017578125,2.802734375,-1.521484375,
0.477,-1.3212890625,2.72265625,-1.921875,
0.4775,-0.9609375,2.72265625,-2.2822265625,
0.478,-0.4404296875,2.5625,-2.6025390625,
0.4785,0.2001953125,2.40234375,-2.962890625,
0.479,0.9609375,1.841796875,-3.1630859375,
0.4795,1.4013671875,1.28125,-3.0830078125,
0.48,1.76171875,0.880859375,-2.962890625,
0.4805,2.2421875,0.4404296875,-2.962890625,
0.481,2.6025390625,-0.16015625,-2.8427734375,
0.4815,2.8427734375,-0.8408203125,-2.3623046875,
0.482,2.8828125,-1.44140625,-1.841796875,
0.4825,2.8427734375,-1.9619140625,-1.3212890625,
0.483,2.7626953125,-2.322265625,-0.9609375,
0.4835,2.6025390625,-2.72265625,-0.400390625,
0.484,2.482421875,-3.203125,0.240234375,
0.4845,1.841796875,-3.36328125,1.041015625,
0.485,1.361328125,-3.3232421875,1.361328125,
0.4855,0.9609375,-3.2431640625,1.7216796875,
0.486,0.48046875,-3.283203125,2.162109375,
0.4865,-0.16015625,-2.962890625,2.5224609375,
0.487,-0.80078125,-2.5625,2.72265625,
0.4875,-1.4814453125,-2.001953125,2.8427734375,
0.488,-1.921875,-1.44140625,2.72265625,
0.4885,-2.2021484375,-1.0009765625,2.5625,
0.489,-2.642578125,-0.5205078125,2.5224609375,
0.4895,-3.0830078125,0.16015625,2.322265625,
0.49,-3.203125,0.9609375,1.6416015625,
0.4905,-3.0830078125,1.4013671875,1.12109375,
0.491,-3.04296875,1.8818359375,0.6005859375,
0.4915,-3.0029296875,2.2822265625,0.16015625,
0.492,-2.642578125,2.642578125,-0.48046875,
0.4925,-2.2822265625,2.962890625,-1.1611328125,
0.493,-1.681640625,3.04296875,-1.841796875,
0.4935,-1.28125,2.8828125,-2.1220703125,
0.494,-0.8408203125,2.7626953125,-2.40234375,
0.4945,-0.3603515625,2.802734375,-2.8427734375,
0.495,0.2802734375,2.5224609375,-3.203125,
0.4955,1.041015625,1.921875,-3.283203125,
0.496,1.5615234375,1.3212890625,-3.203125,
0.4965,1.9619140625,0.7607421875,-3.0830078125,
0.497,2.2421875,0.3603515625,-2.962890625,
0.4975,2.6025390625,-0.2001953125,-2.802734375,
0.498,3.0029296875,-0.9208984375,-2.482421875,
0.4985,3.04296875,-1.6416015625,-1.8017578125,
0.499,2.8427734375,-1.9619140625,-1.3212890625,
0.4995,2.72265625,-2.3623046875,-0.8408203125,
0.5,2.72265625,-2.802734375,-0.400390625,
0.5005,2.482421875,-3.1630859375,0.240234375,
0.501,1.9619140625,-3.36328125,0.880859375,
0.5015,1.4013671875,-3.4033203125,1.4013671875,
0.502,0.9609375,-3.3232421875,1.681640625,
0.5025,0.6005859375,-3.1630859375,1.9619140625,
0.503,0.1201171875,-3.0830078125,2.40234375,
0.5035,-0.6005859375,-2.802734375,2.7626953125,
0.504,-1.28125,-2.162109375,2.8427734375,
0.5045,-1.6416015625,-1.681640625,2.6826171875,
0.505,-2.08203125,-1.201171875,2.6025390625,
0.5055,-2.4423828125,-0.7607421875,2.5625,
0.506,-2.802734375,-0.2001953125,2.40234375,
0.5065,-3.0830078125,0.4404296875,2.0419921875,
0.507,-3.123046875,1.1611328125,1.4013671875,
0.5075,-2.962890625,1.521484375,0.9208984375,
0.508,-2.9228515625,1.921875,0.5205078125,
0.5085,-2.9228515625,2.40234375,0,
0.509,-2.642578125,2.7626953125,-0.640625,
0.5095,-2.08203125,2.8828125,-1.3212890625,
0.51,-1.6416015625,2.8427734375,-1.76171875,
0.5105,-1.2412109375,2.8828125,-2.1220703125,
0.511,-0.80078125,2.8427734375,-2.4423828125,
0.5115,-0.2802734375,2.6826171875,-2.8427734375,
0.512,0.48046875,2.3623046875,-3.203125,
0.5125,1.201171875,1.681640625,-3.2431640625,
0.513,1.521484375,1.2412109375,-3.0830078125,
0.5135,1.9619140625,0.720703125,-3.0830078125,
0.514,2.4423828125,0.2802734375,-3.04296875,
0.5145,2.7626953125,-0.3603515625,-2.7626953125,
0.515,3.0029296875,-1.12109375,-2.2822265625,
0.5155,2.9228515625,-1.7216796875,-1.6416015625,
0.516,2.8427734375,-2.1220703125,-1.201171875,
0.5165,2.802734375,-2.5224609375,-0.720703125,
0.517,2.642578125,-3.0029296875,-0.16015625,
0.5175,2.2421875,-3.3232421875,0.560546875,
0.518,1.6015625,-3.443359375,1.2412109375,
0.5185,1.201171875,-3.2431640625,1.521484375,
0.519,0.80078125,-3.283203125,1.921875,
0.5195,0.3203125,-3.1630859375,2.2822265625,
0.52,-0.3203125,-2.8828125,2.5625,
0.5205,-1.0009765625,-2.482421875,2.8427734375,
0.521,-1.681640625,-1.8017578125,2.8427734375,
0.5215,-1.9619140625,-1.3212890625,2.642578125,
0.522,-2.322265625,-0.8408203125,2.5625,
0.5225,-2.802734375,-0.3603515625,2.5224609375,
0.523,-3.0830078125,0.400390625,2.1220703125,
0.5235,-3.1630859375,1.0810546875,1.521484375,
0.524,-3.04296875,1.521484375,0.9609375,
0.5245,-3.04296875,1.921875,0.560546875,
0.525,-2.8828125,2.2421875,0.080078125,
0.5255,-2.72265625,2.642578125,-0.5205078125,
0.526,-2.322265625,2.9228515625,-1.2412109375,
0.5265,-1.6416015625,3.04296875,-1.921875,
0.527,-1.28125,2.8828125,-2.08203125,
0.5275,-0.80078125,2.8427734375,-2.482421875,
0.528,-0.3203125,2.802734375,-2.8828125,
0.5285,0.400390625,2.40234375,-3.1630859375,
0.529,1.0810546875,1.921875,-3.283203125,
0.5295,1.6416015625,1.2412109375,-3.203125,
0.53,1.9619140625,0.7607421875,-3.0830078125,
0.5305,2.322265625,0.2802734375,-2.962890625,
0.531,2.7626953125,-0.240234375,-2.8828125,
0.5315,3.04296875,-1.041015625,-2.4423828125,
0.532,3.04296875,-1.7216796875,-1.76171875,
0.5325,2.8828125,-2.08203125,-1.28125,
0.533,2.9228515625,-2.6025390625,-0.80078125,
0.5335,2.7626953125,-3.0029296875,-0.2802734375,
0.534,2.40234375,-3.36328125,0.3603515625,
0.5345,1.921875,-3.5634765625,1.12109375,
0.535,1.28125,-3.5234375,1.7216796875,
0.5355,0.880859375,-3.3232421875,1.921875,
0.536,0.400390625,-3.203125,2.2421875,
0.5365,-0.2001953125,-3.123046875,2.72265625,
0.537,-1.0009765625,-2.5625,2.9228515625,
0.5375,-1.6416015625,-1.9619140625,2.962890625,
0.538,-2.08203125,-1.361328125,2.802734375,
0.5385,-2.4423828125,-0.9609375,2.72265625,
0.539,-2.72265625,-0.400390625,2.5224609375,
0.5395,-3.123046875,0.16015625,2.3623046875,
0.54,-3.3232421875,1.0009765625,1.76171875,
0.5405,-3.2431640625,1.6015625,1.041015625,
0.541,-3.0029296875,1.8818359375,0.6005859375,
0.5415,-3.04296875,2.2822265625,0.1201171875,
0.542,-2.802734375,2.7626953125,-0.5205078125,
0.5425,-2.2822265625,3.0029296875,-1.2412109375,
0.543,-1.8017578125,3.123046875,-1.8017578125,
0.5435,-1.2412109375,3.04296875,-2.2822265625,
0.544,-0.8408203125,2.9228515625,-2.5224609375,
0.5445,-0.3603515625,2.72265625,-2.802734375,
0.545,0.2001953125,2.642578125,-3.203125,
0.5455,1.0009765625,2.001953125,-3.36328125,
0.546,1.5615234375,1.3212890625,-3.283203125,
0.5465,1.921875,0.80078125,-3.0830078125,
0.547,2.3623046875,0.3603515625,-3.0830078125,
0.5475,2.6826171875,-0.2001953125,-2.8828125,
0.548,2.9228515625,-0.80078125,-2.5224609375,
0.5485,3.04296875,-1.4814453125,-1.9619140625,
0.549,2.9228515625,-2.1220703125,-1.3212890625,
0.5495,2.802734375,-2.322265625,-1.0009765625,
0.55,2.6826171875,-2.7626953125,-0.48046875,
0.5505,2.6025390625,-3.203125,0.080078125,
0.551,1.9619140625,-3.36328125,0.8408203125,
0.5515,1.521484375,-3.36328125,1.28125,
0.552,1.041015625,-3.2431640625,1.681640625,
0.5525,0.640625,-3.2431640625,2.0419921875,
0.553,0.1201171875,-3.0830078125,2.3623046875,
0.5535,-0.4404296875,-2.8828125,2.6826171875,
0.554,-1.1611328125,-2.322265625,2.8427734375,
0.5545,-1.681640625,-1.681640625,2.7626953125,
0.555,-1.9619140625,-1.28125,2.6025390625,
0.5555,-2.482421875,-0.80078125,2.6025390625,
0.556,-2.8427734375,-0.2802734375,2.482421875,
0.5565,-3.04296875,0.4404296875,2.001953125,
0.557,-3.123046875,0.9609375,1.521484375,
0.5575,-3.04296875,1.521484375,0.9609375,
0.558,-3.0029296875,1.841796875,0.560546875,
0.5585,-2.8828125,2.2822265625,0.0400390625,
0.559,-2.72265625,2.72265625,-0.48046875,
0.5595,-2.1220703125,2.9228515625,-1.28125,
0.56,-1.6416015625,2.8828125,-1.681640625,
0.5605,-1.28125,2.802734375,-1.9619140625,
0.561,-0.80078125,2.8427734375,-2.4423828125,
0.5615,-0.3203125,2.642578125,-2.7626953125,
0.562,0.3603515625,2.2822265625,-3.0029296875,
0.5625,0.9609375,1.841796875,-3.1630859375,
0.563,1.4814453125,1.2412109375,-3.04296875,
0.5635,1.76171875,0.8408203125,-2.9228515625,
0.564,2.2421875,0.3203125,-2.8828125,
0.5645,2.642578125,-0.16015625,-2.8828125,
0.565,2.802734375,-0.9609375,-2.2822265625,
0.5655,2.7626953125,-1.44140625,-1.8017578125,
0.566,2.6826171875,-1.921875,-1.3212890625,
0.5665,2.7626953125,-2.2822265625,-1.0009765625,
0.567,2.6025390625,-2.642578125,-0.400390625,
0.5675,2.322265625,-2.962890625,0.16015625,
0.568,1.921875,-3.203125,0.80078125,
0.5685,1.4013671875,-3.1630859375,1.201171875,
0.569,1.0810546875,-3.0830078125,1.44140625,
0.5695,0.6005859375,-3.1630859375,1.921875,
0.57,0.1201171875,-3.04296875,2.322265625,
0.5705,-0.560546875,-2.5625,2.5224609375,
0.571,-1.041015625,-2.1220703125,2.6025390625,
0.5715,-1.5615234375,-1.6015625,2.5625,
0.572,-1.9619140625,-1.2412109375,2.5625,
0.5725,-2.3623046875,-0.7607421875,2.482421875,
0.573,-2.72265625,-0.2001953125,2.3623046875,
0.5735,-2.9228515625,0.48046875,1.8818359375,
0.574,-2.8828125,0.9208984375,1.3212890625,
0.5745,-2.8828125,1.361328125,0.9609375,
0.575,-2.962890625,1.921875,0.5205078125,
0.5755,-2.8427734375,2.322265625,0,
0.576,-2.4423828125,2.5625,-0.640625,
0.5765,-2.08203125,2.72265625,-1.201171875,
0.577,-1.6015625,2.802734375,-1.6416015625,
0.5775,-1.2412109375,2.7626953125,-1.9619140625,
0.578,-0.720703125,2.72265625,-2.4423828125,
0.5785,-0.16015625,2.642578125,-2.8828125,
0.579,0.6005859375,2.08203125,-3.04296875,
0.5795,1.041015625,1.5615234375,-3.0029296875,
0.58,1.521484375,1.12109375,-2.962890625,
0.5805,2.001953125,0.6806640625,-3.04296875,
0.581,2.40234375,0.080078125,-2.8828125,
0.5815,2.6826171875,-0.5205078125,-2.6025390625,
0.582,2.802734375,-1.2412109375,-2.08203125,
0.5825,2.7626953125,-1.6416015625,-1.5615234375,
0.583,2.6826171875,-2.001953125,-1.1611328125,
0.5835,2.6826171875,-2.5224609375,-0.640625,
0.584,2.5224609375,-2.9228515625,-0.080078125,
0.5845,1.9619140625,-3.0830078125,0.640625,
0.585,1.5615234375,-3.0830078125,1.0009765625,
0.5855,1.1611328125,-3.0830078125,1.4013671875,
0.586,0.7607421875,-3.0830078125,1.76171875,
0.5865,0.2001953125,-2.8828125,2.162109375,
0.587,-0.400390625,-2.642578125,2.482421875,
0.5875,-1.0810546875,-2.162109375,2.6025390625,
0.588,-1.44140625,-1.681640625,2.5224609375,
0.5885,-1.8017578125,-1.28125,2.482421875,
0.589,-2.2822265625,-0.9208984375,2.5224609375,
0.5895,-2.642578125,-0.3603515625,2.3623046875,
0.59,-2.8427734375,0.2802734375,1.921875,
0.5905,-2.8828125,0.80078125,1.4013671875,
0.591,-2.8427734375,1.28125,0.9609375,
0.5915,-2.8427734375,1.681640625,0.6005859375,
0.592,-2.7626953125,2.162109375,0.1201171875,
0.5925,-2.6025390625,2.5224609375,-0.48046875,
0.593,-2.0419921875,2.6826171875,-1.12109375,
0.5935,-1.681640625,2.6826171875,-1.44140625,
0.594,-1.3212890625,2.6826171875,-1.841796875,
0.5945,-0.9208984375,2.802734375,-2.322265625,
0.595,-0.3603515625,2.642578125,-2.642578125,
0.5955,0.2802734375,2.2822265625,-2.9228515625,
0.596,0.880859375,1.841796875,-3.04296875,
0.5965,1.361328125,1.28125,-3.0029296875,
0.597,1.7216796875,0.8408203125,-2.962890625,
0.5975,2.2421875,0.3203125,-2.962890625,
0.598,2.6025390625,-0.2802734375,-2.8427734375,
0.5985,2.7626953125,-0.9609375,-2.2421875,
0.599,2.72265625,-1.361328125,-1.8017578125,
0.5995,2.7626953125,-1.8818359375,-1.28125,
0.6,2.7626953125,-2.322265625,-0.9208984375,
0.6005,2.5625,-2.72265625,-0.3203125,
0.601,2.2421875,-3.04296875,0.2802734375,
0.6015,1.7216796875,-3.1630859375,0.9609375,
0.602,1.3212890625,-3.123046875,1.28125,
0.6025,0.9208984375,-3.0830078125,1.6015625,
0.603,0.4404296875,-3.0830078125,2.08203125,
0.6035,-0.16015625,-2.8828125,2.482421875,
0.604,-0.880859375,-2.322265625,2.5625,
0.6045,-1.28125,-1.8818359375,2.5625,
0.605,-1.76171875,-1.4814453125,2.5224609375,
0.6055,-2.08203125,-1.041015625,2.482421875,
0.606,-2.482421875,-0.6005859375,2.3623046875,
0.6065,-2.802734375,0.080078125,2.1220703125,
0.607,-2.8828125,0.720703125,1.5615234375,
0.6075,-2.7626953125,1.0810546875,1.1611328125,
0.608,-2.802734375,1.521484375,0.7607421875,
0.6085,-2.8427734375,1.9619140625,0.3203125,
0.609,-2.642578125,2.322265625,-0.2001953125,
0.6095,-2.2421875,2.5224609375,-0.80078125,
0.61,-1.8017578125,2.6025390625,-1.28125,
0.6105,-1.44140625,2.6025390625,-1.6416015625,
0.611,-1.0810546875,2.6025390625,-1.9619140625,
0.6115,-0.640625,2.5625,-2.40234375,
0.612,-0.080078125,2.4423828125,-2.72265625,
0.6125,0.560546875,1.921875,-2.8828125,
0.613,0.9609375,1.4814453125,-2.8427734375,
0.6135,1.4013671875,1.041015625,-2.8828125,
0.614,1.8818359375,0.6005859375,-2.9228515625,
0.6145,2.2421875,0.240234375,-2.8828125,
0.615,2.5224609375,-0.3603515625,-2.5625,
0.6155,2.6025390625,-0.9609375,-2.08203125,
0.616,2.6025390625,-1.361328125,-1.681640625,
0.6165,2.642578125,-1.8017578125,-1.28125,
0.617,2.6826171875,-2.322265625,-0.80078125,
0.6175,2.5224609375,-2.642578125,-0.3203125,
0.618,2.0419921875,-2.8427734375,0.2802734375,
0.6185,1.76171875,-2.9228515625,0.6806640625,
0.619,1.3212890625,-3.04296875,1.12109375,
0.6195,0.9609375,-3.04296875,1.521484375,
0.62,0.48046875,-2.962890625,1.921875,
0.6205,-0.080078125,-2.7626953125,2.2822265625,
0.621,-0.720703125,-2.40234375,2.4423828125,
0.6215,-1.12109375,-1.9619140625,2.40234375,
0.622,-1.6015625,-1.5615234375,2.482421875,
0.6225,-2.08203125,-1.041015625,2.5224609375,
0.623,-2.482421875,-0.5205078125,2.40234375,
0.6235,-2.642578125,0.080078125,2.001953125,
0.624,-2.72265625,0.560546875,1.5615234375,
0.6245,-2.802734375,1.0810546875,1.201171875,
0.625,-2.8427734375,1.521484375,0.80078125,
0.6255,-2.7626953125,1.921875,0.2802734375,
0.626,-2.5625,2.322265625,-0.2802734375,
0.6265,-2.1220703125,2.5224609375,-0.880859375,
0.627,-1.8017578125,2.5224609375,-1.1611328125,
0.6275,-1.4013671875,2.6025390625,-1.6416015625,
0.628,-1.0009765625,2.642578125,-2.1220703125,
0.6285,-0.5205078125,2.5224609375,-2.5224609375,
0.629,0.1201171875,2.2021484375,-2.72265625,
0.6295,0.640625,1.76171875,-2.8427734375,
0.63,1.12109375,1.28125,-2.8828125,
0.6305,1.5615234375,0.9609375,-2.8828125,
0.631,2.0419921875,0.48046875,-2.8828125,
0.6315,2.40234375,-0.080078125,-2.6826171875,
0.632,2.5224609375,-0.6806640625,-2.2421875,
0.6325,2.5625,-1.1611328125,-1.8818359375,
0.633,2.642578125,-1.6416015625,-1.44140625,
0.6335,2.6826171875,-2.1220703125,-1.041015625,
0.634,2.5625,-2.5224609375,-0.5205078125,
0.6345,2.2822265625,-2.8427734375,0.080078125,
0.635,1.841796875,-2.962890625,0.6005859375,
0.6355,1.44140625,-2.962890625,0.9609375,
0.636,1.0810546875,-3.04296875,1.4013671875,
0.6365,0.6005859375,-3.04296875,1.921875,
0.637,0,-2.8828125,2.2421875,
0.6375,-0.640625,-2.4423828125,2.40234375,
0.638,-1.041015625,-2.001953125,2.4423828125,
0.6385,-1.5615234375,-1.6015625,2.5224609375,
0.639,-1.9619140625,-1.1611328125,2.5224609375,
0.6395,-2.40234375,-0.640625,2.482421875,
0.64,-2.72265625,0,2.162109375,
0.6405,-2.802734375,0.6005859375,1.6015625,
0.641,-2.7626953125,0.9609375,1.28125,
0.6415,-2.8427734375,1.44140625,0.8408203125,
0.642,-2.8427734375,1.9619140625,0.3603515625,
0.6425,-2.5625,2.2822265625,-0.2001953125,
0.643,-2.2421875,2.482421875,-0.80078125,
0.6435,-1.841796875,2.5625,-1.2412109375,
0.644,-1.4814453125,2.6025390625,-1.6416015625,
0.6445,-1.1611328125,2.482421875,-2.0419921875,
0.645,-0.560546875,2.5224609375,-2.4423828125,
0.6455,0,2.2822265625,-2.7626953125,
0.646,0.6005859375,1.841796875,-2.8427734375,
0.6465,1.0009765625,1.4013671875,-2.7626953125,
0.647,1.4814453125,1.0009765625,-2.8828125,
0.6475,1.921875,0.560546875,-2.8828125,
0.648,2.2822265625,0.0400390625,-2.72265625,
0.6485,2.5224609375,-0.560546875,-2.40234375,
0.649,2.5625,-1.12109375,-1.921875,
0.6495,2.6025390625,-1.521484375,-1.521484375,
0.65,2.642578125,-1.9619140625,-1.1611328125,
0.6505,2.642578125,-2.482421875,-0.640625,
0.651,2.3623046875,-2.7626953125,-0.0400390625,
0.6515,1.921875,-2.9228515625,0.560546875,
0.652,1.5615234375,-2.962890625,0.880859375,
0.6525,1.12109375,-3.0830078125,1.4013671875,
0.653,0.7607421875,-3.123046875,1.76171875,
0.6535,0.240234375,-2.962890625,2.08203125,
0.654,-0.400390625,-2.6025390625,2.40234375,
0.6545,-1.0009765625,-2.1220703125,2.482421875,
0.655,-1.361328125,-1.681640625,2.482421875,
0.6555,-1.841796875,-1.28125,2.5224609375,
0.656,-2.322265625,-0.80078125,2.5224609375,
0.6565,-2.6025390625,-0.2001953125,2.2421875,
0.657,-2.7626953125,0.3603515625,1.8017578125,
0.6575,-2.7626953125,0.880859375,1.3212890625,
0.658,-2.8828125,1.361328125,0.9609375,
0.6585,-2.8427734375,1.76171875,0.560546875,
0.659,-2.72265625,2.2421875,0,
0.6595,-2.4423828125,2.5224609375,-0.640625,
0.66,-1.921875,2.6025390625,-1.201171875,
0.6605,-1.521484375,2.6025390625,-1.521484375,
0.661,-1.1611328125,2.6025390625,-1.921875,
0.6615,-0.720703125,2.6025390625,-2.3623046875,
0.662,-0.1201171875,2.40234375,-2.642578125,
0.6625,0.48046875,1.9619140625,-2.8427734375,
0.663,0.9609375,1.5615234375,-2.8828125,
0.6635,1.4013671875,1.0810546875,-2.8828125,
0.664,1.76171875,0.6806640625,-2.8828125,
0.6645,2.2421875,0.2001953125,-2.8427734375,
0.665,2.5625,-0.400390625,-2.5224609375,
0.6655,2.5625,-1.0009765625,-2.001953125,
0.666,2.5625,-1.4013671875,-1.6015625,
0.6665,2.6826171875,-1.921875,-1.2412109375,
0.667,2.642578125,-2.322265625,-0.80078125,
0.6675,2.40234375,-2.642578125,-0.240234375,
0.668,2.0419921875,-2.9228515625,0.3203125,
0.6685,1.6416015625,-3.0830078125,0.80078125,
0.669,1.28125,-3.04296875,1.201171875,
0.6695,0.880859375,-3.04296875,1.5615234375,
0.67,0.4404296875,-3.0029296875,2.0419921875,
0.6705,-0.2001953125,-2.72265625,2.3623046875,
0.671,-0.7607421875,-2.2421875,2.4423828125,
0.6715,-1.1611328125,-1.841796875,2.482421875,
0.672,-1.681640625,-1.44140625,2.5224609375,
0.6725,-2.08203125,-1.0009765625,2.482421875,
0.673,-2.5224609375,-0.48046875,2.3623046875,
0.6735,-2.72265625,0.1201171875,2.0419921875,
0.674,-2.802734375,0.720703125,1.521484375,
0.6745,-2.802734375,1.0810546875,1.12109375,
0.675,-2.8828125,1.5615234375,0.720703125,
0.6755,-2.8828125,2.08203125,0.240234375,
0.676,-2.5625,2.40234375,-0.3603515625,
0.6765,-2.162109375,2.5224609375,-0.9208984375,
0.677,-1.76171875,2.6025390625,-1.361328125,
0.6775,-1.361328125,2.6826171875,-1.8017578125,
0.678,-0.9609375,2.6826171875,-2.2021484375,
0.6785,-0.400390625,2.6025390625,-2.6025390625,
0.679,0.2802734375,2.2421875,-2.8828125,
0.6795,0.880859375,1.6416015625,-2.9228515625,
0.68,1.2412109375,1.28125,-2.8828125,
0.6805,1.76171875,0.80078125,-2.962890625,
0.681,2.2421875,0.3603515625,-2.9228515625,
0.6815,2.5224609375,-0.2802734375,-2.6025390625,
0.682,2.6826171875,-0.9208984375,-2.2021484375,
0.6825,2.6826171875,-1.44140625,-1.681640625,
0.683,2.72265625,-1.8818359375,-1.28125,
0.6835,2.6826171875,-2.322265625,-0.80078125,
0.684,2.6025390625,-2.802734375,-0.3203125,
0.6845,2.2021484375,-3.0830078125,0.4404296875,
0.685,1.6416015625,-3.1630859375,1.0009765625,
0.6855,1.28125,-3.0830078125,1.28125,
0.686,0.880859375,-3.203125,1.76171875,
0.6865,0.3603515625,-3.04296875,2.1220703125,
0.687,-0.3203125,-2.72265625,2.4423828125,
0.6875,-0.9609375,-2.2822265625,2.6025390625,
0.688,-1.521484375,-1.7216796875,2.6025390625,
0.6885,-1.8017578125,-1.3212890625,2.5224609375,
0.689,-2.2822265625,-0.880859375,2.5224609375,
0.6895,-2.72265625,-0.3203125,2.482421875,
0.69,-2.9228515625,0.400390625,1.9619140625,
0.6905,-2.962890625,1.0009765625,1.4013671875,
0.691,-2.8828125,1.4013671875,0.9609375,
0.6915,-2.962890625,1.921875,0.5205078125,
0.692,-2.802734375,2.2822265625,0,
0.6925,-2.5625,2.642578125,-0.640625,
0.693,-2.08203125,2.8427734375,-1.3212890625,
0.6935,-1.5615234375,2.8427734375,-1.841796875,
0.694,-1.1611328125,2.7626953125,-2.0419921875,
0.6945,-0.720703125,2.802734375,-2.5224609375,
0.695,-0.16015625,2.6826171875,-2.9228515625,
0.6955,0.6005859375,2.1220703125,-3.123046875,
0.696,1.201171875,1.6416015625,-3.203125,
0.6965,1.6416015625,1.0810546875,-3.0830078125,
0.697,2.0419921875,0.640625,-3.04296875,
0.6975,2.40234375,0.1201171875,-2.8828125,
0.698,2.8427734375,-0.48046875,-2.72265625,
0.6985,2.962890625,-1.28125,-2.1220703125,
0.699,2.8828125,-1.8017578125,-1.521484375,
0.6995,2.7626953125,-2.1220703125,-1.0810546875,
0.7,2.8427734375,-2.642578125,-0.640625,
0.7005,2.5625,-3.0830078125,0,
0.701,2.08203125,-3.36328125,0.6806640625,
0.7015,1.6015625,-3.4833984375,1.28125,
0.702,1.0810546875,-3.36328125,1.76171875,
0.7025,0.6806640625,-3.2431640625,1.9619140625,
0.703,0.16015625,-3.123046875,2.3623046875,
0.7035,-0.400390625,-2.962890625,2.8427734375,
0.704,-1.2412109375,-2.2822265625,2.9228515625,
0.7045,-1.8017578125,-1.7216796875,2.8427734375,
0.705,-2.1220703125,-1.1611328125,2.6826171875,
0.7055,-2.5625,-0.720703125,2.6826171875,
0.706,-2.8828125,-0.16015625,2.40234375,
0.7065,-3.1630859375,0.560546875,2.0419921875,
0.707,-3.203125,1.28125,1.4013671875,
0.7075,-3.123046875,1.76171875,0.80078125,
0.708,-2.9228515625,2.0419921875,0.400390625,
0.7085,-2.8828125,2.482421875,-0.080078125,
0.709,-2.72265625,2.8427734375,-0.720703125,
0.7095,-2.001953125,3.0029296875,-1.4814453125,
0.71,-1.5615234375,3.0029296875,-1.9619140625,
0.7105,-1.041015625,2.9228515625,-2.2822265625,
0.711,-0.640625,2.8427734375,-2.6025390625,
0.7115,-0.1201171875,2.6025390625,-2.8828125,
0.712,0.560546875,2.3623046875,-3.2431640625,
0.7125,1.28125,1.6416015625,-3.283203125,
0.713,1.681640625,1.0810546875,-3.123046875,
0.7135,1.9619140625,0.640625,-2.962890625,
0.714,2.4423828125,0.240234375,-3.0029296875,
0.7145,2.7626953125,-0.3603515625,-2.7626953125,
0.715,2.9228515625,-1.041015625,-2.2822265625,
0.7155,2.9228515625,-1.6416015625,-1.7216796875,
0.716,2.8427734375,-2.1220703125,-1.1611328125,
0.7165,2.72265625,-2.5224609375,-0.80078125,
0.717,2.642578125,-2.8828125,-0.2802734375,
0.7175,2.5224609375,-3.2431640625,0.4404296875,
0.718,1.76171875,-3.4033203125,1.12109375,
0.7185,1.3212890625,-3.3232421875,1.44140625,
0.719,0.9208984375,-3.2431640625,1.841796875,
0.7195,0.48046875,-3.2431640625,2.2421875,
0.72,-0.1201171875,-3.0029296875,2.5224609375,
0.7205,-0.80078125,-2.642578125,2.8427734375,
0.721,-1.4814453125,-2.08203125,2.8828125,
0.7215,-1.921875,-1.4814453125,2.7626953125,
0.722,-2.2822265625,-1.041015625,2.642578125,
0.7225,-2.72265625,-0.5205078125,2.642578125,
0.723,-3.123046875,0.1201171875,2.40234375,
0.7235,-3.203125,0.9208984375,1.76171875,
0.724,-3.1630859375,1.4013671875,1.201171875,
0.7245,-3.0830078125,1.8818359375,0.640625,
0.725,-3.04296875,2.2421875,0.240234375,
0.7255,-2.72265625,2.5625,-0.5205078125,
0.726,-2.40234375,3.04296875,-1.12109375,
0.7265,-1.7216796875,3.123046875,-1.8818359375,
0.727,-1.28125,3.0029296875,-2.1220703125,
0.7275,-0.8408203125,2.8828125,-2.4423828125,
0.728,-0.3603515625,2.8427734375,-2.8828125,
0.7285,0.2802734375,2.5625,-3.203125,
0.729,1.0009765625,1.9619140625,-3.36328125,
0.7295,1.6015625,1.3212890625,-3.2431640625,
0.73,2.001953125,0.7607421875,-3.1630859375,
0.7305,2.2822265625,0.3203125,-2.962890625,
0.731,2.6826171875,-0.240234375,-2.8828125,
0.7315,3.04296875,-1.0009765625,-2.5224609375,
0.732,3.0830078125,-1.681640625,-1.8017578125,
0.7325,2.8427734375,-2.08203125,-1.28125,
0.733,2.8427734375,-2.482421875,-0.80078125,
0.7335,2.642578125,-2.962890625,-0.3603515625,
0.734,2.482421875,-3.203125,0.240234375,
0.7345,1.9619140625,-3.443359375,0.9609375,
0.735,1.361328125,-3.443359375,1.5615234375,
0.7355,0.9609375,-3.283203125,1.841796875,
0.736,0.5205078125,-3.1630859375,2.08203125,
0.7365,0,-3.123046875,2.5224609375,
0.737,-0.640625,-2.7626953125,2.8427734375,
0.7375,-1.361328125,-2.1220703125,2.8427734375,
0.738,-1.8017578125,-1.6015625,2.72265625,
0.7385,-2.2421875,-1.12109375,2.6826171875,
0.739,-2.5625,-0.6806640625,2.5625,
0.7395,-2.8828125,-0.1201171875,2.40234375,
0.74,-3.203125,0.560546875,2.0419921875,
0.7405,-3.203125,1.28125,1.3212890625,
0.741,-3.04296875,1.5615234375,0.880859375,
0.7415,-3.04296875,2.0419921875,0.4404296875,
0.742,-3.0029296875,2.5625,-0.080078125,
0.7425,-2.6025390625,2.8828125,-0.720703125,
0.743,-2.08203125,3.04296875,-1.44140625,
0.7435,-1.521484375,3.0029296875,-1.9619140625,
0.744,-1.0810546875,2.962890625,-2.322265625,
0.7445,-0.640625,2.8427734375,-2.6025390625,
0.745,-0.080078125,2.72265625,-3.04296875,
0.7455,0.640625,2.3623046875,-3.36328125,
0.746,1.361328125,1.6015625,-3.36328125,
0.7465,1.7216796875,1.12109375,-3.1630859375,
0.747,2.2021484375,0.6005859375,-3.1630859375,
0.7475,2.5625,0.1201171875,-3.0830078125,
0.748,2.8828125,-0.5205078125,-2.7626953125,
0.7485,3.123046875,-1.28125,-2.2421875,
0.749,3.04296875,-2.001953125,-1.521484375,
0.7495,2.8828125,-2.322265625,-1.12109375,
0.75,2.802734375,-2.6826171875,-0.6005859375,
0.7505,2.6826171875,-3.203125,0,
0.751,2.162109375,-3.4033203125,0.7607421875,
0.7515,1.5615234375,-3.4833984375,1.4013671875,
0.752,1.0810546875,-3.36328125,1.76171875,
0.7525,0.6806640625,-3.36328125,2.1220703125,
0.753,0.16015625,-3.1630859375,2.40234375,
0.7535,-0.4404296875,-2.8828125,2.72265625,
0.754,-1.1611328125,-2.4423828125,2.962890625,
0.7545,-1.8818359375,-1.681640625,2.8828125,
0.755,-2.08203125,-1.201171875,2.642578125,
0.7555,-2.482421875,-0.720703125,2.5625,
0.756,-2.9228515625,-0.240234375,2.5224609375,
0.7565,-3.123046875,0.4404296875,2.0419921875,
0.757,-3.203125,1.0810546875,1.521484375,
0.7575,-3.0830078125,1.5615234375,0.8408203125,
0.758,-3.0029296875,2.001953125,0.48046875,
0.7585,-2.8828125,2.322265625,0,
0.759,-2.72265625,2.7626953125,-0.5205078125,
0.7595,-2.2822265625,3.0029296875,-1.28125,
0.76,-1.6015625,3.0029296875,-1.8818359375,
0.7605,-1.201171875,2.8427734375,-2.08203125,
0.761,-0.80078125,2.8427734375,-2.5224609375,
0.7615,-0.3203125,2.7626953125,-2.8427734375,
0.762,0.2802734375,2.40234375,-3.0830078125,
0.7625,0.9609375,1.921875,-3.2431640625,
0.763,1.5615234375,1.2412109375,-3.1630859375,
0.7635,1.921875,0.80078125,-3.04296875,
0.764,2.2421875,0.3603515625,-2.962890625,
0.7645,2.6826171875,-0.2001953125,-2.9228515625,
0.765,2.8828125,-0.880859375,-2.482421875,
0.7655,2.9228515625,-1.4814453125,-1.921875,
0.766,2.802734375,-1.8818359375,-1.361328125,
0.7665,2.8427734375,-2.3623046875,-0.9609375,
0.767,2.72265625,-2.72265625,-0.48046875,
0.7675,2.5224609375,-3.0830078125,0.1201171875,
0.768,2.0419921875,-3.36328125,0.7607421875,
0.7685,1.4013671875,-3.283203125,1.3212890625,
0.769,1.0810546875,-3.203125,1.5615234375,
0.7695,0.6005859375,-3.203125,2.001953125,
0.77,0.1201171875,-3.1630859375,2.482421875,
0.7705,-0.6005859375,-2.642578125,2.642578125,
0.771,-1.201171875,-2.2021484375,2.72265625,
0.7715,-1.6416015625,-1.6416015625,2.642578125,
0.772,-2.08203125,-1.1611328125,2.6025390625,
0.7725,-2.4423828125,-0.7607421875,2.5224609375,
0.773,-2.8828125,-0.240234375,2.4423828125,
0.7735,-3.0830078125,0.48046875,1.921875,
0.774,-2.962890625,1.12109375,1.3212890625,
0.7745,-2.8828125,1.44140625,0.9208984375,
0.775,-2.962890625,1.9619140625,0.4404296875,
0.7755,-2.8427734375,2.40234375,0,
0.776,-2.4423828125,2.6025390625,-0.640625,
0.7765,-2.0419921875,2.802734375,-1.28125,
0.777,-1.5615234375,2.7626953125,-1.681640625,
0.7775,-1.1611328125,2.72265625,-2.001953125,
0.778,-0.720703125,2.6826171875,-2.40234375,
0.7785,-0.2802734375,2.6826171875,-2.8427734375,
0.779,0.4404296875,2.2421875,-3.04296875,
0.7795,1.0009765625,1.6416015625,-3.0029296875,
0.78,1.4013671875,1.201171875,-2.9228515625,
0.7805,1.921875,0.6806640625,-2.962890625,
0.781,2.2421875,0.240234375,-2.8828125,
0.7815,2.5625,-0.3203125,-2.6826171875,
0.782,2.802734375,-0.9609375,-2.2822265625,
0.7825,2.72265625,-1.44140625,-1.6416015625,
0.783,2.6826171875,-1.841796875,-1.3212890625,
0.7835,2.72265625,-2.322265625,-0.8408203125,
0.784,2.6826171875,-2.802734375,-0.3603515625,
0.7845,2.2421875,-3.0029296875,0.2802734375,
0.785,1.8017578125,-3.123046875,0.80078125,
0.7855,1.361328125,-3.123046875,1.2412109375,
0.786,0.9609375,-3.1630859375,1.681640625,
0.7865,0.48046875,-3.0830078125,2.001953125,
0.787,-0.080078125,-2.962890625,2.4423828125,
0.7875,-0.80078125,-2.5224609375,2.6826171875,
0.788,-1.3212890625,-1.921875,2.6025390625,
0.7885,-1.681640625,-1.521484375,2.5625,
0.789,-2.2421875,-1.0810546875,2.6025390625,
0.7895,-2.6826171875,-0.560546875,2.5224609375,
0.79,-2.8828125,0.1201171875,2.162109375,
0.7905,-3.0029296875,0.7607421875,1.681640625,
0.791,-2.9228515625,1.28125,1.12109375,
0.7915,-2.962890625,1.7216796875,0.6806640625,
0.792,-2.8828125,2.162109375,0.2001953125,
0.7925,-2.7626953125,2.642578125,-0.3603515625,
0.793,-2.2021484375,2.8427734375,-1.1611328125,
0.7935,-1.681640625,2.802734375,-1.6015625,
0.794,-1.28125,2.72265625,-1.921875,
0.7945,-0.880859375,2.802734375,-2.3623046875,
0.795,-0.3203125,2.6025390625,-2.72265625,
0.7955,0.3203125,2.2421875,-2.962890625,
0.796,0.9609375,1.76171875,-3.0830078125,
0.7965,1.44140625,1.201171875,-2.962890625,
0.797,1.76171875,0.7607421875,-2.8828125,
0.7975,2.162109375,0.2802734375,-2.8828125,
0.798,2.6025390625,-0.2001953125,-2.802734375,
0.7985,2.72265625,-0.9208984375,-2.2421875,
0.799,2.6826171875,-1.4013671875,-1.76171875,
0.7995,2.642578125,-1.8017578125,-1.28125,
0.8,2.72265625,-2.2822265625,-0.9208984375,
0.8005,2.5625,-2.642578125,-0.3603515625,
0.801,2.2822265625,-2.962890625,0.2001953125,
0.8015,1.841796875,-3.1630859375,0.80078125,
0.802,1.361328125,-3.0830078125,1.2412109375,
0.8025,1.041015625,-3.0830078125,1.521484375,
0.803,0.6005859375,-3.0830078125,1.9619140625,
0.8035,0.080078125,-3.04296875,2.40234375,
0.804,-0.6005859375,-2.5625,2.5224609375,
0.8045,-1.1611328125,-2.162109375,2.642578125,
0.805,-1.6416015625,-1.6015625,2.5625,
0.8055,-2.08203125,-1.2412109375,2.5625,
0.806,-2.482421875,-0.6806640625,2.5224609375,
0.8065,-2.8828125,-0.080078125,2.3623046875,
0.807,-3.0830078125,0.640625,1.841796875,
0.8075,-2.962890625,1.12109375,1.28125,
0.808,-2.962890625,1.5615234375,0.8408203125,
0.8085,-3.04296875,2.1220703125,0.3603515625,
0.809,-2.8427734375,2.5224609375,-0.2001953125,
0.8095,-2.40234375,2.7626953125,-0.9208984375,
0.81,-1.921875,2.9228515625,-1.4814453125,
0.8105,-1.44140625,2.8427734375,-1.921875,
0.811,-1.0009765625,2.802734375,-2.2421875,
0.8115,-0.5205078125,2.72265625,-2.642578125,
0.812,0.1201171875,2.5625,-3.0830078125,
0.8125,0.9208984375,1.8818359375,-3.203125,
0.813,1.361328125,1.3212890625,-3.0830078125,
0.8135,1.76171875,0.8408203125,-3.04296875,
0.814,2.2021484375,0.48046875,-3.0029296875,
0.8145,2.5224609375,-0.1201171875,-2.72265625,
0.815,2.7626953125,-0.7607421875,-2.4423828125,
0.8155,2.8427734375,-1.44140625,-1.8017578125,
0.816,2.6826171875,-1.8017578125,-1.3212890625,
0.8165,2.6025390625,-2.1220703125,-0.9609375,
0.817,2.6025390625,-2.6025390625,-0.48046875,
0.8175,2.40234375,-2.962890625,0.080078125,
0.818,1.841796875,-3.0830078125,0.7607421875,
0.8185,1.44140625,-3.0830078125,1.12109375,
0.819,1.041015625,-3.04296875,1.44140625,
0.8195,0.640625,-3.04296875,1.841796875,
0.82,0.16015625,-2.8828125,2.08203125,
0.8205,-0.400390625,-2.6826171875,2.482421875,
0.821,-1.0009765625,-2.2021484375,2.5224609375,
0.8215,-1.4013671875,-1.76171875,2.40234375,
0.822,-1.76171875,-1.3212890625,2.4423828125,
0.8225,-2.2421875,-0.9208984375,2.482421875,
0.823,-2.6025390625,-0.400390625,2.40234375,
0.8235,-2.72265625,0.16015625,2.001953125,
0.824,-2.8427734375,0.6806640625,1.5615234375,
0.8245,-2.7626953125,1.12109375,1.12109375,
0.825,-2.8427734375,1.5615234375,0.7607421875,
0.8255,-2.7626953125,2.001953125,0.2802734375,
0.826,-2.642578125,2.40234375,-0.240234375,
0.8265,-2.2421875,2.5224609375,-0.80078125,
0.827,-1.8818359375,2.5625,-1.201171875,
0.8275,-1.4814453125,2.642578125,-1.6416015625,
0.828,-1.041015625,2.6826171875,-2.1220703125,
0.8285,-0.640625,2.642578125,-2.482421875,
0.829,0,2.3623046875,-2.72265625,
0.8295,0.5205078125,1.921875,-2.9228515625,
0.83,1.0009765625,1.4814453125,-2.8828125,
0.8305,1.44140625,1.0810546875,-2.8828125,
0.831,1.9619140625,0.6005859375,-2.9228515625,
0.8315,2.40234375,0.080078125,-2.8427734375,
0.832,2.5224609375,-0.5205078125,-2.4423828125,
0.8325,2.5625,-1.0009765625,-2.001953125,
0.833,2.642578125,-1.4814453125,-1.6015625,
0.8335,2.72265625,-1.9619140625,-1.201171875,
0.834,2.6025390625,-2.40234375,-0.720703125,
0.8345,2.40234375,-2.72265625,-0.16015625,
0.835,2.001953125,-2.9228515625,0.4404296875,
0.8355,1.6015625,-2.9228515625,0.80078125,
0.836,1.2412109375,-3.0029296875,1.2412109375,
0.8365,0.7607421875,-3.0830078125,1.7216796875,
0.837,0.2802734375,-2.962890625,2.1220703125,
0.8375,-0.3603515625,-2.6025390625,2.2822265625,
0.838,-0.8408203125,-2.2021484375,2.40234375,
0.8385,-1.3212890625,-1.7216796875,2.4423828125,
0.839,-1.8017578125,-1.3212890625,2.482421875,
0.8395,-2.2021484375,-0.880859375,2.4423828125,
0.84,-2.5625,-0.2802734375,2.2421875,
0.8405,-2.72265625,0.3203125,1.841796875,
0.841,-2.6826171875,0.720703125,1.4013671875,
0.8415,-2.7626953125,1.201171875,1.041015625,
0.842,-2.8427734375,1.7216796875,0.6005859375,
0.8425,-2.72265625,2.08203125,0.1201171875,
0.843,-2.40234375,2.322265625,-0.48046875,
0.8435,-2.0419921875,2.5224609375,-0.9609375,
0.844,-1.6416015625,2.5224609375,-1.361328125,
0.8445,-1.28125,2.5224609375,-1.8017578125,
0.845,-0.80078125,2.5224609375,-2.2421875,
0.8455,-0.3203125,2.4423828125,-2.6025390625,
0.846,0.2802734375,2.0419921875,-2.72265625,
0.8465,0.7607421875,1.6416015625,-2.7626953125,
0.847,1.2412109375,1.28125,-2.8828125,
0.8475,1.76171875,0.80078125,-2.9228515625,
0.848,2.162109375,0.3603515625,-2.8828125,
0.8485,2.4423828125,-0.2001953125,-2.6025390625,
0.849,2.5224609375,-0.80078125,-2.2021484375,
0.8495,2.5625,-1.2412109375,-1.76171875,
0.85,2.642578125,-1.681640625,-1.4013671875,
0.8505,2.6826171875,-2.2021484375,-0.9208984375,
0.851,2.5224609375,-2.5625,-0.400390625,
0.8515,2.08203125,-2.7626953125,0.16015625,
0.852,1.841796875,-2.8828125,0.6005859375,
0.8525,1.4013671875,-3.04296875,1.041015625,
0.853,1.0009765625,-3.0830078125,1.4814453125,
0.8535,0.5205078125,-3.0029296875,1.8818359375,
0.854,-0.0400390625,-2.72265625,2.2421875,
0.8545,-0.640625,-2.322265625,2.40234375,
0.855,-1.041015625,-1.921875,2.40234375,
0.8555,-1.5615234375,-1.5615234375,2.4423828125,
0.856,-2.08203125,-1.041015625,2.5224609375,
0.8565,-2.4423828125,-0.5205078125,2.3623046875,
0.857,-2.6025390625,0,1.9619140625,
0.8575,-2.72265625,0.560546875,1.5615234375,
0.858,-2.7626953125,1.041015625,1.201171875,
0.8585,-2.8427734375,1.4814453125,0.80078125,
0.859,-2.7626953125,1.921875,0.3203125,
0.8595,-2.6025390625,2.2822265625,-0.2802734375,
0.86,-2.162109375,2.482421875,-0.80078125,
0.8605,-1.8017578125,2.482421875,-1.1611328125,
0.861,-1.44140625,2.5625,-1.6015625,
0.8615,-1.0009765625,2.6025390625,-2.1220703125,
0.862,-0.5205078125,2.5224609375,-2.5224609375,
0.8625,0.1201171875,2.2021484375,-2.72265625,
0.863,0.640625,1.76171875,-2.8427734375,
0.8635,1.12109375,1.3212890625,-2.8427734375,
0.864,1.5615234375,0.9208984375,-2.8828125,
0.8645,2.0419921875,0.48046875,-2.8828125,
0.865,2.40234375,-0.1201171875,-2.72265625,
0.8655,2.5224609375,-0.720703125,-2.2421875,
0.866,2.5625,-1.1611328125,-1.8818359375,
0.8665,2.642578125,-1.6416015625,-1.44140625,
0.867,2.6826171875,-2.162109375,-1.0009765625,
0.8675,2.5224609375,-2.5625,-0.5205078125,
0.868,2.2421875,-2.8427734375,0.1201171875,
0.8685,1.841796875,-2.962890625,0.640625,
0.869,1.44140625,-3.0029296875,1.0009765625,
0.8695,1.0009765625,-3.0830078125,1.4013671875,
0.87,0.560546875,-3.0029296875,1.921875,
0.8705,-0.0400390625,-2.802734375,2.2421875,
0.871,-0.640625,-2.322265625,2.40234375,
0.8715,-1.0810546875,-1.9619140625,2.482421875,
0.872,-1.5615234375,-1.5615234375,2.482421875,
0.8725,-2.001953125,-1.12109375,2.5224609375,
0.873,-2.40234375,-0.640625,2.40234375,
0.8735,-2.72265625,0,2.162109375,
0.874,-2.7626953125,0.6005859375,1.5615234375,
0.8745,-2.7626953125,0.9609375,1.2412109375,
0.875,-2.802734375,1.44140625,0.80078125,
0.8755,-2.8427734375,1.9619140625,0.3203125,
0.876,-2.6025390625,2.2822265625,-0.2001953125,
0.8765,-2.2021484375,2.482421875,-0.80078125,
0.877,-1.841796875,2.5224609375,-1.2412109375,
0.8775,-1.4814453125,2.5625,-1.6416015625,
0.878,-1.041015625,2.6025390625,-2.001953125,
0.8785,-0.6005859375,2.5224609375,-2.4423828125,
0.879,0.0400390625,2.40234375,-2.7626953125,
0.8795,0.6005859375,1.841796875,-2.8427734375,
0.88,1.0009765625,1.4013671875,-2.802734375,
0.8805,1.4814453125,1.0009765625,-2.8828125,
0.881,1.9619140625,0.560546875,-2.8828125,
0.8815,2.2822265625,0,-2.72265625,
0.882,2.5224609375,-0.5205078125,-2.40234375,
0.8825,2.5625,-1.0810546875,-1.921875,
0.883,2.6025390625,-1.4814453125,-1.5615234375,
0.8835,2.642578125,-1.9619140625,-1.1611328125,
0.884,2.6025390625,-2.4423828125,-0.640625,
0.8845,2.3623046875,-2.802734375,-0.080078125,
0.885,1.921875,-2.9228515625,0.48046875,
0.8855,1.5615234375,-3.0029296875,0.80078125,
0.886,1.201171875,-3.0830078125,1.3212890625,
0.8865,0.7607421875,-3.0830078125,1.76171875,
0.887,0.240234375,-2.9228515625,2.1220703125,
0.8875,-0.400390625,-2.6025390625,2.4423828125,
0.888,-1.0009765625,-2.1220703125,2.5224609375,
0.8885,-1.4013671875,-1.681640625,2.482421875,
0.889,-1.8818359375,-1.28125,2.5224609375,
0.8895,-2.40234375,-0.80078125,2.5224609375,
0.89,-2.72265625,-0.16015625,2.2421875,
0.8905,-2.8427734375,0.48046875,1.8017578125,
0.891,-2.8427734375,0.9609375,1.3212890625,
0.8915,-2.9228515625,1.44140625,0.9208984375,
0.892,-2.9228515625,1.921875,0.4404296875,
0.8925,-2.7626953125,2.2822265625,-0.1201171875,
0.893,-2.40234375,2.642578125,-0.8408203125,
0.8935,-1.8818359375,2.72265625,-1.44140625,
0.894,-1.4814453125,2.72265625,-1.681640625,
0.8945,-1.041015625,2.72265625,-2.1220703125,
0.895,-0.5205078125,2.72265625,-2.6025390625,
0.8955,0.2001953125,2.3623046875,-2.9228515625,
0.896,0.880859375,1.841796875,-3.0830078125,
0.8965,1.3212890625,1.3212890625,-3.04296875,
0.897,1.76171875,0.880859375,-3.04296875,
0.8975,2.162109375,0.4404296875,-2.8828125,
0.898,2.5625,-0.1201171875,-2.8427734375,
0.8985,2.8427734375,-0.880859375,-2.40234375,
0.899,2.8427734375,-1.5615234375,-1.7216796875,
0.8995,2.72265625,-1.8818359375,-1.28125,
0.9,2.7626953125,-2.3623046875,-0.8408203125,
0.9005,2.6826171875,-2.8828125,-0.3603515625,
0.901,2.2421875,-3.1630859375,0.3203125,
0.9015,1.8017578125,-3.36328125,0.9609375,
0.902,1.28125,-3.283203125,1.521484375,
0.9025,0.880859375,-3.203125,1.76171875,
0.903,0.400390625,-3.0830078125,2.08203125,
0.9035,-0.16015625,-3.0029296875,2.5625,
0.904,-0.9609375,-2.5224609375,2.802734375,
0.9045,-1.521484375,-1.921875,2.802734375,
0.905,-1.8818359375,-1.361328125,2.6025390625,
0.9055,-2.2822265625,-1.0009765625,2.642578125,
0.906,-2.642578125,-0.4404296875,2.5224609375,
0.9065,-2.962890625,0.16015625,2.2021484375,
0.907,-3.203125,0.9208984375,1.7216796875,
0.9075,-3.0830078125,1.4814453125,1.041015625,
0.908,-2.9228515625,1.76171875,0.6005859375,
0.9085,-2.9228515625,2.2021484375,0.16015625,
0.909,-2.802734375,2.642578125,-0.3603515625,
0.9095,-2.2822265625,2.8427734375,-1.1611328125,
0.91,-1.76171875,3.0029296875,-1.681640625,
0.9105,-1.28125,2.8828125,-2.08203125,
0.911,-0.9208984375,2.8828125,-2.4423828125,
0.9115,-0.400390625,2.6826171875,-2.72265625,
0.912,0.16015625,2.5625,-3.0830078125,
0.9125,0.9609375,2.001953125,-3.283203125,
0.913,1.5615234375,1.28125,-3.203125,
0.9135,1.841796875,0.880859375,-3.04296875,
0.914,2.2822265625,0.400390625,-3.0830078125,
0.9145,2.6826171875,-0.16015625,-2.8828125,
0.915,2.8828125,-0.8408203125,-2.4423828125,
0.9155,3.04296875,-1.4814453125,-1.9619140625,
0.916,2.9228515625,-2.0419921875,-1.3212890625,
0.9165,2.8427734375,-2.4423828125,-0.9208984375,
0.917,2.6826171875,-2.802734375,-0.400390625,
0.9175,2.6025390625,-3.283203125,0.1201171875,
0.918,1.9619140625,-3.4833984375,0.9609375,
0.9185,1.4013671875,-3.4033203125,1.44140625,
0.919,0.9609375,-3.283203125,1.76171875,
0.9195,0.5205078125,-3.283203125,2.2421875,
0.92,-0.080078125,-3.0830078125,2.5224609375,
0.9205,-0.7607421875,-2.642578125,2.802734375,
0.921,-1.44140625,-2.1220703125,2.9228515625,
0.9215,-1.9619140625,-1.4814453125,2.7626953125,
0.922,-2.2021484375,-1.041015625,2.6025390625,
0.9225,-2.6025390625,-0.6005859375,2.5625,
0.923,-3.0830078125,0,2.4423828125,
0.9235,-3.1630859375,0.7607421875,1.76171875,
0.924,-3.0830078125,1.28125,1.28125,
0.9245,-3.0029296875,1.76171875,0.6806640625,
0.925,-2.962890625,2.1220703125,0.2802734375,
0.9255,-2.7626953125,2.482421875,-0.2802734375,
0.926,-2.5224609375,2.8427734375,-0.8408203125,
0.9265,-1.8818359375,3.0029296875,-1.6015625,
0.927,-1.4013671875,2.8828125,-1.9619140625,
0.9275,-1.0009765625,2.7626953125,-2.2021484375,
0.928,-0.6005859375,2.802734375,-2.6025390625,
0.9285,0,2.642578125,-3.0029296875,
0.929,0.6806640625,2.08203125,-3.1630859375,
0.9295,1.2412109375,1.6015625,-3.203125,
0.93,1.681640625,1.0009765625,-3.0830078125,
0.9305,2.0419921875,0.6005859375,-3.0029296875,
0.931,2.40234375,0.1201171875,-2.8828125,
0.9315,2.8427734375,-0.4404296875,-2.7626953125,
0.932,2.962890625,-1.2412109375,-2.162109375,
0.9325,2.8427734375,-1.681640625,-1.6015625,
0.933,2.7626953125,-2.1220703125,-1.1611328125,
0.9335,2.8427734375,-2.6025390625,-0.7607421875,
0.934,2.6025390625,-2.962890625,-0.16015625,
0.9345,2.2421875,-3.203125,0.48046875,
0.935,1.76171875,-3.36328125,1.12109375,
0.9355,1.2412109375,-3.2431640625,1.521484375,
0.936,0.8408203125,-3.203125,1.841796875,
0.9365,0.3203125,-3.1630859375,2.2421875,
0.937,-0.2802734375,-3.0830078125,2.72265625,
0.9375,-1.0009765625,-2.4423828125,2.802734375,
0.938,-1.4814453125,-1.921875,2.7626953125,
0.9385,-1.9619140625,-1.3212890625,2.6826171875,
0.939,-2.40234375,-0.9208984375,2.6826171875,
0.9395,-2.72265625,-0.3603515625,2.482421875,
0.94,-3.0830078125,0.2802734375,2.162109375,
0.9405,-3.1630859375,1.0009765625,1.5615234375,
0.941,-3.04296875,1.4013671875,1.0009765625,
0.9415,-2.962890625,1.76171875,0.560546875,
0.942,-2.962890625,2.3623046875,0.1201171875,
0.9425,-2.7626953125,2.7626953125,-0.5205078125,
0.943,-2.162109375,2.9228515625,-1.2412109375,
0.9435,-1.6416015625,2.9228515625,-1.76171875,
0.944,-1.2412109375,2.8427734375,-2.1220703125,
0.9445,-0.80078125,2.802734375,-2.4423828125,
0.945,-0.2802734375,2.642578125,-2.7626953125,
0.9455,0.400390625,2.40234375,-3.203125,
0.946,1.1611328125,1.7216796875,-3.2431640625,
0.9465,1.521484375,1.2412109375,-3.0830078125,
0.947,1.921875,0.7607421875,-2.962890625,
0.9475,2.3623046875,0.2802734375,-2.962890625,
0.948,2.6826171875,-0.3203125,-2.7626953125,
0.9485,2.8828125,-1.0009765625,-2.322265625,
0.949,2.9228515625,-1.6416015625,-1.76171875,
0.9495,2.802734375,-2.0419921875,-1.28125,
0.95,2.72265625,-2.3623046875,-0.80078125,
0.9505,2.6826171875,-2.8427734375,-0.3203125,
0.951,2.4423828125,-3.283203125,0.3203125,
0.9515,1.76171875,-3.36328125,1.0810546875,
0.952,1.3212890625,-3.283203125,1.4013671875,
0.9525,0.9208984375,-3.2431640625,1.8017578125,
0.953,0.48046875,-3.203125,2.2021484375,
0.9535,-0.16015625,-2.962890625,2.5224609375,
0.954,-0.80078125,-2.6025390625,2.8427734375,
0.9545,-1.5615234375,-1.9619140625,2.8828125,
0.955,-1.8818359375,-1.4814453125,2.6826171875,
0.9555,-2.2822265625,-1.0009765625,2.6025390625,
0.956,-2.72265625,-0.5205078125,2.6025390625,
0.9565,-3.1630859375,0.16015625,2.3623046875,
0.957,-3.203125,0.880859375,1.7216796875,
0.9575,-3.1630859375,1.4013671875,1.12109375,
0.958,-3.0830078125,1.921875,0.640625,
0.9585,-3.0029296875,2.2822265625,0.2001953125,
0.959,-2.7626953125,2.6826171875,-0.4404296875,
0.9595,-2.40234375,3.04296875,-1.1611328125,
0.96,-1.681640625,3.1630859375,-1.8818359375,
0.9605,-1.28125,2.9228515625,-2.1220703125,
0.961,-0.8408203125,2.8828125,-2.482421875,
0.9615,-0.3203125,2.8427734375,-2.9228515625,
0.962,0.3203125,2.5224609375,-3.203125,
0.9625,1.041015625,1.9619140625,-3.36328125,
0.963,1.7216796875,1.28125,-3.283203125,
0.9635,2.001953125,0.7607421875,-3.123046875,
0.964,2.3623046875,0.2802734375,-2.962890625,
0.9645,2.7626953125,-0.2802734375,-2.8828125,
0.965,3.0830078125,-1.0810546875,-2.4423828125,
0.9655,3.04296875,-1.8017578125,-1.8017578125,
0.966,2.8828125,-2.1220703125,-1.2412109375,
0.9665,2.8427734375,-2.5224609375,-0.80078125,
0.967,2.7626953125,-2.9228515625,-0.2802734375,
0.9675,2.482421875,-3.203125,0.2802734375,
0.968,1.9619140625,-3.5234375,1.0009765625,
0.9685,1.28125,-3.4833984375,1.681640625,
0.969,0.9208984375,-3.283203125,1.841796875,
0.9695,0.48046875,-3.1630859375,2.162109375,
0.97,0,-3.1630859375,2.5224609375,
0.9705,-0.720703125,-2.6826171875,2.8427734375,
0.971,-1.4013671875,-2.08203125,2.8427734375,
0.9715,-1.8818359375,-1.5615234375,2.7626953125,
0.972,-2.2421875,-1.041015625,2.642578125,
0.9725,-2.5625,-0.640625,2.5224609375,
0.973,-2.9228515625,-0.1201171875,2.40234375,
0.9735,-3.203125,0.560546875,1.9619140625,
0.974,-3.1630859375,1.28125,1.28125,
0.9745,-2.962890625,1.5615234375,0.8408203125,
0.975,-2.962890625,2.0419921875,0.400390625,
0.9755,-2.9228515625,2.5224609375,-0.080078125,
0.976,-2.6025390625,2.802734375,-0.720703125,
0.9765,-2.08203125,2.962890625,-1.361328125,
0.977,-1.521484375,2.962890625,-1.8818359375,
0.9775,-1.1611328125,2.8427734375,-2.1220703125,
0.978,-0.720703125,2.802734375,-2.5224609375,
0.9785,-0.2001953125,2.72265625,-2.9228515625,
0.979,0.560546875,2.3623046875,-3.203125,
0.9795,1.201171875,1.681640625,-3.203125,
0.98,1.5615234375,1.201171875,-3.0830078125,
0.9805,2.001953125,0.6806640625,-3.0830078125,
0.981,2.40234375,0.2001953125,-3.0029296875,
0.9815,2.72265625,-0.400390625,-2.8427734375,
0.982,2.962890625,-1.0009765625,-2.3623046875,
0.9825,2.8828125,-1.6416015625,-1.681640625,
0.983,2.7626953125,-1.9619140625,-1.2412109375,
0.9835,2.7626953125,-2.4423828125,-0.80078125,
0.984,2.6826171875,-2.9228515625,-0.2802734375,
0.9845,2.2421875,-3.203125,0.48046875,
0.985,1.76171875,-3.283203125,1.041015625,
0.9855,1.28125,-3.203125,1.4013671875,
0.986,0.9208984375,-3.203125,1.8017578125,
0.9865,0.400390625,-3.0830078125,2.162109375,
0.987,-0.16015625,-2.962890625,2.5224609375,
0.9875,-0.8408203125,-2.5625,2.802734375,
0.988,-1.4814453125,-1.8818359375,2.72265625,
0.9885,-1.76171875,-1.4814453125,2.5625,
0.989,-2.2421875,-1.0009765625,2.5224609375,
0.9895,-2.642578125,-0.5205078125,2.482421875,
0.99,-2.8828125,0.2001953125,2.162109375,
0.9905,-3.04296875,0.720703125,1.7216796875,
0.991,-2.9228515625,1.28125,1.12109375,
0.9915,-2.8828125,1.6015625,0.720703125,
0.992,-2.8427734375,2.0419921875,0.2802734375,
0.9925,-2.7626953125,2.5224609375,-0.240234375,
0.993,-2.322265625,2.7626953125,-0.9208984375,
0.9935,-1.8017578125,2.7626953125,-1.44140625,
0.994,-1.44140625,2.6826171875,-1.7216796875,
0.9945,-1.0009765625,2.72265625,-2.162109375,
0.995,-0.6005859375,2.6826171875,-2.5625,
0.9955,0,2.4423828125,-2.8427734375,
0.996,0.640625,2.0419921875,-3.0830078125,
0.9965,1.201171875,1.4013671875,-2.962890625,
0.997,1.5615234375,1.0009765625,-2.8828125,
0.9975,1.921875,0.560546875,-2.9228515625,
0.998,2.4423828125,0.1201171875,-2.9228515625,
0.9985,2.6826171875,-0.560546875,-2.5625,
0.999,2.72265625,-1.12109375,-2.08203125,
0.9995,2.72265625,-1.5615234375,-1.6015625,