Date,2020-12-21 14:44:30
Filename,STFCB-20201012-0105-0125_20201221_144004_002.dat
Data Label,벨트느슨함
Label No,04
Motor Spec,R-PAHU-04S,1760,55,105.3,
Period,1SEC
Sample Rate,2000
RMS,59.19953,58.70269,58.73544,
Data Length,2000,
0,64.1025390625,19.2587890625,-80.0380859375,
0.0005,52.2509765625,34.193359375,-81.6396484375,
0.001,30.1494140625,50.609375,-79.1572265625,
0.0015,31.0703125,53.01171875,-81.6396484375,
0.002,-2.5625,70.7890625,-68.2265625,
0.0025,-4.3642578125,74.15234375,-70.62890625,
0.003,-28.34765625,81.5595703125,-58.537109375,
0.0035,-42.5615234375,81.4794921875,-46.525390625,
0.004,-49.48828125,81.4794921875,-42.681640625,
0.0045,-66.78515625,80.3984375,-12.732421875,
0.005,-68.7470703125,81.119140625,-11.4111328125,
0.0055,-81.6396484375,67.0654296875,18.8984375,
0.006,-81.599609375,59.6982421875,28.3076171875,
0.0065,-81.599609375,51.2099609375,40.0791015625,
0.007,-81.599609375,25.9453125,56.0947265625,
0.0075,-81.599609375,26.8662109375,57.49609375,
0.008,-70.94921875,-6.9267578125,74.9931640625,
0.0085,-70.3486328125,-10.2099609375,77.4755859375,
0.009,-57.81640625,-29.7890625,81.4794921875,
0.0095,-40.439453125,-45.5244140625,81.4794921875,
0.01,-38.7177734375,-50.529296875,81.4794921875,
0.0105,-6.486328125,-67.505859375,73.9921875,
0.011,-4.3642578125,-68.7470703125,73.7119140625,
0.0115,22.421875,-81.599609375,60.859375,
0.012,34.6337890625,-81.599609375,50.0888671875,
0.0125,45.1240234375,-81.599609375,46.1650390625,
0.013,63.421875,-81.599609375,18.8583984375,
0.0135,65.3837890625,-81.6396484375,19.5791015625,
0.014,81.4794921875,-69.828125,-12.6923828125,
0.0145,81.4794921875,-66.9853515625,-17.857421875,
0.015,81.4794921875,-56.294921875,-35.0341796875,
0.0155,81.4794921875,-35.2744140625,-50.76953125,
0.016,81.4794921875,-33.9130859375,-54.1728515625,
0.0165,74.5927734375,-0.9208984375,-70.5087890625,
0.017,71.8701171875,2.5625,-70.8291015625,
0.0175,58.5771484375,25.5849609375,-80.9990234375,
0.018,44.0029296875,39.2783203125,-80.6787109375,
0.0185,42.2412109375,47.966796875,-81.6396484375,
0.019,11.5712890625,64.86328125,-75.9541015625,
0.0195,12.3720703125,65.0634765625,-77.7158203125,
0.02,-17.697265625,79.7177734375,-62.541015625,
0.0205,-26.3056640625,81.4794921875,-57.5361328125,
0.021,-40.8798828125,81.4794921875,-51.2900390625,
0.0215,-58.5771484375,81.439453125,-27.466796875,
0.022,-60.69921875,81.4794921875,-27.3466796875,
0.0225,-76.634765625,71.7099609375,5.365234375,
0.023,-78.63671875,68.8671875,10.41015625,
0.0235,-81.599609375,56.615234375,29.7490234375,
0.024,-81.5595703125,39.078125,46.2451171875,
0.0245,-81.599609375,39.1982421875,51.1298828125,
0.025,-75.9140625,6.56640625,66.865234375,
0.0255,-74.6728515625,6.24609375,65.3837890625,
0.026,-61.0595703125,-20.259765625,78.95703125,
0.0265,-52.6513671875,-32.431640625,81.4794921875,
0.027,-47.9267578125,-43.72265625,81.4794921875,
0.0275,-20.740234375,-60.05859375,80.55859375,
0.028,-19.939453125,-60.4990234375,80.6787109375,
0.0285,11.8115234375,-75.8740234375,64.8232421875,
0.029,18.6181640625,-80.1982421875,62.541015625,
0.0295,35.6748046875,-81.599609375,53.4521484375,
0.03,53.2119140625,-81.5595703125,33.8330078125,
0.0305,56.5751953125,-81.599609375,34.9140625,
0.031,72.7509765625,-74.873046875,1.12109375,
0.0315,72.7109375,-73.912109375,0,
0.032,81.439453125,-61.7802734375,-23.5830078125,
0.0325,81.4794921875,-49.087890625,-39.078125,
0.033,81.4794921875,-46.3251953125,-46.0048828125,
0.0335,78.7568359375,-15.775390625,-60.5791015625,
0.034,76.5146484375,-14.2939453125,-59.337890625,
0.0345,61.5,15.1748046875,-73.83203125,
0.035,56.6552734375,25.14453125,-78.9970703125,
0.0355,50.3291015625,38.7578125,-81.6396484375,
0.036,25.5849609375,56.375,-81.0791015625,
0.0365,27.1064453125,56.455078125,-81.6396484375,
0.037,-6.0859375,72.5908203125,-67.10546875,
0.0375,-9.76953125,76.1943359375,-67.5859375,
0.038,-30.58984375,81.359375,-58.697265625,
0.0385,-47.966796875,81.439453125,-42.76171875,
0.039,-52.2509765625,81.4794921875,-41.400390625,
0.0395,-66.78515625,76.6748046875,-9.12890625,
0.04,-66.7451171875,74.7529296875,-7.287109375,
0.0405,-81.599609375,61.9404296875,19.9794921875,
0.041,-81.599609375,52.2509765625,32.51171875,
0.0415,-81.599609375,48.1669921875,42.6015625,
0.042,-79.837890625,19.859375,58.216796875,
0.0425,-79.037109375,20.2998046875,56.375,
0.043,-63.4619140625,-11.0908203125,72.1904296875,
0.0435,-62.7412109375,-17.13671875,77.35546875,
0.044,-54.8935546875,-34.59375,81.4794921875,
0.0445,-34.2333984375,-49.96875,81.4794921875,
0.045,-33.6328125,-51.8505859375,81.4794921875,
0.0455,-0.640625,-67.7060546875,68.626953125,
0.046,2.3623046875,-71.1494140625,69.66796875,
0.0465,27.0263671875,-81.599609375,60.05859375,
0.047,42.0009765625,-81.5595703125,46.8056640625,
0.0475,47.5263671875,-81.599609375,46.0849609375,
0.048,64.3427734375,-79.59765625,14.09375,
0.0485,63.0615234375,-79.27734375,14.734375,
0.049,80.0380859375,-65.3037109375,-15.53515625,
0.0495,81.4794921875,-61.1396484375,-24.263671875,
0.05,81.4794921875,-52.05078125,-36.8759765625,
0.0505,78.6767578125,-26.3857421875,-51.009765625,
0.051,78.8369140625,-25.625,-51.08984375,
0.0515,63.421875,6.5263671875,-67.7060546875,
0.052,63.9423828125,11.9716796875,-72.9912109375,
0.0525,55.09375,31.2705078125,-81.6396484375,
0.053,37.2763671875,47.646484375,-81.599609375,
0.0535,38.3173828125,51.0498046875,-81.599609375,
0.054,5.4052734375,66.9052734375,-72.5908203125,
0.0545,5.4453125,68.947265625,-75.353515625,
0.055,-22.4619140625,81.4794921875,-64.0224609375,
0.0555,-34.6337890625,81.4794921875,-56.6552734375,
0.056,-44.0029296875,81.4794921875,-50.529296875,
0.0565,-58.6171875,81.1591796875,-22.501953125,
0.057,-58.2568359375,80.3984375,-21.541015625,
0.0575,-76.1142578125,65.984375,10.08984375,
0.058,-80.4384765625,63.2216796875,17.4169921875,
0.0585,-81.599609375,53.0517578125,32.3515625,
0.059,-80.8388671875,31.1904296875,48.4873046875,
0.0595,-81.6396484375,32.3115234375,49.96875,
0.06,-67.986328125,-0.80078125,66.6650390625,
0.0605,-71.3896484375,-1.8017578125,70.3486328125,
0.061,-60.5390625,-25.384765625,81.51953125,
0.0615,-47.806640625,-39.638671875,81.4794921875,
0.062,-45.64453125,-45.6044921875,81.4794921875,
0.0625,-15.0146484375,-61.740234375,77.1552734375,
0.063,-14.57421875,-63.3017578125,79.037109375,
0.0635,15.85546875,-81.0791015625,66.4248046875,
0.064,24.984375,-81.599609375,60.2587890625,
0.0645,36.1552734375,-81.599609375,51.6904296875,
0.065,53.251953125,-79.7578125,26.6259765625,
0.0655,54.373046875,-81.6396484375,28.5078125,
0.066,72.7109375,-68.2265625,-4.64453125,
0.0665,76.07421875,-68.70703125,-7.84765625,
0.067,81.51953125,-58.2568359375,-26.6259765625,
0.0675,81.4794921875,-39.71875,-42.3212890625,
0.068,81.4794921875,-38.59765625,-45.6845703125,
0.0685,71.189453125,-7.20703125,-61.900390625,
0.069,72.7509765625,-5.6455078125,-64.2626953125,
0.0695,60.8193359375,20.900390625,-79.1171875,
0.07,51.2099609375,31.7109375,-80.5185546875,
0.0705,47.2060546875,41.6005859375,-81.6396484375,
0.071,19.779296875,58.6171875,-77.5556640625,
0.0715,21.4609375,60.21875,-81.6396484375,
0.072,-10.73046875,78.7568359375,-68.3466796875,
0.0725,-16.416015625,81.359375,-66.1845703125,
0.073,-32.5517578125,81.4794921875,-57.49609375,
0.0735,-48.7275390625,81.359375,-35.5947265625,
0.074,-51.41015625,81.359375,-35.5947265625,
0.0745,-68.5869140625,70.62890625,-2.3623046875,
0.075,-70.5087890625,70.548828125,0.16015625,
0.0755,-80.2783203125,57.095703125,22.90234375,
0.076,-79.1572265625,42.4013671875,36.3154296875,
0.0765,-81.599609375,41.2802734375,43.72265625,
0.077,-73.8720703125,10.7705078125,61.419921875,
0.0775,-76.1943359375,11.9716796875,61.7802734375,
0.078,-62.9013671875,-16.416015625,77.115234375,
0.0785,-57.17578125,-25.0244140625,80.158203125,
0.079,-51.25,-38.3173828125,81.4794921875,
0.0795,-27.1064453125,-55.57421875,81.4794921875,
0.08,-27.947265625,-58.77734375,81.4794921875,
0.0805,5.0048828125,-75.3134765625,71.109375,
0.081,9.609375,-77.8759765625,69.34765625,
0.0815,28.5078125,-81.599609375,57.8564453125,
0.082,45.1640625,-81.599609375,39.4384765625,
0.0825,49.328125,-81.5595703125,40.7197265625,
0.083,66.9052734375,-74.6328125,7.4873046875,
0.0835,66.2646484375,-74.1123046875,7.20703125,
0.084,78.5966796875,-59.9384765625,-19.05859375,
0.0845,81.51953125,-50.9697265625,-30.7900390625,
0.085,81.51953125,-45.2041015625,-41.720703125,
0.0855,78.076171875,-18.2177734375,-58.296875,
0.086,79.4375,-17.6572265625,-59.41796875,
0.0865,64.3828125,13.29296875,-75.2734375,
0.087,60.859375,20.33984375,-78.556640625,
0.0875,52.6513671875,35.71484375,-81.6396484375,
0.088,31.5107421875,53.412109375,-81.599609375,
0.0885,33.5927734375,57.255859375,-81.6396484375,
0.089,-1.0009765625,73.6318359375,-73.591796875,
0.0895,-1.9619140625,74.1123046875,-73.6318359375,
0.09,-25.5849609375,81.3193359375,-60.05859375,
0.0905,-40.7197265625,81.3994140625,-47.1259765625,
0.091,-47.6064453125,81.4794921875,-44.68359375,
0.0915,-64.462890625,77.7158203125,-13.1328125,
0.092,-62.701171875,74.8330078125,-12.091796875,
0.0925,-77.1953125,59.818359375,17.0966796875,
0.093,-80.23828125,52.69140625,27.2666015625,
0.0935,-81.599609375,46.685546875,39.5986328125,
0.094,-80.478515625,21.701171875,56.9755859375,
0.0945,-81.6396484375,23.3828125,57.6162109375,
0.095,-66.625,-9.3291015625,73.3916015625,
0.0955,-66.705078125,-12.4921875,76.2744140625,
0.096,-57.2158203125,-32.591796875,81.5595703125,
0.0965,-41.0400390625,-49.2880859375,81.4794921875,
0.097,-40.7197265625,-54.1328125,81.4794921875,
0.0975,-7.20703125,-70.46875,79.59765625,
0.098,-5.125,-69.5078125,76.234375,
0.0985,21.78125,-81.6396484375,62.78125,
0.099,34.3134765625,-81.5595703125,52.2509765625,
0.0995,44.84375,-81.599609375,48.1669921875,
0.1,60.4990234375,-80.23828125,19.5390625,
0.1005,58.77734375,-79.6376953125,20.1396484375,
0.101,73.7919921875,-62.30078125,-11.7314453125,
0.1015,77.0751953125,-60.1787109375,-17.4169921875,
0.102,81.4794921875,-52.8515625,-34.7939453125,
0.1025,81.4794921875,-31.2705078125,-52.2109375,
0.103,81.4794921875,-31.55078125,-53.5322265625,
0.1035,70.3486328125,1.6416015625,-69.34765625,
0.104,70.4287109375,4.564453125,-71.7099609375,
0.1045,59.5380859375,28.1474609375,-81.6396484375,
0.105,46.4853515625,43.3623046875,-81.599609375,
0.1055,46.125,49.728515625,-81.5595703125,
0.106,13.453125,65.82421875,-80.1982421875,
0.1065,14.013671875,63.8623046875,-79.3173828125,
0.107,-15.6552734375,79.7177734375,-65.34375,
0.1075,-25.9052734375,81.4794921875,-59.8984375,
0.108,-39.1181640625,81.4794921875,-53.8125,
0.1085,-54.7333984375,81.4794921875,-27.5869140625,
0.109,-53.9326171875,80.7587890625,-27.2265625,
0.1095,-69.02734375,63.1416015625,5.3251953125,
0.11,-73.2314453125,62.8212890625,10.2900390625,
0.1105,-81.599609375,53.01171875,30.109375,
0.111,-81.599609375,35.5546875,46.205078125,
0.1115,-81.599609375,36.1552734375,49.0078125,
0.112,-71.4296875,3.7236328125,65.6240234375,
0.1125,-73.431640625,3.84375,66.8251953125,
0.113,-63.501953125,-22.9423828125,81.4794921875,
0.1135,-56.4150390625,-36.1953125,81.3994140625,
0.114,-51.890625,-44.9638671875,81.3994140625,
0.1145,-22.822265625,-59.1376953125,81.4794921875,
0.115,-22.58203125,-58.45703125,81.51953125,
0.1155,9.9296875,-74.79296875,66.3046875,
0.116,17.13671875,-79.9580078125,64.302734375,
0.1165,32.671875,-81.599609375,55.2939453125,
0.117,49.087890625,-80.638671875,32.3515625,
0.1175,48.9677734375,-81.6396484375,34.11328125,
0.118,65.3837890625,-65.50390625,0.5205078125,
0.1185,68.1865234375,-67.5458984375,-0.9208984375,
0.119,80.8388671875,-57.1357421875,-23.703125,
0.1195,81.4794921875,-43.8427734375,-38.4775390625,
0.12,81.4794921875,-41.16015625,-44.203125,
0.1205,73.2314453125,-11.2109375,-60.21875,
0.121,75.5537109375,-10.8505859375,-62.0205078125,
0.1215,64.5830078125,18.8984375,-80.9990234375,
0.122,59.5380859375,29.2685546875,-81.6396484375,
0.1225,52.8916015625,40.0390625,-81.599609375,
0.123,26.9462890625,55.09375,-81.599609375,
0.1235,28.34765625,54.5732421875,-81.6396484375,
0.124,-5.3251953125,71.3896484375,-66.9453125,
0.1245,-8.9287109375,75.43359375,-67.986328125,
0.125,-27.9072265625,81.4794921875,-56.4150390625,
0.1255,-43.0419921875,79.7978515625,-37.8369140625,
0.126,-46.4453125,81.4794921875,-36.67578125,
0.1265,-62.94140625,66.4248046875,-4.64453125,
0.127,-65.1435546875,68.306640625,-3.603515625,
0.1275,-81.599609375,57.9365234375,23.22265625,
0.128,-81.599609375,47.56640625,34.9541015625,
0.1285,-81.599609375,44.68359375,43.40234375,
0.129,-78.716796875,16.4560546875,60.0986328125,
0.1295,-81.6396484375,18.09765625,60.9794921875,
0.13,-68.3466796875,-13.9736328125,80.0380859375,
0.1305,-67.2255859375,-19.619140625,81.439453125,
0.131,-57.65625,-35.1142578125,81.4794921875,
0.1315,-34.9140625,-50.0888671875,81.4794921875,
0.132,-34.994140625,-51.5703125,81.4794921875,
0.1325,-1.0810546875,-68.8671875,70.4287109375,
0.133,2.0419921875,-71.6298828125,70.5888671875,
0.1335,24.50390625,-81.599609375,58.6572265625,
0.134,38.6376953125,-80.478515625,42.841796875,
0.1345,44.8837890625,-81.599609375,41.8408203125,
0.135,61.740234375,-72.0302734375,10.5302734375,
0.1355,62.78125,-75.3134765625,12.01171875,
0.136,78.236328125,-61.66015625,-16.81640625,
0.1365,80.5185546875,-55.3740234375,-25.3447265625,
0.137,81.4794921875,-49.16796875,-37.716796875,
0.1375,80.7587890625,-24.0234375,-55.2939453125,
0.138,81.4794921875,-25.1845703125,-57.3759765625,
0.1385,71.0693359375,7.126953125,-75.6337890625,
0.139,69.6279296875,11.8916015625,-78.4765625,
0.1395,57.9765625,29.30859375,-81.6396484375,
0.14,39.3984375,45.2041015625,-81.599609375,
0.1405,40.5595703125,48.8876953125,-81.599609375,
0.141,7.3271484375,65.6640625,-72.9111328125,
0.1415,7.6474609375,65.984375,-74.3525390625,
0.142,-18.4580078125,78.5166015625,-61.01953125,
0.1425,-30.3896484375,80.2783203125,-51.25,
0.143,-39.798828125,81.4794921875,-46.845703125,
0.1435,-56.9755859375,74.6728515625,-18.7783203125,
0.144,-58.056640625,77.6357421875,-19.6591796875,
0.1445,-75.2333984375,62.9013671875,11.69140625,
0.145,-78.556640625,60.21875,18.017578125,
0.1455,-81.599609375,51.5302734375,32.7119140625,
0.146,-81.599609375,30.58984375,50.0888671875,
0.1465,-81.599609375,33.5927734375,53.65234375,
0.147,-74.392578125,0,71.7900390625,
0.1475,-74.6728515625,-1.0009765625,72.55078125,
0.148,-63.1015625,-22.4619140625,81.4794921875,
0.1485,-48.767578125,-37.876953125,81.4794921875,
0.149,-47.6865234375,-44.04296875,81.4794921875,
0.1495,-16.015625,-61.0595703125,77.115234375,
0.15,-15.8955078125,-60.6591796875,76.955078125,
0.1505,13.1328125,-73.7119140625,61.419921875,
0.151,22.662109375,-76.234375,54.61328125,
0.1515,34.75390625,-81.599609375,48.6875,
0.152,54.0927734375,-77.2353515625,23.54296875,
0.1525,55.0537109375,-81.6396484375,26.2255859375,
0.153,72.310546875,-66.064453125,-6.3662109375,
0.1535,74.5927734375,-65.8642578125,-9.3291015625,
0.154,81.51953125,-56.8154296875,-28.1474609375,
0.1545,81.4794921875,-39.7587890625,-45.564453125,
0.155,81.4794921875,-40.119140625,-50.849609375,
0.1555,77.595703125,-7.767578125,-66.9853515625,
0.156,76.794921875,-6.7666015625,-66.625,
0.1565,63.0615234375,19.37890625,-79.6376953125,
0.157,52.2509765625,31.1904296875,-80.638671875,
0.1575,49.6884765625,41.3203125,-81.599609375,
0.158,20.7001953125,57.7763671875,-77.67578125,
0.1585,22.5419921875,55.734375,-78.1162109375,
0.159,-9.2890625,70.869140625,-62.140625,
0.1595,-15.5751953125,73.9521484375,-59.4580078125,
0.16,-32.1513671875,81.4794921875,-52.291015625,
0.1605,-50.529296875,80.638671875,-30.830078125,
0.161,-53.0517578125,81.51953125,-31.791015625,
0.1615,-69.2275390625,67.3056640625,1.361328125,
0.162,-70.94921875,67.025390625,3.8837890625,
0.1625,-81.599609375,56.0947265625,26.4658203125,
0.163,-81.599609375,42.041015625,42.3212890625,
0.1635,-81.5595703125,43.40234375,48.6875,
0.164,-80.158203125,11.37109375,66.14453125,
0.1645,-79.517578125,11.8916015625,64.5029296875,
0.165,-65.0634765625,-17.13671875,79.837890625,
0.1655,-59.73828125,-26.90625,81.4794921875,
0.166,-53.251953125,-40.4794921875,81.4794921875,
0.1665,-27.546875,-55.654296875,81.4794921875,
0.167,-26.666015625,-55.734375,81.51953125,
0.1675,6.6064453125,-70.3486328125,64.2626953125,
0.168,11.8115234375,-72.6708984375,61.8203125,
0.1685,30.75,-81.5595703125,52.05078125,
0.169,48.607421875,-81.599609375,33.9931640625,
0.1695,51.5703125,-81.599609375,35.314453125,
0.17,68.38671875,-70.3486328125,1.6416015625,
0.1705,69.1474609375,-72.150390625,2.0419921875,
0.171,81.4794921875,-59.578125,-25.1044921875,
0.1715,81.4794921875,-51.8505859375,-38.7578125,
0.172,81.4794921875,-48.287109375,-47.2861328125,
0.1725,81.4794921875,-18.41796875,-62.7412109375,
0.173,81.4794921875,-17.6171875,-61.2197265625,
0.1735,66.9052734375,14.1337890625,-77.4755859375,
0.174,62.5009765625,22.5419921875,-81.279296875,
0.1745,54.052734375,37.5966796875,-81.599609375,
0.175,30.4296875,53.8525390625,-81.6396484375,
0.1755,31.2705078125,54.4931640625,-81.6396484375,
0.176,-3.8037109375,69.6279296875,-66.064453125,
0.1765,-5.4453125,71.5498046875,-67.1455078125,
0.177,-28.828125,81.5595703125,-56.134765625,
0.1775,-45.64453125,81.359375,-42.521484375,
0.178,-50.4091796875,81.359375,-40.919921875,
0.1785,-66.9453125,75.833984375,-8.728515625,
0.179,-66.78515625,75.11328125,-7.84765625,
0.1795,-81.599609375,62.4208984375,22.1015625,
0.18,-81.5595703125,56.4150390625,33.5927734375,
0.1805,-81.5595703125,49.9287109375,45.32421875,
0.181,-81.599609375,23.54296875,60.8193359375,
0.1815,-81.599609375,23.7431640625,60.779296875,
0.182,-70.5087890625,-9.9296875,77.3154296875,
0.1825,-70.068359375,-14.173828125,80.6787109375,
0.183,-59.2578125,-33.072265625,81.4794921875,
0.1835,-38.837890625,-47.806640625,81.4794921875,
0.184,-37.4765625,-50.0888671875,81.4794921875,
0.1845,-3.36328125,-65.7041015625,68.9873046875,
0.185,-1.44140625,-67.7060546875,69.748046875,
0.1855,26.5859375,-81.5595703125,57.7763671875,
0.186,39.3984375,-81.5595703125,47.4462890625,
0.1865,48.20703125,-81.5595703125,43.642578125,
0.187,64.783203125,-79.9580078125,13.9736328125,
0.1875,64.54296875,-81.0791015625,15.294921875,
0.188,81.51953125,-67.42578125,-17.216796875,
0.1885,81.4794921875,-64.703125,-24.6640625,
0.189,81.4794921875,-56.0146484375,-39.318359375,
0.1895,81.4794921875,-31.390625,-54.0927734375,
0.19,81.4794921875,-30.7900390625,-55.1337890625,
0.1905,71.58984375,3.5234375,-71.7900390625,
0.191,72.470703125,7.20703125,-75.673828125,
0.1915,59.578125,30.109375,-81.599609375,
0.192,42.76171875,44.123046875,-81.599609375,
0.1925,41.560546875,48.6875,-81.599609375,
0.193,8.48828125,65.34375,-73.4716796875,
0.1935,8.80859375,65.5439453125,-74.79296875,
0.194,-20.8603515625,81.359375,-62.94140625,
0.1945,-31.390625,81.359375,-56.3349609375,
0.195,-43.5224609375,81.439453125,-49.328125,
0.1955,-58.9775390625,81.4794921875,-23.142578125,
0.196,-61.1396484375,81.4794921875,-23.0224609375,
0.1965,-79.7978515625,69.0673828125,10.8505859375,
0.197,-81.599609375,68.3466796875,15.935546875,
0.1975,-81.5595703125,55.7744140625,33.9931640625,
0.198,-81.599609375,36.275390625,49.48828125,
0.1985,-81.5595703125,37.1162109375,52.2109375,
0.199,-76.234375,2.8427734375,70.2685546875,
0.1995,-77.67578125,2.4423828125,71.669921875,
0.2,-63.1416015625,-23.2626953125,81.4794921875,
0.2005,-51.4501953125,-35.314453125,81.4794921875,
0.201,-46.1650390625,-44.1630859375,81.4794921875,
0.2015,-16.416015625,-60.21875,75.9541015625,
0.202,-16.6962890625,-61.5400390625,78.5966796875,
0.2025,15.7353515625,-79.6376953125,64.1826171875,
0.203,23.0625,-81.3994140625,59.2578125,
0.2035,36.7158203125,-81.599609375,50.44921875,
0.204,54.453125,-81.51953125,27.2666015625,
0.2045,57.3359375,-81.599609375,29.9892578125,
0.205,76.5146484375,-72.9111328125,-4.2041015625,
0.2055,78.9970703125,-74.232421875,-5.7255859375,
0.206,81.4794921875,-60.8193359375,-27.5869140625,
0.2065,81.4794921875,-45.96484375,-42.28125,
0.207,81.4794921875,-43.482421875,-47.56640625,
0.2075,79.1572265625,-11.611328125,-64.6630859375,
0.208,78.8369140625,-10.73046875,-64.6630859375,
0.2085,64.3427734375,17.9775390625,-79.4375,
0.209,54.8935546875,27.6669921875,-79.6376953125,
0.2095,48.4072265625,38.59765625,-81.6396484375,
0.21,21.78125,56.4951171875,-76.9951171875,
0.2105,24.3037109375,58.13671875,-81.6396484375,
0.211,-9.6494140625,75.43359375,-66.0244140625,
0.2115,-12.65234375,78.63671875,-66.5849609375,
0.212,-31.87109375,81.439453125,-55.974609375,
0.2125,-48.5673828125,81.4794921875,-37.4765625,
0.213,-53.1318359375,81.4794921875,-38.517578125,
0.2135,-71.7900390625,77.515625,-4.9248046875,
0.214,-72.0703125,76.39453125,-3.4833984375,
0.2145,-81.599609375,62.78125,22.4619140625,
0.215,-81.5595703125,49.888671875,35.07421875,
0.2155,-81.5595703125,46.8056640625,44.3232421875,
0.216,-81.5595703125,17.4169921875,61.98046875,
0.2165,-81.599609375,18.73828125,61.5400390625,
0.217,-66.8251953125,-12.4521484375,76.5546875,
0.2175,-62.4609375,-18.8583984375,78.7568359375,
0.218,-54.533203125,-34.0732421875,81.4794921875,
0.2185,-31.1103515625,-52.05078125,81.3994140625,
0.219,-32.3115234375,-54.6533203125,81.4794921875,
0.2195,1.521484375,-71.1494140625,69.9482421875,
0.22,4.6044921875,-73.3115234375,69.66796875,
0.2205,27.0263671875,-81.599609375,57.6162109375,
0.221,42.7216796875,-81.599609375,42.9619140625,
0.2215,50.208984375,-81.5595703125,43.8427734375,
0.222,67.8662109375,-80.55859375,11.771484375,
0.2225,66.865234375,-80.5986328125,12.4921875,
0.223,81.4794921875,-66.0244140625,-16.576171875,
0.2235,81.359375,-58.537109375,-26.8662109375,
0.224,81.51953125,-52.69140625,-39.3984375,
0.2245,81.4794921875,-25.9853515625,-56.2548828125,
0.225,81.4794921875,-26.1455078125,-55.7744140625,
0.2255,66.3447265625,6.7666015625,-70.5888671875,
0.226,64.0224609375,11.6513671875,-72.470703125,
0.2265,52.771484375,29.6689453125,-80.078125,
0.227,34.43359375,47.88671875,-80.5986328125,
0.2275,36.7158203125,52.0107421875,-81.6396484375,
0.228,2.802734375,68.38671875,-70.9892578125,
0.2285,3.203125,68.2666015625,-71.990234375,
0.229,-22.7822265625,81.51953125,-60.21875,
0.2295,-37.2763671875,81.439453125,-50.7294921875,
0.23,-46.0849609375,81.4794921875,-48.8876953125,
0.2305,-63.26171875,81.4794921875,-18.8583984375,
0.231,-62.2607421875,81.4794921875,-19.21875,
0.2315,-77.8759765625,65.3837890625,12.732421875,
0.232,-81.3994140625,61.4599609375,20.3798828125,
0.2325,-81.599609375,52.8515625,35.234375,
0.233,-81.599609375,29.4287109375,51.9306640625,
0.2335,-81.599609375,31.0703125,52.05078125,
0.234,-67.6259765625,-2.5224609375,67.74609375,
0.2345,-67.42578125,-4.32421875,68.6669921875,
0.235,-57.015625,-25.8251953125,80.55859375,
0.2355,-43.5224609375,-42.8017578125,81.4794921875,
0.236,-42.8818359375,-48.6474609375,81.4794921875,
0.2365,-10.8505859375,-64.1025390625,75.1533203125,
0.237,-10.8505859375,-63.7021484375,75.2333984375,
0.2375,18.8984375,-80.158203125,62.1806640625,
0.238,29.8291015625,-81.599609375,56.375,
0.2385,42.12109375,-81.5595703125,51.8505859375,
0.239,57.576171875,-81.599609375,25.1044921875,
0.2395,55.974609375,-81.599609375,27.3466796875,
0.24,72.7109375,-67.3857421875,-6.1259765625,
0.2405,76.5546875,-67.90625,-9.9296875,
0.241,81.51953125,-58.5771484375,-29.3486328125,
0.2415,81.51953125,-39.3583984375,-46.205078125,
0.242,81.51953125,-38.8779296875,-48.287109375,
0.2425,70.5888671875,-5.765625,-62.9013671875,
0.243,70.4287109375,-4.724609375,-62.94140625,
0.2435,59.578125,21.2607421875,-78.2763671875,
0.244,48.607421875,34.59375,-80.87890625,
0.2445,46.9658203125,43.3623046875,-81.599609375,
0.245,17.0966796875,59.4580078125,-75.673828125,
0.2455,19.3388671875,58.77734375,-77.99609375,
0.246,-12.2919921875,76.234375,-64.3828125,
0.2465,-19.69921875,81.4794921875,-64.0224609375,
0.247,-35.314453125,81.4794921875,-56.5751953125,
0.2475,-51.2099609375,81.4794921875,-32.83203125,
0.248,-51.890625,81.4794921875,-33.7529296875,
0.2485,-68.9072265625,69.1474609375,-0.3203125,
0.249,-72.390625,69.828125,2.8828125,
0.2495,-81.5595703125,59.5380859375,24.984375,
0.25,-81.599609375,42.76171875,39.2783203125,
0.2505,-81.599609375,42.041015625,43.4423828125,
0.251,-70.9892578125,10.3701171875,58.8974609375,
0.2515,-73.03125,11.7314453125,58.857421875,
0.252,-61.5400390625,-17.3369140625,76.5546875,
0.2525,-57.095703125,-27.5869140625,81.4794921875,
0.253,-50.609375,-38.6376953125,81.4794921875,
0.2535,-23.703125,-53.9326171875,77.1953125,
0.254,-25.3046875,-54.4931640625,80.1181640625,
0.2545,8.16796875,-73.431640625,65.9443359375,
0.255,13.61328125,-79.59765625,66.78515625,
0.2555,31.5908203125,-81.5595703125,56.9755859375,
0.256,47.56640625,-81.599609375,37.3564453125,
0.2565,49.6884765625,-81.599609375,38.91796875,
0.257,66.544921875,-71.830078125,4.8046875,
0.2575,68.1865234375,-74.47265625,5.0849609375,
0.258,81.4794921875,-62.30078125,-20.7001953125,
0.2585,81.4794921875,-50.369140625,-33.6728515625,
0.259,81.599609375,-45.96484375,-41.2001953125,
0.2595,74.1123046875,-15.9755859375,-56.935546875,
0.26,75.5537109375,-16.2958984375,-57.1357421875,
0.2605,62.7412109375,15.1748046875,-75.75390625,
0.261,59.498046875,22.982421875,-80.158203125,
0.2615,50.1689453125,36.275390625,-81.6396484375,
0.262,26.986328125,52.8515625,-79.1572265625,
0.2625,29.5888671875,55.4140625,-81.6396484375,
0.263,-4.8447265625,74.3525390625,-69.908203125,
0.2635,-6.6865234375,78.396484375,-72.5107421875,
0.264,-28.34765625,81.4794921875,-61.259765625,
0.2645,-44.123046875,81.4794921875,-45.1640625,
0.265,-48.2470703125,81.439453125,-43.5625,
0.2655,-65.50390625,76.5546875,-10.5302734375,
0.266,-66.3447265625,77.6357421875,-10.3701171875,
0.2665,-81.599609375,62.541015625,19.458984375,
0.267,-81.599609375,53.9326171875,29.068359375,
0.2675,-81.599609375,46.4052734375,39.6787109375,
0.268,-77.2353515625,19.5390625,56.1748046875,
0.2685,-80.7587890625,21.4208984375,57.015625,
0.269,-66.46484375,-11.8916015625,76.07421875,
0.2695,-65.7041015625,-16.015625,79.5576171875,
0.27,-55.7744140625,-33.5126953125,81.439453125,
0.2705,-35.5146484375,-49.6884765625,81.4794921875,
0.271,-36.515625,-53.8125,81.4794921875,
0.2715,-1.681640625,-72.87109375,75.6337890625,
0.272,-0.640625,-75.1533203125,77.3955078125,
0.2725,25.865234375,-81.599609375,62.94140625,
0.273,38.0771484375,-81.599609375,49.4482421875,
0.2735,45.6044921875,-81.599609375,46.5654296875,
0.274,63.2216796875,-79.7177734375,15.6953125,
0.2745,62.861328125,-80.958984375,17.13671875,
0.275,79.037109375,-65.7841796875,-13.9736328125,
0.2755,80.1982421875,-59.978515625,-20.900390625,
0.276,81.4794921875,-51.25,-35.234375,
0.2765,80.2783203125,-27.146484375,-52.1708984375,
0.277,81.4794921875,-27.9873046875,-54.8134765625,
0.2775,68.8671875,5.5654296875,-72.3505859375,
0.278,68.306640625,8.248046875,-73.7119140625,
0.2785,55.89453125,29.30859375,-81.599609375,
0.279,39.7587890625,44.68359375,-81.599609375,
0.2795,41.3203125,50.9296875,-81.599609375,
0.28,8.3681640625,70.1884765625,-79.2373046875,
0.2805,9.529296875,70.1083984375,-80.6787109375,
0.281,-19.4189453125,81.51953125,-65.8642578125,
0.2815,-29.46875,81.3994140625,-58.7373046875,
0.282,-41.48046875,81.359375,-51.490234375,
0.2825,-58.056640625,81.359375,-24.3837890625,
0.283,-58.857421875,81.4794921875,-25.1044921875,
0.2835,-74.7529296875,66.3046875,8.2880859375,
0.284,-75.43359375,62.4609375,13.0126953125,
0.2845,-81.599609375,51.8505859375,29.7490234375,
0.285,-80.638671875,31.5107421875,48.1669921875,
0.2855,-81.599609375,34.3134765625,52.0107421875,
0.286,-72.55078125,0.640625,69.66796875,
0.2865,-74.4326171875,1.1611328125,70.30859375,
0.287,-61.7802734375,-23.7431640625,81.599609375,
0.2875,-51.650390625,-37.556640625,81.4794921875,
0.288,-49.328125,-46.685546875,81.4794921875,
0.2885,-19.0986328125,-64.1826171875,81.4794921875,
0.289,-19.4189453125,-63.3818359375,81.4794921875,
0.2895,12.171875,-79.197265625,68.38671875,
0.29,20.4599609375,-81.0791015625,62.5810546875,
0.2905,34.43359375,-81.599609375,54.4931640625,
0.291,53.01171875,-81.599609375,30.4697265625,
0.2915,54.4130859375,-81.599609375,32.51171875,
0.292,69.98828125,-68.4267578125,-1.6015625,
0.2925,70.4287109375,-68.38671875,-2.72265625,
0.293,80.1982421875,-56.4150390625,-24.103515625,
0.2935,81.439453125,-42.0810546875,-41.0400390625,
0.294,81.4794921875,-41.48046875,-46.8857421875,
0.2945,74.552734375,-9.76953125,-62.78125,
0.295,74.9130859375,-10.0498046875,-62.1005859375,
0.2955,62.2607421875,18.818359375,-78.63671875,
0.296,55.6142578125,29.9091796875,-81.599609375,
0.2965,51.490234375,42.3212890625,-81.599609375,
0.297,24.7041015625,59.2978515625,-81.599609375,
0.2975,27.1064453125,58.6572265625,-81.599609375,
0.298,-6.7265625,74.1923828125,-68.2265625,
0.2985,-10.7705078125,76.8349609375,-67.265625,
0.299,-29.388671875,81.4794921875,-58.697265625,
0.2995,-47.166015625,81.4794921875,-38.1572265625,
0.3,-49.0078125,81.51953125,-38.7978515625,
0.3005,-64.2626953125,68.5869140625,-4.96484375,
0.301,-64.1826171875,67.90625,-3.8037109375,
0.3015,-77.99609375,55.734375,21.94140625,
0.302,-80.958984375,44.8037109375,35.634765625,
0.3025,-81.599609375,43.2421875,45.0439453125,
0.303,-76.875,13.8134765625,61.1796875,
0.3035,-78.15625,15.615234375,60.0185546875,
0.304,-64.8232421875,-15.0546875,77.7958984375,
0.3045,-62.4208984375,-22.9423828125,81.4794921875,
0.305,-57.015625,-38.3173828125,81.51953125,
0.3055,-32.83203125,-54.1328125,81.3994140625,
0.306,-33.3125,-54.4931640625,81.4794921875,
0.3065,1.28125,-69.748046875,69.4677734375,
0.307,4.1240234375,-72.5107421875,70.0283203125,
0.3075,26.5458984375,-81.599609375,57.896484375,
0.308,41.1201171875,-80.9990234375,41.1201171875,
0.3085,44.5634765625,-81.599609375,40.279296875,
0.309,60.37890625,-67.7861328125,7.8876953125,
0.3095,59.6982421875,-69.5078125,9.5693359375,
0.31,77.3955078125,-58.4970703125,-19.05859375,
0.3105,81.4794921875,-53.2919921875,-30.830078125,
0.311,81.4794921875,-48.6474609375,-41.9208984375,
0.3115,80.71875,-21.30078125,-57.2958984375,
0.312,81.4794921875,-22.26171875,-57.015625,
0.3125,66.224609375,10.41015625,-73.9921875,
0.313,66.384765625,15.7353515625,-79.0771484375,
0.3135,57.0556640625,33.232421875,-81.599609375,
0.314,36.35546875,48.4072265625,-81.599609375,
0.3145,37.4365234375,50.0888671875,-81.599609375,
0.315,2.9228515625,67.185546875,-70.0283203125,
0.3155,2.8427734375,68.70703125,-72.390625,
0.316,-22.5419921875,81.4794921875,-61.5,
0.3165,-36.9560546875,81.4794921875,-50.3291015625,
0.317,-43.5224609375,81.359375,-46.4853515625,
0.3175,-58.6572265625,73.912109375,-15.85546875,
0.318,-57.8564453125,74.392578125,-16.65625,
0.3185,-76.1142578125,60.859375,14.89453125,
0.319,-81.2392578125,57.6962890625,23.3427734375,
0.3195,-81.599609375,50.2890625,36.595703125,
0.32,-80.9189453125,26.10546875,53.2119140625,
0.3205,-81.599609375,28.5078125,53.7724609375,
0.321,-69.267578125,-5.125,71.990234375,
0.3215,-72.470703125,-7.0068359375,76.5947265625,
0.322,-61.4599609375,-27.9873046875,81.3994140625,
0.3225,-45.4443359375,-42.9619140625,81.2392578125,
0.323,-43.8427734375,-47.0859375,81.4794921875,
0.3235,-10.890625,-63.26171875,74.552734375,
0.324,-11.2509765625,-63.822265625,76.154296875,
0.3245,18.1376953125,-80.958984375,64.22265625,
0.325,28.5078125,-81.599609375,55.1337890625,
0.3255,37.876953125,-81.599609375,49.408203125,
0.326,54.9736328125,-75.59375,21.2607421875,
0.3265,54.0927734375,-78.716796875,24.18359375,
0.327,72.5908203125,-63.822265625,-8.8486328125,
0.3275,77.1953125,-65.0634765625,-12.5322265625,
0.328,81.4794921875,-55.25390625,-29.46875,
0.3285,81.0390625,-34.43359375,-45.9248046875,
0.329,81.4794921875,-35.634765625,-48.8076171875,
0.3295,71.75,-2.72265625,-67.265625,
0.33,74.7529296875,-1.6015625,-70.46875,
0.3305,63.982421875,23.2626953125,-81.599609375,
0.331,50.529296875,35.8349609375,-81.599609375,
0.3315,48.3271484375,43.40234375,-81.599609375,
0.332,17.77734375,59.3779296875,-76.7548828125,
0.3325,19.8994140625,59.818359375,-80.158203125,
0.333,-11.291015625,76.3544921875,-65.8642578125,
0.3335,-18.2177734375,78.31640625,-61.2197265625,
0.334,-32.03125,81.4794921875,-53.33203125,
0.3345,-49.16796875,76.3544921875,-28.267578125,
0.335,-50.44921875,80.1982421875,-30.029296875,
0.3355,-69.4677734375,65.0234375,3.6435546875,
0.336,-72.791015625,66.224609375,6.24609375,
0.3365,-81.599609375,54.4130859375,26.7861328125,
0.337,-81.51953125,38.5576171875,42.0009765625,
0.3375,-81.599609375,39.71875,47.3662109375,
0.338,-76.39453125,7.4873046875,66.705078125,
0.3385,-79.837890625,9.208984375,67.74609375,
0.339,-66.705078125,-18.6181640625,81.599609375,
0.3395,-58.5771484375,-29.1484375,81.4794921875,
0.34,-53.01171875,-39.2783203125,81.3994140625,
0.3405,-24.3837890625,-55.8544921875,80.318359375,
0.341,-25.6650390625,-56.8955078125,81.51953125,
0.3415,7.84765625,-73.51171875,66.4248046875,
0.342,12.8125,-75.4736328125,63.8623046875,
0.3425,29.30859375,-80.478515625,52.37109375,
0.343,47.0458984375,-78.076171875,31.6708984375,
0.3435,50.5693359375,-81.599609375,34.2333984375,
0.344,69.1474609375,-69.66796875,0.6005859375,
0.3445,70.228515625,-71.7900390625,0.8408203125,
0.345,81.4794921875,-59.9384765625,-23.22265625,
0.3455,81.3994140625,-48.1669921875,-37.5166015625,
0.346,81.4794921875,-46.125,-45.083984375,
0.3465,81.4794921875,-15.6953125,-63.5419921875,
0.347,81.439453125,-16.015625,-64.22265625,
0.3475,67.7060546875,15.3349609375,-80.4384765625,
0.348,62.62109375,23.0224609375,-81.599609375,
0.3485,53.4921875,36.6357421875,-81.599609375,
0.349,28.7880859375,54.1328125,-81.6396484375,
0.3495,30.9501953125,55.734375,-81.599609375,
0.35,-3.7236328125,72.3505859375,-69.02734375,
0.3505,-5.4453125,72.310546875,-68.06640625,
0.351,-26.10546875,80.7587890625,-56.0546875,
0.3515,-43.4423828125,81.4794921875,-39.638671875,
0.352,-49.2880859375,81.3994140625,-39.5986328125,
0.3525,-67.42578125,73.1513671875,-6.2861328125,
0.353,-67.185546875,73.9921875,-6.806640625,
0.3535,-81.599609375,59.818359375,21.94140625,
0.354,-81.599609375,51.41015625,32.9921875,
0.3545,-81.5595703125,47.5263671875,44.283203125,
0.355,-81.599609375,19.8994140625,63.181640625,
0.3555,-81.599609375,21.541015625,63.0615234375,
0.356,-71.1494140625,-11.1708984375,79.7177734375,
0.3565,-68.3466796875,-15.8955078125,80.9189453125,
0.357,-58.5771484375,-33.47265625,81.4794921875,
0.3575,-37.4765625,-50.2490234375,81.4794921875,
0.358,-37.4365234375,-53.33203125,81.4794921875,
0.3585,-2.322265625,-68.8671875,71.7099609375,
0.359,-0.640625,-68.4267578125,70.1484375,
0.3595,24.7841796875,-80.5986328125,57.0556640625,
0.36,38.7578125,-81.3994140625,43.8828125,
0.3605,47.7666015625,-81.5595703125,43.2021484375,
0.361,65.583984375,-77.8759765625,11.8115234375,
0.3615,64.462890625,-78.5966796875,13.0927734375,
0.362,81.0791015625,-63.58203125,-18.09765625,
0.3625,81.4794921875,-60.138671875,-26.0654296875,
0.363,81.4794921875,-52.931640625,-41.9208984375,
0.3635,81.359375,-28.98828125,-58.0966796875,
0.364,81.4794921875,-28.34765625,-60.0986328125,
0.3645,72.951171875,6.3662109375,-75.6337890625,
0.365,70.869140625,9.8896484375,-76.71484375,
0.3655,58.8974609375,31.0302734375,-81.599609375,
0.366,40.9599609375,47.6064453125,-81.599609375,
0.3665,41.2802734375,51.810546875,-81.599609375,
0.367,6.40625,67.5458984375,-74.0322265625,
0.3675,7.0869140625,65.9443359375,-73.7119140625,
0.368,-21.7412109375,80.158203125,-59.4580078125,
0.3685,-33.9130859375,81.4794921875,-52.771484375,
0.369,-45.1240234375,81.4794921875,-47.0458984375,
0.3695,-60.939453125,79.59765625,-18.2578125,
0.37,-61.0595703125,80.2783203125,-18.7783203125,
0.3705,-79.1171875,64.3427734375,14.734375,
0.371,-81.5595703125,62.62109375,21.1005859375,
0.3715,-81.5595703125,53.892578125,38.7578125,
0.372,-81.5595703125,33.0322265625,55.09375,
0.3725,-81.599609375,33.5126953125,57.2958984375,
0.373,-75.6337890625,-1.3212890625,73.1513671875,
0.3735,-75.75390625,-1.8818359375,73.6318359375,
0.374,-62.9814453125,-26.9462890625,81.4794921875,
0.3745,-50.609375,-41.560546875,81.359375,
0.375,-46.9658203125,-46.92578125,81.3994140625,
0.3755,-14.1337890625,-62.701171875,77.1552734375,
0.376,-13.8134765625,-61.01953125,75.3134765625,
0.3765,18.09765625,-78.15625,60.859375,
0.377,27.5068359375,-81.5595703125,57.3759765625,
0.3775,41.880859375,-81.5595703125,49.568359375,
0.378,57.6162109375,-81.599609375,24.82421875,
0.3785,58.4169921875,-81.599609375,26.5458984375,
0.379,76.0341796875,-68.5869140625,-8.16796875,
0.3795,79.8779296875,-70.7490234375,-10.25,
0.38,81.4794921875,-60.8193359375,-32.0712890625,
0.3805,81.4794921875,-43.8828125,-48.046875,
0.381,81.4794921875,-42.6015625,-50.4892578125,
0.3815,78.2763671875,-8.0478515625,-66.865234375,
0.382,77.7958984375,-7.3271484375,-66.544921875,
0.3825,64.6630859375,21.9013671875,-81.599609375,
0.383,55.6943359375,33.1923828125,-81.599609375,
0.3835,49.2080078125,43.40234375,-81.599609375,
0.384,20.2998046875,58.4169921875,-77.916015625,
0.3845,21.861328125,57.015625,-79.0771484375,
0.385,-11.4912109375,74.7529296875,-63.7822265625,
0.3855,-17.1767578125,80.0380859375,-63.7822265625,
0.386,-34.5537109375,81.359375,-55.734375,
0.3865,-51.0498046875,81.359375,-33.5126953125,
0.387,-53.01171875,81.51953125,-34.2734375,
0.3875,-71.26953125,70.9892578125,0.3203125,
0.388,-74.8330078125,73.7119140625,1.6015625,
0.3885,-81.5595703125,61.8203125,27.6669921875,
0.389,-81.5595703125,48.5673828125,40.3193359375,
0.3895,-81.5595703125,46.2451171875,46.28515625,
0.39,-79.837890625,14.814453125,62.4208984375,
0.3905,-80.7587890625,16.0556640625,61.4599609375,
0.391,-68.0263671875,-14.8544921875,80.318359375,
0.3915,-63.341796875,-22.9423828125,81.4794921875,
0.392,-55.2939453125,-36.1953125,81.4794921875,
0.3925,-28.8681640625,-52.05078125,80.2783203125,
0.393,-29.94921875,-52.611328125,81.4794921875,
0.3935,4.96484375,-70.3486328125,65.4638671875,
0.394,8.0478515625,-75.033203125,67.74609375,
0.3945,29.068359375,-81.599609375,56.4150390625,
0.395,44.763671875,-81.599609375,38.4775390625,
0.3955,48.7275390625,-81.5595703125,40.19921875,
0.396,67.8662109375,-74.6728515625,6.486328125,
0.3965,69.4677734375,-78.236328125,7.8076171875,
0.397,81.4794921875,-66.1845703125,-20.2998046875,
0.3975,81.4794921875,-58.056640625,-31.7509765625,
0.398,81.4794921875,-51.330078125,-41.5205078125,
0.3985,81.5595703125,-22.58203125,-56.935546875,
0.399,81.599609375,-23.1826171875,-57.7763671875,
0.3995,68.466796875,10.1298828125,-75.6337890625,
0.4,65.423828125,15.7353515625,-77.8759765625,
0.4005,54.4931640625,31.1904296875,-81.599609375,
0.401,31.9111328125,48.20703125,-78.3564453125,
0.4015,34.2333984375,50.609375,-81.6396484375,
0.402,-0.2802734375,68.5869140625,-68.1865234375,
0.4025,-0.3203125,71.349609375,-71.7099609375,
0.403,-24.744140625,81.4794921875,-59.2978515625,
0.4035,-38.7177734375,81.4794921875,-47.7666015625,
0.404,-46.1650390625,81.4794921875,-45.2841796875,
0.4045,-64.4228515625,79.2373046875,-14.09375,
0.405,-65.2236328125,80.71875,-15.2548828125,
0.4055,-81.599609375,66.78515625,16.416015625,
0.406,-81.599609375,60.3388671875,24.6240234375,
0.4065,-81.599609375,52.1708984375,36.595703125,
0.407,-81.599609375,26.7060546875,53.9326171875,
0.4075,-81.599609375,28.908203125,55.333984375,
0.408,-69.66796875,-5.525390625,72.8310546875,
0.4085,-70.068359375,-7.0869140625,73.9521484375,
0.409,-57.65625,-26.8662109375,81.4794921875,
0.4095,-40.279296875,-42.8818359375,81.3193359375,
0.41,-40.5595703125,-47.4462890625,81.3994140625,
0.4105,-6.7666015625,-65.6240234375,72.150390625,
0.411,-7.20703125,-65.50390625,73.19140625,
0.4115,20.2998046875,-79.4375,59.6982421875,
0.412,31.4306640625,-80.6787109375,50.208984375,
0.4125,42.201171875,-81.599609375,46.765625,
0.413,61.1396484375,-80.5986328125,19.4189453125,
0.4135,62.4609375,-81.599609375,22.1015625,
0.414,78.9970703125,-68.8271484375,-10.650390625,
0.4145,80.87890625,-66.625,-14.7744140625,
0.415,81.4794921875,-57.4560546875,-31.3505859375,
0.4155,81.4794921875,-35.5947265625,-48.20703125,
0.416,81.4794921875,-36.515625,-50.44921875,
0.4165,72.1103515625,-2.2822265625,-67.505859375,
0.417,70.6689453125,-0.9208984375,-66.705078125,
0.4175,57.3759765625,22.7421875,-77.3955078125,
0.418,44.0830078125,35.634765625,-77.3955078125,
0.4185,43.0419921875,44.9638671875,-81.599609375,
0.419,12.6923828125,61.8603515625,-73.83203125,
0.4195,15.0947265625,61.259765625,-76.474609375,
0.42,-15.0146484375,76.39453125,-62.140625,
0.4205,-22.7822265625,79.91796875,-58.13671875,
0.421,-37.31640625,81.4794921875,-53.2119140625,
0.4215,-56.3349609375,81.3994140625,-28.34765625,
0.422,-57.015625,81.5595703125,-30.8701171875,
0.4225,-73.431640625,70.0283203125,3.5634765625,
0.423,-74.873046875,69.3876953125,5.9658203125,
0.4235,-81.599609375,57.095703125,26.185546875,
0.424,-81.5595703125,40.279296875,42.521484375,
0.4245,-81.599609375,41.7607421875,47.166015625,
0.425,-74.15234375,8.4482421875,63.58203125,
0.4255,-73.671875,9.609375,61.33984375,
0.426,-61.099609375,-16.736328125,75.2333984375,
0.4265,-53.572265625,-28.98828125,80.23828125,
0.427,-50.2890625,-40.0390625,81.4794921875,
0.4275,-21.9814453125,-57.17578125,79.0771484375,
0.428,-23.623046875,-56.8955078125,80.5986328125,
0.4285,9.3291015625,-73.1513671875,64.302734375,
0.429,14.6943359375,-77.3154296875,63.5419921875,
0.4295,31.9912109375,-81.5595703125,55.333984375,
0.43,50.0888671875,-81.599609375,35.3544921875,
0.4305,52.2109375,-81.599609375,38.197265625,
0.431,68.8671875,-73.03125,3.7236328125,
0.4315,68.8271484375,-73.2314453125,3.6435546875,
0.432,81.359375,-61.740234375,-20.3798828125,
0.4325,81.4794921875,-49.9287109375,-35.5546875,
0.433,81.439453125,-46.92578125,-42.5615234375,
0.4335,74.79296875,-15.775390625,-57.4560546875,
0.434,74.5927734375,-16.4560546875,-55.89453125,
0.4345,59.73828125,14.57421875,-71.9501953125,
0.435,56.21484375,23.3427734375,-77.03515625,
0.4355,50.44921875,36.99609375,-81.599609375,
0.436,25.3447265625,54.853515625,-79.6376953125,
0.4365,28.34765625,54.6533203125,-81.6396484375,
0.437,-5.845703125,71.2294921875,-65.82421875,
0.4375,-8.2080078125,74.6728515625,-67.5859375,
0.438,-29.1484375,81.4794921875,-58.6572265625,
0.4385,-46.125,81.4794921875,-42.7216796875,
0.439,-49.888671875,81.3994140625,-42.6416015625,
0.4395,-65.82421875,74.4326171875,-8.3681640625,
0.44,-64.703125,73.671875,-8.328125,
0.4405,-81.1591796875,61.2197265625,20.1796875,
0.441,-81.5595703125,51.7705078125,32.271484375,
0.4415,-81.5595703125,47.6865234375,41.880859375,
0.442,-78.5166015625,18.9384765625,57.7763671875,
0.4425,-78.796875,20.33984375,55.89453125,
0.443,-62.861328125,-12.2119140625,72.3505859375,
0.4435,-62.78125,-17.376953125,77.6357421875,
0.444,-55.09375,-35.1943359375,81.4794921875,
0.4445,-33.6328125,-51.0498046875,81.4794921875,
0.445,-34.2734375,-52.5712890625,81.439453125,
0.4455,0.880859375,-69.427734375,69.0673828125,
0.446,2.40234375,-71.7900390625,70.388671875,
0.4465,27.8671875,-81.5595703125,60.21875,
0.447,42.361328125,-81.5595703125,46.5654296875,
0.4475,48.0068359375,-81.5595703125,45.64453125,
0.448,65.34375,-79.27734375,12.6123046875,
0.4485,64.0625,-79.837890625,14.3740234375,
0.449,81.279296875,-65.3837890625,-17.0166015625,
0.4495,81.4794921875,-61.2197265625,-25.3447265625,
0.45,81.4794921875,-52.8115234375,-37.876953125,
0.4505,80.0380859375,-25.705078125,-53.1318359375,
0.451,80.958984375,-26.42578125,-52.2509765625,
0.4515,64.4228515625,7.9677734375,-69.98828125,
0.452,65.263671875,12.091796875,-74.3525390625,
0.4525,55.1337890625,32.1513671875,-81.599609375,
0.453,36.9560546875,47.7666015625,-81.599609375,
0.4535,37.9970703125,51.4501953125,-81.599609375,
0.454,3.68359375,68.5068359375,-72.1904296875,
0.4545,4.6845703125,70.1083984375,-75.75390625,
0.455,-23.5830078125,81.4794921875,-64.142578125,
0.4555,-36.115234375,81.4794921875,-55.7744140625,
0.456,-44.203125,81.4794921875,-50.689453125,
0.4565,-60.05859375,80.7587890625,-20.4599609375,
0.457,-59.337890625,80.8388671875,-21.0205078125,
0.4575,-77.8359375,65.4638671875,12.572265625,
0.458,-81.439453125,63.0615234375,18.73828125,
0.4585,-81.5595703125,51.890625,34.3134765625,
0.459,-80.7587890625,30.109375,49.48828125,
0.4595,-81.599609375,31.150390625,51.3701171875,
0.46,-68.146484375,-3.0830078125,69.267578125,
0.4605,-70.9091796875,-3.7236328125,71.7900390625,
0.461,-59.578125,-26.8662109375,81.4794921875,
0.4615,-46.205078125,-40.9599609375,81.4794921875,
0.462,-44.68359375,-46.4052734375,81.4794921875,
0.4625,-12.091796875,-64.3427734375,76.8349609375,
0.463,-13.212890625,-65.5439453125,80.078125,
0.4635,19.05859375,-81.599609375,65.7041015625,
0.464,27.5869140625,-81.5595703125,60.8994140625,
0.4645,39.71875,-81.5595703125,52.05078125,
0.465,55.6943359375,-81.599609375,26.2255859375,
0.4655,56.0546875,-81.599609375,28.66796875,
0.466,74.8330078125,-69.4677734375,-6.166015625,
0.4665,76.6748046875,-68.947265625,-8.6884765625,
0.467,81.4794921875,-57.9765625,-27.546875,
0.4675,81.4794921875,-38.517578125,-44.0029296875,
0.468,81.4794921875,-38.2373046875,-47.40625,
0.4685,71.669921875,-4.64453125,-65.263671875,
0.469,74.1123046875,-4.5244140625,-66.7451171875,
0.4695,61.01953125,23.302734375,-81.5595703125,
0.47,50.8896484375,33.79296875,-81.599609375,
0.4705,46.8857421875,43.8828125,-81.599609375,
0.471,18.6181640625,61.6201171875,-80.158203125,
0.4715,20.900390625,62.9814453125,-81.6396484375,
0.472,-12.1318359375,80.6787109375,-69.5078125,
0.4725,-17.45703125,81.4794921875,-66.9052734375,
0.473,-33.6328125,81.4794921875,-57.736328125,
0.4735,-50.0888671875,81.3994140625,-35.1142578125,
0.474,-52.4912109375,81.359375,-36.1953125,
0.4745,-70.3486328125,70.9892578125,-0.80078125,
0.475,-70.7490234375,70.7490234375,0.2001953125,
0.4755,-81.0791015625,56.935546875,24.1435546875,
0.476,-79.7578125,42.12109375,37.1962890625,
0.4765,-81.599609375,41.5205078125,44.5634765625,
0.477,-74.953125,10.330078125,62.94140625,
0.4775,-77.6357421875,12.4921875,62.701171875,
0.478,-64.142578125,-17.376953125,79.8779296875,
0.4785,-59.498046875,-25.5048828125,81.4794921875,
0.479,-53.4521484375,-38.7177734375,81.4794921875,
0.4795,-28.0673828125,-55.7744140625,81.51953125,
0.48,-30.26953125,-57.8564453125,81.4794921875,
0.4805,4.7646484375,-74.873046875,71.1494140625,
0.481,8.2880859375,-76.5146484375,69.6279296875,
0.4815,27.6669921875,-81.5595703125,58.13671875,
0.482,44.8037109375,-81.599609375,39.1982421875,
0.4825,49.0478515625,-81.599609375,41.3603515625,
0.483,66.78515625,-74.5126953125,7.3271484375,
0.4835,65.583984375,-74.5126953125,8.328125,
0.484,78.0361328125,-60.0185546875,-18.498046875,
0.4845,81.3994140625,-51.650390625,-29.94921875,
0.485,81.4794921875,-46.92578125,-40.7197265625,
0.4855,78.4365234375,-18.578125,-58.2568359375,
0.486,80.3984375,-19.859375,-57.9365234375,
0.4865,64.8232421875,12.65234375,-74.953125,
0.487,62.060546875,18.41796875,-77.515625,
0.4875,53.65234375,34.0732421875,-81.599609375,
0.488,32.7919921875,52.0107421875,-81.599609375,
0.4885,36.03515625,54.8935546875,-81.599609375,
0.489,1.1611328125,70.9091796875,-72.470703125,
0.4895,1.1611328125,71.1494140625,-73.5517578125,
0.49,-22.6220703125,81.3193359375,-60.5791015625,
0.4905,-38.0771484375,81.359375,-47.9267578125,
0.491,-44.7236328125,81.3193359375,-47.326171875,
0.4915,-61.8203125,76.07421875,-14.654296875,
0.492,-59.2177734375,74.712890625,-15.6552734375,
0.4925,-74.552734375,59.41796875,14.734375,
0.493,-78.236328125,54.0126953125,23.9033203125,
0.4935,-81.5595703125,47.966796875,36.4755859375,
0.494,-79.517578125,23.462890625,54.7734375,
0.4945,-81.599609375,26.3857421875,54.693359375,
0.495,-66.3447265625,-6.7666015625,71.0693359375,
0.4955,-67.265625,-9.0888671875,73.591796875,
0.496,-58.697265625,-28.828125,81.4794921875,
0.4965,-42.1611328125,-46.0849609375,81.4794921875,
0.497,-43.6826171875,-49.9287109375,81.4794921875,
0.4975,-9.369140625,-65.984375,76.234375,
0.498,-9.3291015625,-64.943359375,75.3134765625,
0.4985,18.8984375,-79.7177734375,61.7802734375,
0.499,30.8701171875,-81.599609375,52.5712890625,
0.4995,41.6005859375,-81.599609375,48.927734375,
0.5,57.6962890625,-77.99609375,20.2998046875,
0.5005,55.3740234375,-78.15625,22.26171875,
0.501,71.2294921875,-61.6201171875,-9.8896484375,
0.5015,74.5927734375,-59.73828125,-15.2548828125,
0.502,81.3994140625,-53.4921875,-31.9912109375,
0.5025,81.4794921875,-31.7509765625,-49.5283203125,
0.503,81.4794921875,-33.0322265625,-50.4091796875,
0.5035,67.9462890625,1.2412109375,-66.8251953125,
0.504,69.7080078125,2.2822265625,-68.787109375,
0.5045,58.7373046875,26.7060546875,-81.599609375,
0.505,46.4052734375,40.8798828125,-81.599609375,
0.5055,46.4853515625,47.0859375,-81.599609375,
0.506,14.3740234375,62.4208984375,-76.9150390625,
0.5065,16.255859375,60.21875,-77.0751953125,
0.507,-14.013671875,77.03515625,-64.22265625,
0.5075,-23.783203125,81.439453125,-59.578125,
0.508,-36.595703125,81.439453125,-54.1328125,
0.5085,-52.9716796875,79.677734375,-26.986328125,
0.509,-51.5302734375,80.078125,-28.748046875,
0.5095,-67.666015625,61.5,5.4853515625,
0.51,-71.4697265625,62.4208984375,8.7685546875,
0.5105,-81.5595703125,52.771484375,28.748046875,
0.511,-80.87890625,35.07421875,44.923828125,
0.5115,-81.599609375,37.076171875,47.5263671875,
0.512,-70.62890625,4.2841796875,64.54296875,
0.5125,-73.3515625,5.3251953125,65.3837890625,
0.513,-63.4619140625,-21.541015625,81.4794921875,
0.5135,-56.294921875,-34.4736328125,81.4794921875,
0.514,-52.291015625,-43.08203125,81.3994140625,
0.5145,-22.7021484375,-57.736328125,80.8388671875,
0.515,-23.86328125,-56.6552734375,80.9990234375,
0.5155,9.7294921875,-73.9921875,65.34375,
0.516,16.095703125,-78.5166015625,63.6220703125,
0.5165,31.55078125,-81.599609375,54.4130859375,
0.517,47.88671875,-78.8369140625,31.4306640625,
0.5175,47.88671875,-81.51953125,33.9931640625,
0.518,64.9033203125,-64.3828125,-0.3603515625,
0.5185,67.826171875,-67.5458984375,-0.5205078125,
0.519,81.3193359375,-56.9755859375,-24.423828125,
0.5195,81.4794921875,-44.603515625,-39.3583984375,
0.52,81.4794921875,-43.162109375,-44.603515625,
0.5205,75.11328125,-11.05078125,-61.8203125,
0.521,77.3955078125,-12.2119140625,-62.1005859375,
0.5215,65.3037109375,18.8583984375,-81.279296875,
0.522,59.818359375,28.6279296875,-81.599609375,
0.5225,52.8115234375,39.478515625,-81.599609375,
0.523,26.185546875,54.8134765625,-80.55859375,
0.5235,28.4677734375,54.4931640625,-81.6396484375,
0.524,-6.0859375,71.75,-66.46484375,
0.5245,-9.208984375,75.8740234375,-68.06640625,
0.525,-28.828125,81.4794921875,-56.8154296875,
0.5255,-44.8037109375,81.359375,-37.796875,
0.526,-47.4462890625,81.4794921875,-37.95703125,
0.5265,-64.783203125,67.826171875,-3.923828125,
0.527,-66.14453125,69.66796875,-3.8837890625,
0.5275,-81.599609375,58.296875,24.0234375,
0.528,-81.599609375,47.166015625,35.07421875,
0.5285,-81.5595703125,43.5224609375,44.0830078125,
0.529,-78.31640625,15.21484375,61.1396484375,
0.5295,-81.599609375,17.537109375,62.1005859375,
0.53,-68.2265625,-15.3349609375,81.0390625,
0.5305,-66.78515625,-20.7001953125,81.3994140625,
0.531,-57.65625,-36.595703125,81.3994140625,
0.5315,-33.9130859375,-51.650390625,81.439453125,
0.532,-35.1142578125,-52.8115234375,81.4794921875,
0.5325,0.8408203125,-70.94921875,70.869140625,
0.533,2.6025390625,-71.7099609375,70.388671875,
0.5335,25.8251953125,-80.5185546875,55.89453125,
0.534,39.318359375,-78.15625,39.7587890625,
0.5345,46.0048828125,-81.599609375,39.158203125,
0.535,64.0625,-71.0693359375,7.4072265625,
0.5355,65.18359375,-74.8330078125,9.44921875,
0.536,81.4794921875,-61.9404296875,-20.5400390625,
0.5365,81.4794921875,-55.7744140625,-29.7490234375,
0.537,81.4794921875,-49.48828125,-41.8408203125,
0.5375,81.4794921875,-23.0625,-58.296875,
0.538,81.4794921875,-24.263671875,-60.2587890625,
0.5385,71.5498046875,10.2099609375,-78.5166015625,
0.539,68.546875,13.93359375,-78.9970703125,
0.5395,54.9736328125,32.7119140625,-81.599609375,
0.54,36.35546875,48.0068359375,-81.599609375,
0.5405,37.4365234375,52.37109375,-81.599609375,
0.541,2.8828125,70.3486328125,-73.2314453125,
0.5415,3.123046875,70.30859375,-74.3125,
0.542,-23.703125,81.359375,-60.458984375,
0.5425,-36.435546875,81.4794921875,-49.4482421875,
0.543,-45.0439453125,81.4794921875,-45.2841796875,
0.5435,-62.861328125,77.99609375,-14.9345703125,
0.544,-63.341796875,80.1982421875,-16.3759765625,
0.5445,-80.5986328125,62.9814453125,17.45703125,
0.545,-81.5595703125,59.5380859375,23.54296875,
0.5455,-81.5595703125,48.84765625,39.478515625,
0.546,-81.599609375,27.3466796875,56.294921875,
0.5465,-81.5595703125,29.548828125,59.8984375,
0.547,-75.994140625,-5.5654296875,78.8369140625,
0.5475,-75.11328125,-6.806640625,78.796875,
0.548,-62.1005859375,-29.3486328125,81.4794921875,
0.5485,-46.765625,-44.8837890625,81.4794921875,
0.549,-45.5244140625,-50.6494140625,81.3994140625,
0.5495,-11.2509765625,-68.38671875,80.6787109375,
0.55,-11.611328125,-66.9052734375,80.158203125,
0.5505,19.859375,-80.6787109375,62.2607421875,
0.551,29.46875,-81.599609375,54.693359375,
0.5515,42.0009765625,-81.5595703125,47.4462890625,
0.552,60.2587890625,-81.2392578125,21.1806640625,
0.5525,60.69921875,-81.599609375,23.6630859375,
0.553,77.7958984375,-67.666015625,-10.490234375,
0.5535,79.8779296875,-66.46484375,-14.013671875,
0.554,81.359375,-56.1748046875,-33.47265625,
0.5545,81.4794921875,-38.3173828125,-50.369140625,
0.555,81.4794921875,-38.7578125,-55.2939453125,
0.5555,80.078125,-4.0439453125,-72.0302734375,
0.556,78.5966796875,-3.203125,-70.869140625,
0.5565,63.7822265625,24.34375,-81.599609375,
0.557,51.9306640625,36.6357421875,-81.599609375,
0.5575,48.5673828125,46.8056640625,-81.5595703125,
0.558,18.498046875,63.5419921875,-81.3994140625,
0.5585,19.779296875,61.419921875,-81.359375,
0.559,-12.9326171875,75.9541015625,-63.7822265625,
0.5595,-18.9384765625,78.876953125,-61.01953125,
0.56,-36.275390625,81.3193359375,-52.8115234375,
0.5605,-54.1328125,81.4794921875,-30.3095703125,
0.561,-55.5341796875,81.4794921875,-32.03125,
0.5615,-72.3505859375,68.787109375,3.443359375,
0.562,-73.19140625,68.5068359375,4.96484375,
0.5625,-81.599609375,57.2158203125,28.7880859375,
0.563,-81.5595703125,42.76171875,44.6435546875,
0.5635,-81.5595703125,43.802734375,50.6494140625,
0.564,-81.599609375,10.8505859375,68.2666015625,
0.5645,-81.599609375,12.01171875,65.984375,
0.565,-66.7451171875,-17.45703125,81.0791015625,
0.5655,-61.2197265625,-27.5068359375,81.439453125,
0.566,-54.93359375,-40.8798828125,81.4794921875,
0.5665,-27.7470703125,-56.2548828125,81.4794921875,
0.567,-28.3076171875,-55.3740234375,81.4794921875,
0.5675,6.24609375,-70.62890625,64.9833984375,
0.568,10.73046875,-72.9111328125,63.3017578125,
0.5685,30.4296875,-81.5595703125,53.33203125,
0.569,47.88671875,-81.599609375,34.8740234375,
0.5695,50.8896484375,-81.599609375,36.3955078125,
0.57,67.5859375,-70.4287109375,2.642578125,
0.5705,68.38671875,-72.791015625,3.763671875,
0.571,81.51953125,-61.2197265625,-23.6630859375,
0.5715,81.439453125,-53.4521484375,-37.31640625,
0.572,81.4794921875,-50.0087890625,-45.5244140625,
0.5725,81.4794921875,-19.4990234375,-61.419921875,
0.573,81.4794921875,-20.33984375,-59.09765625,
0.5735,66.9853515625,12.732421875,-76.1142578125,
0.574,64.0224609375,19.859375,-80.23828125,
0.5745,54.7734375,35.5546875,-81.599609375,
0.575,31.4306640625,51.41015625,-81.119140625,
0.5755,33.2724609375,52.0107421875,-81.599609375,
0.576,-1.76171875,67.505859375,-65.5439453125,
0.5765,-2.7626953125,69.34765625,-67.265625,
0.577,-26.0654296875,81.4794921875,-57.2958984375,
0.5775,-43.08203125,81.51953125,-43.322265625,
0.578,-47.7265625,81.359375,-43.08203125,
0.5785,-64.9033203125,74.9130859375,-9.8896484375,
0.579,-64.4228515625,75.7138671875,-10.8505859375,
0.5795,-81.5595703125,62.5009765625,20.419921875,
0.58,-81.5595703125,57.1357421875,30.3896484375,
0.5805,-81.5595703125,49.6083984375,42.12109375,
0.581,-81.599609375,23.4228515625,56.775390625,
0.5815,-81.599609375,24.904296875,56.9755859375,
0.582,-68.3466796875,-8.7685546875,74.392578125,
0.5825,-68.8671875,-12.572265625,78.716796875,
0.583,-59.4580078125,-31.5908203125,81.4794921875,
0.5835,-39.4384765625,-46.765625,81.4794921875,
0.584,-39.3984375,-48.3671875,81.4794921875,
0.5845,-4.0439453125,-64.703125,68.8271484375,
0.585,-4.1640625,-65.583984375,70.46875,
0.5855,24.3837890625,-81.3193359375,57.9365234375,
0.586,35.794921875,-81.599609375,47.3662109375,
0.5865,44.1630859375,-81.5595703125,43.162109375,
0.587,61.1796875,-75.193359375,14.013671875,
0.5875,61.1796875,-78.876953125,16.9365234375,
0.588,81.119140625,-66.0244140625,-15.53515625,
0.5885,81.4794921875,-64.302734375,-22.1015625,
0.589,81.4794921875,-56.53515625,-37.15625,
0.5895,81.4794921875,-32.431640625,-52.4111328125,
0.59,81.4794921875,-33.3525390625,-52.69140625,
0.5905,71.26953125,1.681640625,-69.66796875,
0.591,72.5107421875,3.6435546875,-72.23046875,
0.5915,59.2177734375,26.826171875,-81.599609375,
0.592,42.6416015625,40.3994140625,-80.4384765625,
0.5925,41.9609375,45.3642578125,-81.599609375,
0.593,9.609375,61.5,-70.068359375,
0.5935,11.37109375,61.7802734375,-73.03125,
0.594,-17.8173828125,78.2763671875,-60.7392578125,
0.5945,-27.626953125,80.8388671875,-54.453125,
0.595,-39.078125,81.359375,-48.0068359375,
0.5955,-55.8544921875,77.755859375,-22.021484375,
0.596,-57.3759765625,81.4794921875,-24.9443359375,
0.5965,-77.1953125,67.5859375,9.4892578125,
0.597,-80.078125,67.10546875,13.052734375,
0.5975,-81.599609375,55.4140625,30.7900390625,
0.598,-81.5595703125,36.275390625,46.365234375,
0.5985,-81.5595703125,38.27734375,48.6875,
0.599,-73.4716796875,4.884765625,66.3046875,
0.5995,-75.5537109375,5.60546875,66.9052734375,
0.6,-61.3798828125,-19.5791015625,78.7568359375,
0.6005,-51.25,-31.5107421875,80.55859375,
0.601,-46.8857421875,-40.279296875,81.4794921875,
0.6015,-17.296875,-56.775390625,72.9912109375,
0.602,-19.779296875,-57.3759765625,76.955078125,
0.6025,13.1328125,-75.9140625,62.9814453125,
0.603,19.5390625,-78.796875,59.658203125,
0.6035,33.953125,-81.599609375,51.6904296875,
0.604,51.6103515625,-80.798828125,29.2685546875,
0.6045,54.4130859375,-81.599609375,33.2724609375,
0.605,73.3916015625,-72.8310546875,-1.28125,
0.6055,75.11328125,-74.6328125,-1.4814453125,
0.606,81.5595703125,-61.66015625,-23.2626953125,
0.6065,81.4794921875,-46.6455078125,-38.5576171875,
0.607,81.4794921875,-45.7646484375,-43.8427734375,
0.6075,77.2353515625,-12.97265625,-62.0205078125,
0.608,77.916015625,-13.7734375,-61.0595703125,
0.6085,63.26171875,15.53515625,-75.9140625,
0.609,55.09375,25.0244140625,-77.35546875,
0.6095,48.8076171875,36.4755859375,-81.599609375,
0.61,22.7822265625,54.8134765625,-76.3544921875,
0.6105,26.10546875,56.2548828125,-81.6396484375,
0.611,-7.447265625,73.0712890625,-66.0244140625,
0.6115,-10.2900390625,75.75390625,-66.544921875,
0.612,-29.30859375,81.359375,-56.9755859375,
0.6125,-47.1259765625,81.4794921875,-38.1572265625,
0.613,-51.41015625,81.4794921875,-40.6396484375,
0.6135,-70.0283203125,76.5546875,-6.166015625,
0.614,-69.3076171875,76.39453125,-6.56640625,
0.6145,-81.5595703125,62.1005859375,20.419921875,
0.615,-81.599609375,50.609375,32.3515625,
0.6155,-81.5595703125,47.326171875,42.4013671875,
0.616,-80.23828125,18.4580078125,60.05859375,
0.6165,-81.599609375,20.6201171875,58.7373046875,
0.617,-65.583984375,-10.7705078125,73.8720703125,
0.6175,-61.5,-17.056640625,75.7138671875,
0.618,-54.61328125,-32.3515625,81.3994140625,
0.6185,-30.7900390625,-50.9296875,80.478515625,
0.619,-33.47265625,-52.8115234375,81.4794921875,
0.6195,1.5615234375,-69.3876953125,67.8662109375,
0.62,3.1630859375,-70.9892578125,68.5068359375,
0.6205,26.4658203125,-81.51953125,56.21484375,
0.621,42.12109375,-81.5595703125,42.041015625,
0.6215,49.2880859375,-81.5595703125,43.3623046875,
0.622,67.7060546875,-79.5576171875,10.810546875,
0.6225,65.6640625,-79.3974609375,12.412109375,
0.623,80.638671875,-64.943359375,-16.5361328125,
0.6235,81.3193359375,-57.49609375,-26.8662109375,
0.624,81.4794921875,-51.810546875,-39.3984375,
0.6245,81.4794921875,-24.744140625,-56.1748046875,
0.625,81.4794921875,-25.4248046875,-55.6943359375,
0.6255,64.7431640625,8.4482421875,-70.548828125,
0.626,62.94140625,12.251953125,-72.0302734375,
0.6265,51.330078125,31.0703125,-79.9580078125,
0.627,33.4326171875,48.6875,-80.4384765625,
0.6275,35.71484375,52.3310546875,-81.599609375,
0.628,1.7216796875,68.6669921875,-70.3486328125,
0.6285,2.3623046875,68.1865234375,-71.349609375,
0.629,-23.8232421875,81.4794921875,-59.6181640625,
0.6295,-38.7177734375,81.4794921875,-50.369140625,
0.63,-47.166015625,81.439453125,-48.6875,
0.6305,-65.103515625,81.4794921875,-17.1767578125,
0.631,-63.26171875,81.4794921875,-18.658203125,
0.6315,-79.037109375,64.9033203125,14.4541015625,
0.632,-81.5595703125,60.9794921875,21.4609375,
0.6325,-81.5595703125,52.0107421875,36.8359375,
0.633,-81.599609375,28.6279296875,53.9326171875,
0.6335,-81.599609375,30.4296875,53.7724609375,
0.634,-67.986328125,-3.4833984375,69.02734375,
0.6345,-67.6259765625,-5.0849609375,69.5478515625,
0.635,-56.775390625,-27.1865234375,81.119140625,
0.6355,-43.08203125,-44.1630859375,81.599609375,
0.636,-42.041015625,-48.8876953125,81.4794921875,
0.6365,-9.048828125,-64.703125,73.7119140625,
0.637,-9.9697265625,-64.0625,74.5927734375,
0.6375,20.9404296875,-81.359375,61.5,
0.638,32.431640625,-81.5595703125,55.3740234375,
0.6385,44.603515625,-81.5595703125,50.4091796875,
0.639,60.779296875,-81.599609375,23.142578125,
0.6395,59.7783203125,-81.599609375,24.82421875,
0.64,75.6337890625,-67.74609375,-8.9287109375,
0.6405,78.9169921875,-67.42578125,-12.5322265625,
0.641,81.4794921875,-57.015625,-32.03125,
0.6415,81.4794921875,-37.4365234375,-47.56640625,
0.642,81.4794921875,-36.99609375,-49.0078125,
0.6425,69.3876953125,-2.2021484375,-65.0634765625,
0.643,69.2275390625,-1.8017578125,-64.4228515625,
0.6435,57.736328125,25.3046875,-80.478515625,
0.644,46.0849609375,37.9169921875,-81.51953125,
0.6445,43.162109375,46.1650390625,-81.599609375,
0.645,13.373046875,61.66015625,-74.392578125,
0.6455,15.8955078125,61.419921875,-77.5556640625,
0.646,-16.6162109375,79.7177734375,-63.6220703125,
0.6465,-23.9033203125,81.4794921875,-63.021484375,
0.647,-39.71875,81.439453125,-55.4541015625,
0.6475,-54.853515625,81.4794921875,-31.1103515625,
0.648,-54.4931640625,81.4794921875,-32.5517578125,
0.6485,-71.6298828125,69.1474609375,2.8828125,
0.649,-73.9921875,69.1875,5.4052734375,
0.6495,-81.5595703125,57.095703125,28.0673828125,
0.65,-81.599609375,39.3984375,41.9609375,
0.6505,-81.599609375,38.357421875,45.96484375,
0.651,-70.30859375,6.3662109375,62.380859375,
0.6515,-72.6708984375,7.767578125,62.3408203125,
0.652,-61.2197265625,-21.1806640625,80.3984375,
0.6525,-55.7744140625,-31.87109375,81.439453125,
0.653,-50.208984375,-43.2021484375,81.4794921875,
0.6535,-22.7822265625,-58.537109375,81.439453125,
0.654,-24.4638671875,-58.7373046875,81.51953125,
0.6545,10.169921875,-77.3154296875,68.1865234375,
0.655,14.814453125,-81.3994140625,68.146484375,
0.6555,33.0322265625,-81.5595703125,55.8544921875,
0.656,48.3271484375,-81.599609375,36.0751953125,
0.6565,50.76953125,-81.599609375,37.31640625,
0.657,68.0263671875,-71.5498046875,3.123046875,
0.6575,69.427734375,-74.1923828125,3.8837890625,
0.658,81.439453125,-62.140625,-22.1416015625,
0.6585,81.4794921875,-49.96875,-35.39453125,
0.659,81.4794921875,-46.125,-42.6416015625,
0.6595,75.8740234375,-15.0546875,-58.9775390625,
0.66,77.8759765625,-16.65625,-58.376953125,
0.6605,63.7421875,15.8154296875,-76.794921875,
0.661,60.3388671875,22.6220703125,-80.1181640625,
0.6615,50.7294921875,36.5556640625,-81.599609375,
0.662,27.5869140625,53.1318359375,-79.6376953125,
0.6625,30.7099609375,55.25390625,-81.599609375,
0.663,-3.4833984375,74.0322265625,-70.7890625,
0.6635,-5.205078125,77.1552734375,-72.8310546875,
0.664,-26.6259765625,81.3994140625,-61.5400390625,
0.6645,-42.8017578125,81.4794921875,-45.404296875,
0.665,-47.1259765625,81.4794921875,-44.8037109375,
0.6655,-64.7431640625,76.5146484375,-11.3310546875,
0.666,-64.9033203125,78.4765625,-12.6123046875,
0.6665,-80.23828125,62.8212890625,17.6171875,
0.667,-81.2392578125,54.61328125,26.5859375,
0.6675,-81.599609375,47.326171875,37.556640625,
0.668,-76.9150390625,20.8603515625,54.853515625,
0.6685,-81.0791015625,23.943359375,55.09375,
0.669,-66.78515625,-8.8486328125,73.51171875,
0.6695,-66.6650390625,-12.33203125,76.474609375,
0.67,-57.1357421875,-30.0693359375,81.4794921875,
0.6705,-37.396484375,-47.1259765625,81.4794921875,
0.671,-39.71875,-51.08984375,81.4794921875,
0.6715,-4.884765625,-69.5478515625,75.0732421875,
0.672,-5.28515625,-70.5888671875,77.2353515625,
0.6725,21.30078125,-81.599609375,63.26171875,
0.673,33.6328125,-81.599609375,50.44921875,
0.6735,42.521484375,-81.5595703125,48.0869140625,
0.674,60.4189453125,-78.7568359375,17.9775390625,
0.6745,59.6181640625,-80.6787109375,20.580078125,
0.675,75.0732421875,-65.423828125,-10.25,
0.6755,76.875,-60.7392578125,-16.65625,
0.676,81.4794921875,-52.4912109375,-31.2705078125,
0.6765,78.9169921875,-28.828125,-49.2080078125,
0.677,81.4794921875,-31.1904296875,-51.2099609375,
0.6775,68.0263671875,2.5224609375,-68.466796875,
0.678,68.70703125,4.244140625,-69.9482421875,
0.6785,57.2958984375,25.6650390625,-80.4384765625,
0.679,41.6806640625,40.919921875,-80.5986328125,
0.6795,43.642578125,47.6865234375,-81.599609375,
0.68,11.37109375,66.3447265625,-77.5556640625,
0.6805,13.3330078125,65.7041015625,-79.91796875,
0.681,-15.2548828125,79.6376953125,-65.0634765625,
0.6815,-25.224609375,81.4794921875,-58.697265625,
0.682,-37.556640625,81.359375,-52.69140625,
0.6825,-54.9736328125,80.158203125,-25.4248046875,
0.683,-54.212890625,81.3994140625,-28.2275390625,
0.6835,-70.3486328125,64.2626953125,5.6455078125,
0.684,-71.1494140625,61.3798828125,9.609375,
0.6845,-78.236328125,50.76953125,27.0263671875,
0.685,-78.15625,31.87109375,45.484375,
0.6855,-81.599609375,34.8740234375,49.4482421875,
0.686,-70.30859375,2.0419921875,66.4248046875,
0.6865,-72.390625,3.4033203125,66.3046875,
0.687,-60.1787109375,-21.380859375,79.7177734375,
0.6875,-50.609375,-35.314453125,81.599609375,
0.688,-49.6884765625,-44.0830078125,81.4794921875,
0.6885,-18.978515625,-61.7802734375,80.9990234375,
0.689,-21.0205078125,-59.8583984375,81.4794921875,
0.6895,10.970703125,-75.353515625,65.3837890625,
0.69,18.41796875,-78.31640625,60.9794921875,
0.6905,32.9921875,-81.5595703125,52.7314453125,
0.691,51.2099609375,-80.4384765625,29.6689453125,
0.6915,52.1708984375,-81.599609375,32.51171875,
0.692,67.185546875,-66.14453125,-1.1611328125,
0.6925,67.3857421875,-65.9443359375,-1.9619140625,
0.693,77.6357421875,-54.9736328125,-23.0224609375,
0.6935,81.279296875,-40.51953125,-40.3994140625,
0.694,81.4794921875,-41.3203125,-45.8046875,
0.6945,73.51171875,-8.8486328125,-62.78125,
0.695,73.912109375,-10.0498046875,-61.1396484375,
0.6955,60.69921875,18.978515625,-77.0751953125,
0.696,54.693359375,29.3486328125,-81.3994140625,
0.6965,49.96875,42.0810546875,-81.599609375,
0.697,23.703125,58.13671875,-81.19921875,
0.6975,25.9853515625,57.65625,-81.6396484375,
0.698,-7.046875,72.9111328125,-66.625,
0.6985,-10.890625,75.4736328125,-65.984375,
0.699,-29.62890625,81.359375,-57.81640625,
0.6995,-47.2861328125,81.4794921875,-37.4365234375,
0.7,-48.7275390625,81.4794921875,-38.998046875,
0.7005,-64.2626953125,67.666015625,-4.0439453125,
0.701,-63.501953125,67.5859375,-4.32421875,
0.7015,-77.4755859375,54.93359375,22.26171875,
0.702,-80.55859375,44.4033203125,35.5947265625,
0.7025,-81.5595703125,42.5615234375,44.8037109375,
0.703,-76.2744140625,13.29296875,61.2197265625,
0.7035,-77.6357421875,15.4951171875,59.5380859375,
0.704,-64.5029296875,-14.7744140625,77.0751953125,
0.7045,-61.900390625,-23.1025390625,81.4794921875,
0.705,-56.455078125,-38.59765625,81.4794921875,
0.7055,-32.03125,-54.29296875,81.4794921875,
0.706,-32.7919921875,-55.6142578125,81.4794921875,
0.7065,2.3623046875,-70.7490234375,69.2275390625,
0.707,4.564453125,-73.1513671875,69.9482421875,
0.7075,27.5869140625,-81.599609375,57.7763671875,
0.708,42.4013671875,-81.599609375,40.7998046875,
0.7085,46.205078125,-81.599609375,40.279296875,
0.709,62.701171875,-69.7080078125,7.3271484375,
0.7095,61.3798828125,-70.4287109375,8.80859375,
0.71,78.31640625,-58.8173828125,-19.7392578125,
0.7105,81.4794921875,-53.0517578125,-31.3505859375,
0.711,81.4794921875,-47.40625,-42.841796875,
0.7115,80.5185546875,-19.8193359375,-58.4970703125,
0.712,81.4794921875,-21.140625,-58.1767578125,
0.7125,65.984375,12.892578125,-75.9541015625,
0.713,66.0244140625,17.9375,-80.798828125,
0.7135,55.57421875,36.0751953125,-81.5595703125,
0.714,34.513671875,50.609375,-81.599609375,
0.7145,35.5546875,52.8916015625,-81.599609375,
0.715,0.6806640625,69.908203125,-71.0693359375,
0.7155,0.4404296875,71.349609375,-73.03125,
0.716,-25.1845703125,81.4794921875,-61.1796875,
0.7165,-39.638671875,81.4794921875,-49.2880859375,
0.717,-45.8447265625,81.4794921875,-45.2041015625,
0.7175,-62.220703125,74.9130859375,-12.9326171875,
0.718,-61.01953125,75.0732421875,-14.09375,
0.7185,-79.4775390625,60.69921875,18.578125,
0.719,-81.5595703125,56.4951171875,26.9462890625,
0.7195,-81.5595703125,47.326171875,40.3994140625,
0.72,-81.0791015625,23.1826171875,56.0546875,
0.7205,-81.599609375,25.14453125,57.65625,
0.721,-70.1083984375,-8.888671875,76.5146484375,
0.7215,-73.03125,-11.05078125,80.958984375,
0.722,-61.1396484375,-32.751953125,81.6396484375,
0.7225,-45.3642578125,-47.4462890625,81.3994140625,
0.723,-43.4423828125,-51.2099609375,81.3994140625,
0.7235,-8.0078125,-69.2275390625,79.357421875,
0.724,-8.328125,-68.5869140625,79.2373046875,
0.7245,22.021484375,-81.5595703125,64.703125,
0.725,32.6318359375,-81.599609375,54.052734375,
0.7255,42.9619140625,-81.5595703125,46.685546875,
0.726,59.41796875,-77.5556640625,18.41796875,
0.7265,60.0185546875,-80.5986328125,20.419921875,
0.727,78.236328125,-65.0634765625,-13.373046875,
0.7275,81.4794921875,-65.1435546875,-17.4970703125,
0.728,81.4794921875,-54.4130859375,-35.234375,
0.7285,81.4794921875,-33.232421875,-51.650390625,
0.729,81.4794921875,-34.2333984375,-54.3330078125,
0.7295,76.5947265625,1.041015625,-74.1123046875,
0.73,77.755859375,2.2421875,-75.8740234375,
0.7305,64.5029296875,28.1875,-81.5595703125,
0.731,49.80859375,41.0400390625,-81.599609375,
0.7315,46.3251953125,48.1669921875,-81.5595703125,
0.732,14.974609375,64.6630859375,-80.078125,
0.7325,16.17578125,65.0634765625,-81.6396484375,
0.733,-15.0947265625,80.1982421875,-66.3447265625,
0.7335,-22.7421875,80.5986328125,-59.578125,
0.734,-36.99609375,81.4794921875,-51.169921875,
0.7345,-54.8935546875,79.517578125,-25.14453125,
0.735,-56.4150390625,81.4794921875,-27.306640625,
0.7355,-75.4736328125,67.1455078125,7.8076171875,
0.736,-78.076171875,67.5859375,10.2900390625,
0.7365,-81.5595703125,54.533203125,31.9912109375,
0.737,-81.5595703125,38.1572265625,46.765625,
0.7375,-81.5595703125,38.27734375,52.451171875,
0.738,-80.1181640625,5.765625,71.3896484375,
0.7385,-81.6396484375,6.6865234375,71.4296875,
0.739,-68.0263671875,-21.140625,81.3994140625,
0.7395,-58.7373046875,-32.111328125,81.4794921875,
0.74,-52.5712890625,-42.681640625,81.4794921875,
0.7405,-23.3828125,-59.578125,81.4794921875,
0.741,-24.8642578125,-60.37890625,81.4794921875,
0.7415,9.9697265625,-76.5947265625,67.42578125,
0.742,14.5341796875,-78.076171875,64.6630859375,
0.7425,32.03125,-81.5595703125,52.0107421875,
0.743,49.568359375,-80.6787109375,31.6708984375,
0.7435,53.2919921875,-81.599609375,34.11328125,
0.744,71.7900390625,-72.150390625,0,
0.7445,72.1103515625,-72.9912109375,0.2001953125,
0.745,81.4794921875,-60.9794921875,-23.943359375,
0.7455,81.4794921875,-48.4072265625,-38.91796875,
0.746,81.4794921875,-46.4453125,-46.845703125,
0.7465,81.4794921875,-15.3349609375,-65.5439453125,
0.747,81.4794921875,-16.3359375,-65.34375,
0.7475,68.7470703125,15.6552734375,-80.9990234375,
0.748,63.3818359375,23.4228515625,-81.599609375,
0.7485,53.8125,37.5166015625,-81.5595703125,
0.749,29.5888671875,55.3740234375,-81.599609375,
0.7495,31.630859375,56.9755859375,-81.599609375,
0.75,-2.642578125,72.630859375,-70.3486328125,
0.7505,-4.884765625,72.55078125,-68.9072265625,
0.751,-25.5048828125,80.798828125,-56.8955078125,
0.7515,-43.2421875,81.4794921875,-41.0400390625,
0.752,-49.48828125,81.4794921875,-41.16015625,
0.7525,-67.42578125,74.5126953125,-7.447265625,
0.753,-66.1845703125,75.0732421875,-8.8486328125,
0.7535,-81.439453125,60.859375,20.66015625,
0.754,-81.5595703125,52.6513671875,31.4306640625,
0.7545,-81.5595703125,48.4072265625,43.322265625,
0.755,-81.599609375,21.62109375,62.0205078125,
0.7555,-81.599609375,23.623046875,61.580078125,
0.756,-71.0693359375,-8.9287109375,77.2353515625,
0.7565,-68.9072265625,-13.453125,79.5576171875,
0.757,-59.2578125,-31.3505859375,81.4794921875,
0.7575,-38.5576171875,-48.7275390625,81.4794921875,
0.758,-39.5986328125,-51.330078125,81.4794921875,
0.7585,-4.00390625,-67.185546875,71.349609375,
0.759,-3.2431640625,-65.9443359375,69.9482421875,
0.7595,22.26171875,-78.716796875,57.2958984375,
0.76,36.595703125,-80.23828125,44.4833984375,
0.7605,46.0849609375,-81.5595703125,43.5224609375,
0.761,62.78125,-76.5146484375,13.453125,
0.7615,61.6201171875,-77.7958984375,15.4951171875,
0.762,77.595703125,-63.26171875,-14.9345703125,
0.7625,81.4794921875,-60.458984375,-22.7021484375,
0.763,81.439453125,-53.97265625,-38.7177734375,
0.7635,81.4794921875,-30.1494140625,-55.4140625,
0.764,81.4794921875,-31.1904296875,-55.4541015625,
0.7645,71.4697265625,3.443359375,-71.669921875,
0.765,70.4287109375,6.2060546875,-72.7109375,
0.7655,58.9775390625,27.546875,-81.599609375,
0.766,42.2412109375,43.8427734375,-81.599609375,
0.7665,42.44140625,48.4873046875,-81.599609375,
0.767,9.0888671875,63.6220703125,-72.1904296875,
0.7675,10.41015625,61.8603515625,-72.7509765625,
0.768,-17.6171875,76.07421875,-59.41796875,
0.7685,-29.7890625,81.4794921875,-53.4921875,
0.769,-41.640625,81.439453125,-49.408203125,
0.7695,-58.376953125,79.357421875,-20.8203125,
0.77,-57.17578125,80.3984375,-23.1826171875,
0.7705,-74.6328125,64.302734375,10.2099609375,
0.771,-79.1171875,63.7421875,15.4150390625,
0.7715,-81.5595703125,54.7734375,33.2724609375,
0.772,-81.5595703125,35.39453125,49.5283203125,
0.7725,-81.5595703125,36.2353515625,51.490234375,
0.773,-73.03125,2.8828125,67.5458984375,
0.7735,-74.3525390625,2.8427734375,68.1865234375,
0.774,-63.501953125,-21.30078125,81.4794921875,
0.7745,-51.8505859375,-36.0751953125,81.4794921875,
0.775,-49.328125,-42.76171875,81.4794921875,
0.7755,-17.6572265625,-57.7763671875,74.79296875,
0.776,-19.0986328125,-55.734375,74.8330078125,
0.7765,12.732421875,-72.55078125,60.458984375,
0.777,21.2607421875,-78.556640625,57.9765625,
0.7775,35.1943359375,-81.599609375,49.728515625,
0.778,51.0498046875,-76.5546875,25.8251953125,
0.7785,51.8505859375,-80.6787109375,28.828125,
0.779,70.1083984375,-65.904296875,-4.404296875,
0.7795,74.4326171875,-68.626953125,-6.1259765625,
0.78,81.4794921875,-60.1787109375,-26.90625,
0.7805,81.4794921875,-44.04296875,-43.4423828125,
0.781,81.4794921875,-43.5625,-45.7646484375,
0.7815,74.953125,-10.169921875,-62.140625,
0.782,76.4345703125,-11.2109375,-61.8203125,
0.7825,63.662109375,17.857421875,-78.5966796875,
0.783,55.734375,28.107421875,-80.87890625,
0.7835,49.408203125,38.1572265625,-81.599609375,
0.784,21.94140625,53.4921875,-73.8720703125,
0.7845,24.583984375,52.05078125,-75.994140625,
0.785,-7.767578125,69.66796875,-62.1005859375,
0.7855,-12.97265625,74.5927734375,-62.5009765625,
0.786,-29.46875,81.359375,-54.3330078125,
0.7865,-45.7646484375,77.595703125,-32.3515625,
0.787,-47.4462890625,81.359375,-34.59375,
0.7875,-66.6650390625,66.5048828125,-0.400390625,
0.788,-70.6689453125,71.029296875,-0.48046875,
0.7885,-81.5595703125,60.3388671875,25.4248046875,
0.789,-81.599609375,47.0859375,37.7568359375,
0.7895,-81.5595703125,45.32421875,43.72265625,
0.79,-77.595703125,15.4150390625,59.978515625,
0.7905,-79.2373046875,16.9365234375,59.2177734375,
0.791,-66.5048828125,-12.8525390625,76.71484375,
0.7915,-61.4599609375,-20.7802734375,79.7978515625,
0.792,-53.0517578125,-33.7529296875,81.4794921875,
0.7925,-27.7470703125,-49.80859375,75.9541015625,
0.793,-29.7490234375,-50.609375,79.998046875,
0.7935,5.0048828125,-68.9072265625,63.7021484375,
0.794,7.447265625,-72.9912109375,65.984375,
0.7945,28.34765625,-81.5595703125,54.9736328125,
0.795,43.8427734375,-81.0390625,37.796875,
0.7955,48.3671875,-81.5595703125,39.5185546875,
0.796,67.5458984375,-74.7529296875,6.7265625,
0.7965,69.2275390625,-78.796875,8.408203125,
0.797,81.4794921875,-65.984375,-19.4189453125,
0.7975,81.4794921875,-57.9365234375,-30.58984375,
0.798,81.4794921875,-51.330078125,-40.5595703125,
0.7985,81.4794921875,-22.7021484375,-56.6552734375,
0.799,81.4794921875,-23.9833984375,-56.8955078125,
0.7995,68.2265625,9.529296875,-74.8330078125,
0.8,64.6630859375,14.9345703125,-76.154296875,
0.8005,53.4921875,30.5498046875,-81.2392578125,
0.801,31.55078125,47.966796875,-77.6357421875,
0.8015,33.79296875,50.9697265625,-81.599609375,
0.802,0.2001953125,68.546875,-68.70703125,
0.8025,0.0400390625,71.1494140625,-72.0302734375,
0.803,-23.6630859375,81.19921875,-59.2978515625,
0.8035,-38.3173828125,81.4794921875,-47.486328125,
0.804,-46.0849609375,81.4794921875,-45.884765625,
0.8045,-64.9833984375,80.1181640625,-14.6142578125,
0.805,-65.34375,81.4794921875,-16.2958984375,
0.8055,-81.5595703125,67.345703125,15.4951171875,
0.806,-81.5595703125,61.0595703125,23.6630859375,
0.8065,-81.5595703125,51.8505859375,36.5556640625,
0.807,-81.599609375,27.787109375,53.6923828125,
0.8075,-81.5595703125,29.7890625,55.3740234375,
0.808,-70.62890625,-3.84375,71.9501953125,
0.8085,-70.1484375,-5.765625,72.6708984375,
0.809,-57.896484375,-25.46484375,80.71875,
0.8095,-40.7197265625,-42.361328125,81.0390625,
0.81,-41.6806640625,-47.3662109375,81.3193359375,
0.8105,-7.6474609375,-65.8642578125,73.03125,
0.811,-8.5283203125,-65.50390625,74.3125,
0.8115,20.01953125,-80.2783203125,60.859375,
0.812,31.23046875,-81.599609375,52.0107421875,
0.8125,42.8017578125,-81.5595703125,47.5263671875,
0.813,61.2998046875,-81.599609375,20.8203125,
0.8135,62.30078125,-81.599609375,23.1826171875,
0.814,78.2763671875,-69.7080078125,-9.2890625,
0.8145,80.0380859375,-66.5849609375,-14.1337890625,
0.815,81.4794921875,-57.4560546875,-31.0703125,
0.8155,81.4794921875,-35.5546875,-48.6474609375,
0.816,81.4794921875,-36.8759765625,-51.08984375,
0.8165,72.5107421875,-1.9619140625,-68.0263671875,
0.817,71.109375,-0.720703125,-67.10546875,
0.8175,57.1357421875,23.6630859375,-78.0361328125,
0.818,44.3232421875,36.8359375,-78.6767578125,
0.8185,42.3212890625,46.5654296875,-81.599609375,
0.819,12.4921875,63.4619140625,-75.43359375,
0.8195,14.1337890625,62.5009765625,-77.03515625,
0.82,-15.5751953125,77.7158203125,-62.78125,
0.8205,-24.423828125,81.279296875,-58.296875,
0.821,-39.4384765625,81.439453125,-53.01171875,
0.8215,-57.5361328125,81.4794921875,-28.2275390625,
0.822,-58.3369140625,81.4794921875,-30.58984375,
0.8225,-74.4326171875,69.9482421875,4.884765625,
0.823,-75.8740234375,68.947265625,7.4873046875,
0.8235,-81.5595703125,55.8544921875,28.828125,
0.824,-81.5595703125,39.158203125,45.1240234375,
0.8245,-81.5595703125,39.23828125,48.9677734375,
0.825,-73.591796875,6.3662109375,65.263671875,
0.8255,-72.87109375,6.966796875,63.0615234375,
0.826,-60.1787109375,-19.5791015625,77.1552734375,
0.8265,-52.4912109375,-32.3115234375,81.3994140625,
0.827,-48.8076171875,-43.40234375,81.3994140625,
0.8275,-20.0595703125,-60.0185546875,80.158203125,
0.828,-21.9013671875,-59.2578125,81.3994140625,
0.8285,11.8515625,-75.193359375,64.0224609375,
0.829,17.4169921875,-79.27734375,62.7412109375,
0.8295,35.1943359375,-81.5595703125,53.732421875,
0.83,52.69140625,-81.599609375,33.7529296875,
0.8305,55.09375,-81.5595703125,35.7548828125,
0.831,71.349609375,-73.83203125,1.6015625,
0.8315,71.3896484375,-73.271484375,0.9208984375,
0.832,81.4794921875,-61.33984375,-22.90234375,
0.8325,81.4794921875,-49.2080078125,-38.517578125,
0.833,81.4794921875,-46.365234375,-45.1640625,
0.8335,77.755859375,-14.494140625,-61.01953125,
0.834,76.474609375,-14.89453125,-58.376953125,
0.8345,61.099609375,16.17578125,-74.4326171875,
0.835,56.6953125,25.2646484375,-79.3173828125,
0.8355,49.408203125,38.7177734375,-81.599609375,
0.836,24.7041015625,54.8134765625,-78.63671875,
0.8365,27.0263671875,54.5732421875,-81.3994140625,
0.837,-6.5263671875,71.1494140625,-65.1435546875,
0.8375,-9.0087890625,75.5537109375,-67.7861328125,
0.838,-30.3896484375,81.439453125,-58.45703125,
0.8385,-47.326171875,81.4794921875,-42.7216796875,
0.839,-50.0087890625,81.4794921875,-42.76171875,
0.8395,-66.384765625,75.1533203125,-8.248046875,
0.84,-64.9033203125,74.5927734375,-9.12890625,
0.8405,-81.3994140625,62.3408203125,19.619140625,
0.841,-81.599609375,52.8115234375,31.470703125,
0.8415,-81.5595703125,47.3662109375,40.4794921875,
0.842,-76.0341796875,19.4990234375,55.3740234375,
0.8425,-77.35546875,21.060546875,54.0927734375,
0.843,-62.30078125,-10.25,70.5087890625,
0.8435,-62.861328125,-15.9755859375,76.39453125,
0.844,-55.57421875,-33.3525390625,81.4794921875,
0.8445,-34.5537109375,-49.48828125,81.4794921875,
0.845,-36.3154296875,-50.529296875,81.4794921875,
0.8455,-1.681640625,-67.666015625,69.587890625,
0.846,-0.6005859375,-70.0283203125,71.5498046875,
0.8465,24.7041015625,-81.5595703125,61.419921875,
0.847,38.7177734375,-81.5595703125,48.3271484375,
0.8475,45.0439453125,-81.5595703125,46.685546875,
0.848,60.4990234375,-77.115234375,16.0556640625,
0.8485,59.7783203125,-78.556640625,17.8173828125,
0.849,77.3154296875,-65.2236328125,-12.7724609375,
0.8495,81.4794921875,-61.0595703125,-21.30078125,
0.85,81.4794921875,-53.65234375,-34.513671875,
0.8505,79.5576171875,-27.306640625,-50.9296875,
0.851,81.19921875,-29.1884765625,-49.6884765625,
0.8515,64.7431640625,5.125,-67.5859375,
0.852,66.46484375,8.3681640625,-71.7900390625,
0.8525,55.09375,28.107421875,-80.71875,
0.853,37.556640625,43.08203125,-78.8369140625,
0.8535,38.6376953125,47.7666015625,-81.599609375,
0.854,6.4462890625,65.0234375,-71.189453125,
0.8545,7.607421875,67.0654296875,-75.353515625,
0.855,-19.3388671875,81.4794921875,-65.34375,
0.8555,-32.111328125,81.4794921875,-56.935546875,
0.856,-41.16015625,81.439453125,-52.2509765625,
0.8565,-56.9755859375,80.1982421875,-22.90234375,
0.857,-56.2548828125,81.359375,-25.0244140625,
0.8575,-74.15234375,65.82421875,8.4482421875,
0.858,-77.515625,64.0625,13.7333984375,
0.8585,-81.599609375,52.6513671875,29.5087890625,
0.859,-78.15625,31.9111328125,45.6845703125,
0.8595,-81.5595703125,33.7529296875,47.40625,
0.86,-67.8662109375,1.361328125,64.9833984375,
0.8605,-70.869140625,0.880859375,67.5859375,
0.861,-60.779296875,-21.6611328125,80.478515625,
0.8615,-48.046875,-36.2353515625,81.4794921875,
0.862,-46.845703125,-43.08203125,81.4794921875,
0.8625,-15.6953125,-60.5390625,76.07421875,
0.863,-18.09765625,-61.740234375,80.3984375,
0.8635,13.7734375,-79.59765625,66.3046875,
0.864,22.021484375,-81.599609375,61.9404296875,
0.8645,34.59375,-81.5595703125,53.4921875,
0.865,51.650390625,-80.3984375,28.748046875,
0.8655,52.2109375,-81.599609375,31.9111328125,
0.866,70.1884765625,-69.0673828125,-1.521484375,
0.8665,71.91015625,-68.5869140625,-3.923828125,
0.867,79.8779296875,-57.65625,-22.5419921875,
0.8675,79.4775390625,-39.71875,-39.2783203125,
0.868,81.4794921875,-39.9990234375,-43.5625,
0.8685,70.4287109375,-7.5673828125,-61.259765625,
0.869,73.1513671875,-8.4482421875,-61.8603515625,
0.8695,60.0185546875,18.7783203125,-76.1142578125,
0.87,50.0888671875,29.30859375,-76.8349609375,
0.8705,46.765625,40.0390625,-81.5595703125,
0.871,20.419921875,58.0966796875,-77.595703125,
0.8715,23.462890625,59.1376953125,-81.599609375,
0.872,-8.0078125,75.75390625,-68.306640625,
0.8725,-13.61328125,78.95703125,-66.3046875,
0.873,-29.9892578125,81.4794921875,-57.3359375,
0.8735,-46.765625,81.4794921875,-35.794921875,
0.874,-49.087890625,81.4794921875,-37.9970703125,
0.8745,-65.904296875,69.0673828125,-3.7236328125,
0.875,-65.5439453125,68.546875,-3.2431640625,
0.8755,-76.2744140625,55.734375,20.33984375,
0.876,-75.8740234375,41.720703125,33.6728515625,
0.8765,-81.599609375,41.0400390625,42.201171875,
0.877,-73.51171875,12.0517578125,60.0986328125,
0.8775,-76.2744140625,14.0537109375,59.8583984375,
0.878,-63.181640625,-14.6142578125,75.6337890625,
0.8785,-59.0576171875,-22.982421875,80.1181640625,
0.879,-53.0517578125,-36.9560546875,81.4794921875,
0.8795,-28.98828125,-54.0126953125,81.4794921875,
0.88,-31.9111328125,-55.4541015625,81.4794921875,
0.8805,2.8427734375,-72.390625,69.9482421875,
0.881,6.0859375,-73.591796875,68.5068359375,
0.8815,25.8251953125,-81.51953125,56.9755859375,
0.882,43.1220703125,-81.51953125,39.1982421875,
0.8825,48.1669921875,-81.5595703125,41.0400390625,
0.883,65.0634765625,-73.5517578125,8.1279296875,
0.8835,63.90234375,-73.431640625,8.96875,
0.884,76.154296875,-59.578125,-17.1767578125,
0.8845,80.478515625,-50.849609375,-29.708984375,
0.885,81.4794921875,-46.60546875,-40.7197265625,
0.8855,78.6767578125,-18.4580078125,-58.45703125,
0.886,80.55859375,-20.01953125,-57.6162109375,
0.8865,64.703125,12.2919921875,-74.3125,
0.887,61.8603515625,18.6181640625,-77.35546875,
0.8875,52.69140625,35.154296875,-81.599609375,
0.888,33.0322265625,52.69140625,-81.599609375,
0.8885,34.8740234375,56.5751953125,-81.599609375,
0.889,1.0009765625,71.990234375,-73.751953125,
0.8895,-0.1201171875,72.0703125,-73.591796875,
0.89,-23.5029296875,81.4794921875,-61.01953125,
0.8905,-39.798828125,81.359375,-47.806640625,
0.891,-46.525390625,81.359375,-46.845703125,
0.8915,-63.822265625,77.515625,-13.7333984375,
0.892,-61.01953125,75.5537109375,-14.7744140625,
0.8925,-75.994140625,59.2177734375,16.576171875,
0.893,-80.078125,53.892578125,25.9052734375,
0.8935,-81.5595703125,46.2451171875,39.87890625,
0.894,-81.19921875,23.1025390625,56.6552734375,
0.8945,-81.599609375,24.82421875,56.775390625,
0.895,-67.265625,-8.087890625,72.9912109375,
0.8955,-67.1455078125,-11.7314453125,75.994140625,
0.896,-58.45703125,-31.7509765625,81.4794921875,
0.8965,-41.640625,-49.328125,81.4794921875,
0.897,-42.5615234375,-53.01171875,81.4794921875,
0.8975,-7.0068359375,-69.908203125,78.716796875,
0.898,-6.7265625,-68.626953125,77.03515625,
0.8985,22.0615234375,-81.5595703125,62.220703125,
0.899,34.59375,-81.5595703125,52.4912109375,
0.8995,45.2041015625,-81.5595703125,46.8857421875,
0.9,60.21875,-79.27734375,18.578125,
0.9005,58.4970703125,-78.5966796875,19.3388671875,
0.901,74.3125,-62.30078125,-12.5322265625,
0.9015,78.5166015625,-59.5380859375,-19.2587890625,
0.902,81.4794921875,-52.291015625,-36.8759765625,
0.9025,81.4794921875,-30.5498046875,-53.8125,
0.903,81.4794921875,-31.0703125,-55.013671875,
0.9035,70.869140625,3.84375,-71.509765625,
0.904,71.7099609375,5.6455078125,-73.3115234375,
0.9045,59.6982421875,30.8701171875,-81.5595703125,
0.905,46.2451171875,45.484375,-81.5595703125,
0.9055,44.4833984375,51.490234375,-81.5595703125,
0.906,12.2119140625,67.74609375,-80.6787109375,
0.9065,12.4921875,65.583984375,-80.0380859375,
0.907,-17.4970703125,81.3193359375,-65.984375,
0.9075,-28.34765625,81.359375,-60.0185546875,
0.908,-41.720703125,81.4794921875,-52.5712890625,
0.9085,-56.53515625,81.279296875,-25.5849609375,
0.909,-56.4951171875,81.4794921875,-26.2255859375,
0.9095,-72.87109375,63.6220703125,8.80859375,
0.91,-76.6748046875,63.7421875,12.7724609375,
0.9105,-81.5595703125,53.1318359375,33.7529296875,
0.911,-81.599609375,35.3544921875,49.6884765625,
0.9115,-81.5595703125,35.8349609375,52.931640625,
0.912,-75.75390625,3.2431640625,69.748046875,
0.9125,-76.9150390625,2.72265625,70.708984375,
0.913,-65.82421875,-24.2236328125,81.4794921875,
0.9135,-56.53515625,-37.4365234375,81.4794921875,
0.914,-50.44921875,-45.6044921875,81.4794921875,
0.9145,-20.5,-61.099609375,81.359375,
0.915,-21.140625,-60.8193359375,81.439453125,
0.9155,12.9326171875,-79.1572265625,67.025390625,
0.916,20.5,-81.599609375,64.1826171875,
0.9165,36.755859375,-81.5595703125,53.8125,
0.917,52.5712890625,-81.599609375,31.1103515625,
0.9175,53.8125,-81.5595703125,32.03125,
0.918,70.30859375,-68.8671875,-1.9619140625,
0.9185,73.271484375,-70.548828125,-3.36328125,
0.919,81.4794921875,-58.697265625,-27.0263671875,
0.9195,81.4794921875,-45.404296875,-42.2412109375,
0.92,81.4794921875,-42.7216796875,-47.7666015625,
0.9205,78.796875,-10.6103515625,-65.3037109375,
0.921,80.5185546875,-11.291015625,-65.34375,
0.9215,67.826171875,20.1796875,-81.599609375,
0.922,61.419921875,30.4697265625,-81.5595703125,
0.9225,52.37109375,42.1611328125,-81.5595703125,
0.923,26.90625,57.095703125,-81.599609375,
0.9235,28.267578125,57.896484375,-81.599609375,
0.924,-5.8857421875,74.79296875,-70.228515625,
0.9245,-9.9697265625,79.037109375,-70.7890625,
0.925,-29.6689453125,81.439453125,-58.8974609375,
0.9255,-46.60546875,81.4794921875,-39.1181640625,
0.926,-49.3681640625,81.4794921875,-39.2783203125,
0.9265,-67.025390625,71.2294921875,-4.9248046875,
0.927,-67.90625,72.4306640625,-4.8447265625,
0.9275,-81.599609375,59.41796875,22.7421875,
0.928,-81.599609375,47.56640625,34.353515625,
0.9285,-81.5595703125,42.7216796875,44.8037109375,
0.929,-80.23828125,16.3359375,62.1005859375,
0.9295,-81.599609375,17.9775390625,63.9423828125,
0.93,-71.26953125,-13.4130859375,81.4794921875,
0.9305,-68.4267578125,-19.8994140625,81.3994140625,
0.931,-59.177734375,-35.7548828125,81.439453125,
0.9315,-36.0751953125,-51.7705078125,81.3994140625,
0.932,-37.4765625,-53.171875,81.4794921875,
0.9325,-1.9619140625,-70.9091796875,73.9921875,
0.933,-0.16015625,-72.0302734375,73.7119140625,
0.9335,23.943359375,-81.3994140625,59.2578125,
0.934,37.6767578125,-80.4384765625,44.1630859375,
0.9345,45.5244140625,-81.5595703125,42.12109375,
0.935,62.9013671875,-74.1923828125,11.8115234375,
0.9355,63.421875,-76.955078125,13.5732421875,
0.936,79.2373046875,-63.7822265625,-15.455078125,
0.9365,81.4794921875,-56.4150390625,-25.0244140625,
0.937,81.4794921875,-50.5693359375,-37.716796875,
0.9375,81.4794921875,-24.984375,-56.0947265625,
0.938,81.4794921875,-27.5869140625,-57.9365234375,
0.9385,72.7109375,6.56640625,-76.07421875,
0.939,71.58984375,10.490234375,-78.396484375,
0.9395,58.45703125,29.5888671875,-81.5595703125,
0.94,39.9990234375,45.64453125,-81.599609375,
0.9405,40.7197265625,50.048828125,-81.599609375,
0.941,8.2880859375,66.7451171875,-75.0732421875,
0.9415,7.8076171875,65.8642578125,-74.6328125,
0.942,-17.537109375,77.6357421875,-61.33984375,
0.9425,-31.0703125,80.318359375,-50.76953125,
0.943,-41.48046875,81.4794921875,-46.685546875,
0.9435,-59.2578125,76.8349609375,-18.2578125,
0.944,-59.658203125,80.1181640625,-20.5,
0.9445,-76.2744140625,63.7021484375,12.2919921875,
0.945,-79.3173828125,61.099609375,18.017578125,
0.9455,-81.5595703125,51.2900390625,34.2734375,
0.946,-81.599609375,31.3505859375,51.8505859375,
0.9465,-81.5595703125,34.0732421875,55.3740234375,
0.947,-76.6748046875,1.28125,72.5107421875,
0.9475,-75.75390625,0.080078125,72.1904296875,
0.948,-63.1416015625,-21.62109375,81.4794921875,
0.9485,-49.48828125,-37.8369140625,81.4794921875,
0.949,-48.7275390625,-44.7236328125,81.4794921875,
0.9495,-16.736328125,-61.4599609375,78.236328125,
0.95,-18.09765625,-59.4580078125,78.15625,
0.9505,12.251953125,-73.5517578125,61.900390625,
0.951,22.2216796875,-76.71484375,55.4140625,
0.9515,35.234375,-81.5595703125,49.2880859375,
0.952,54.4931640625,-79.4375,24.984375,
0.9525,54.9736328125,-81.599609375,28.2275390625,
0.953,70.708984375,-67.185546875,-3.8037109375,
0.9535,73.7119140625,-67.025390625,-7.046875,
0.954,81.4794921875,-57.416015625,-26.4658203125,
0.9545,81.4794921875,-41.240234375,-44.7236328125,
0.955,81.3994140625,-42.4814453125,-49.3681640625,
0.9555,78.1162109375,-9.689453125,-65.6240234375,
0.956,77.1552734375,-9.7294921875,-63.7822265625,
0.9565,64.22265625,16.9365234375,-77.916015625,
0.957,53.65234375,29.3486328125,-80.078125,
0.9575,50.2490234375,40.3994140625,-81.5595703125,
0.958,23.0625,56.3349609375,-78.3564453125,
0.9585,24.904296875,54.373046875,-79.3173828125,
0.959,-5.9658203125,68.2666015625,-62.6611328125,
0.9595,-12.3720703125,72.1904296875,-61.01953125,
0.96,-29.869140625,81.3994140625,-53.9326171875,
0.9605,-47.6865234375,79.59765625,-32.3515625,
0.961,-48.7275390625,81.4794921875,-34.9140625,
0.9615,-64.8232421875,65.6640625,-1.4013671875,
0.962,-66.5048828125,66.6650390625,-0.400390625,
0.9625,-80.3583984375,56.6953125,23.54296875,
0.963,-81.5595703125,44.1630859375,39.478515625,
0.9635,-81.5595703125,44.443359375,46.4052734375,
0.964,-79.357421875,14.3740234375,63.0615234375,
0.9645,-79.59765625,15.6552734375,61.01953125,
0.965,-66.064453125,-12.4921875,75.8740234375,
0.9655,-60.8193359375,-22.90234375,80.958984375,
0.966,-55.4140625,-36.1953125,81.4794921875,
0.9665,-29.1884765625,-51.810546875,80.318359375,
0.967,-30.91015625,-50.6494140625,81.1591796875,
0.9675,2.6826171875,-65.6640625,62.94140625,
0.968,6.9267578125,-68.8671875,62.5810546875,
0.9685,26.90625,-79.357421875,52.8916015625,
0.969,44.8037109375,-80.71875,36.35546875,
0.9695,48.84765625,-81.5595703125,37.9169921875,
0.97,64.703125,-71.3095703125,6.3662109375,
0.9705,65.50390625,-72.9111328125,6.88671875,
0.971,81.3994140625,-62.8212890625,-19.3388671875,
0.9715,81.4794921875,-54.3330078125,-33.953125,
0.972,81.4794921875,-50.9296875,-42.9619140625,
0.9725,81.4794921875,-21.62109375,-58.6572265625,
0.973,81.4794921875,-22.662109375,-56.5751953125,
0.9735,66.9052734375,9.6494140625,-73.3515625,
0.974,64.783203125,16.81640625,-78.1162109375,
0.9745,54.1728515625,32.7919921875,-81.599609375,
0.975,32.03125,48.6474609375,-79.037109375,
0.9755,33.552734375,49.6083984375,-81.599609375,
0.976,0.880859375,64.6630859375,-65.423828125,
0.9765,-0.880859375,67.2255859375,-67.265625,
0.977,-23.703125,80.638671875,-58.1767578125,
0.9775,-40.9599609375,81.4794921875,-44.6435546875,
0.978,-46.0849609375,81.439453125,-44.283203125,
0.9785,-62.6611328125,74.79296875,-12.2119140625,
0.979,-62.3408203125,76.71484375,-14.0537109375,
0.9795,-80.4384765625,63.58203125,16.9765625,
0.98,-81.5595703125,59.017578125,27.5068359375,
0.9805,-81.5595703125,51.169921875,39.9990234375,
0.981,-81.599609375,26.8662109375,54.9736328125,
0.9815,-81.599609375,28.1875,54.373046875,
0.982,-70.1083984375,-3.763671875,71.2294921875,
0.9825,-69.8681640625,-8.8486328125,75.43359375,
0.983,-60.05859375,-27.5068359375,81.4794921875,
0.9835,-40.439453125,-44.04296875,81.4794921875,
0.984,-40.51953125,-46.7255859375,81.4794921875,
0.9845,-6.9267578125,-62.5009765625,68.8671875,
0.985,-6.88671875,-64.0625,71.1494140625,
0.9855,21.1005859375,-80.0380859375,59.2978515625,
0.986,33.4326171875,-81.439453125,48.767578125,
0.9865,43.2822265625,-81.5595703125,44.5234375,
0.987,60.05859375,-77.515625,17.0966796875,
0.9875,60.5390625,-80.4384765625,19.2587890625,
0.988,79.1572265625,-67.7861328125,-11.8916015625,
0.9885,81.4794921875,-65.50390625,-19.138671875,
0.989,81.4794921875,-56.3349609375,-35.314453125,
0.9895,81.4794921875,-33.3525390625,-50.9296875,
0.99,81.4794921875,-34.11328125,-51.6904296875,
0.9905,71.8701171875,0.3603515625,-69.1474609375,
0.991,72.5908203125,2.6826171875,-71.3095703125,
0.9915,59.7783203125,25.5048828125,-81.5595703125,
0.992,43.08203125,39.8388671875,-80.4384765625,
0.9925,41.48046875,45.9248046875,-81.599609375,
0.993,10.8505859375,61.8603515625,-72.0302734375,
0.9935,11.6513671875,62.9814453125,-74.9931640625,
0.994,-16.81640625,79.2373046875,-62.9814453125,
0.9945,-27.38671875,81.359375,-56.134765625,
0.995,-39.9990234375,81.359375,-48.8876953125,
0.9955,-56.85546875,80.078125,-23.3427734375,
0.996,-59.1376953125,81.4794921875,-25.625,
0.9965,-78.31640625,69.7880859375,8.568359375,
0.997,-81.3193359375,68.306640625,13.0927734375,
0.9975,-81.5595703125,56.375,31.6708984375,
0.998,-81.599609375,37.4365234375,47.3662109375,
0.9985,-81.5595703125,37.7568359375,50.7294921875,
0.999,-76.234375,5.60546875,67.90625,
0.9995,-76.8349609375,5.2451171875,68.06640625,