Date,2020-12-10 17:38:01
Filename,STFCB-20200928-0105-0106_20201210_173204_002.dat
Data Label,회전체불평형
Label No,02
Motor Spec,L-EF-04,1730,2.2,8.2,
Period,1SEC
Sample Rate,2000
RMS,2.96667,3.10427,2.95238,
Data Length,2000,
0,-4.354248046875,1.451416015625,2.572509765625,
0.0005,-4.154052734375,0.490478515625,3.333251953125,
0.001,-3.833740234375,-0.150146484375,3.653564453125,
0.0015,-3.673583984375,-0.670654296875,4.053955078125,
0.002,-2.952880859375,-1.511474609375,4.134033203125,
0.0025,-1.951904296875,-2.552490234375,4.174072265625,
0.003,-1.111083984375,-3.393310546875,4.134033203125,
0.0035,-0.190185546875,-3.993896484375,3.853759765625,
0.004,0.290283203125,-4.194091796875,3.533447265625,
0.0045,0.970947265625,-4.394287109375,3.012939453125,
0.005,1.931884765625,-4.554443359375,2.252197265625,
0.0055,2.932861328125,-4.594482421875,1.211181640625,
0.006,3.493408203125,-4.514404296875,0.570556640625,
0.0065,3.773681640625,-4.154052734375,-0.070068359375,
0.007,4.013916015625,-3.993896484375,-0.510498046875,
0.0075,3.933837890625,-3.193115234375,-1.231201171875,
0.008,4.013916015625,-2.432373046875,-2.112060546875,
0.0085,4.013916015625,-1.471435546875,-3.072998046875,
0.009,3.773681640625,-0.630615234375,-3.713623046875,
0.0095,3.533447265625,0.010009765625,-3.993896484375,
0.01,3.293212890625,0.610595703125,-4.354248046875,
0.0105,2.532470703125,1.491455078125,-4.474365234375,
0.011,1.491455078125,2.572509765625,-4.514404296875,
0.0115,0.650634765625,3.293212890625,-4.394287109375,
0.012,-0.150146484375,3.853759765625,-4.073974609375,
0.0125,-0.630615234375,4.093994140625,-3.833740234375,
0.013,-1.431396484375,4.254150390625,-3.153076171875,
0.0135,-2.432373046875,4.414306640625,-2.272216796875,
0.014,-3.513427734375,4.454345703125,-1.271240234375,
0.0145,-3.873779296875,4.174072265625,-0.630615234375,
0.015,-4.154052734375,3.893798828125,0.010009765625,
0.0155,-4.354248046875,3.573486328125,0.490478515625,
0.016,-4.194091796875,2.612548828125,1.291259765625,
0.0165,-4.274169921875,1.691650390625,2.292236328125,
0.017,-4.194091796875,0.730712890625,3.133056640625,
0.0175,-3.873779296875,0.050048828125,3.573486328125,
0.018,-3.593505859375,-0.510498046875,3.853759765625,
0.0185,-3.153076171875,-1.191162109375,4.093994140625,
0.019,-2.272216796875,-2.112060546875,4.093994140625,
0.0195,-1.271240234375,-3.153076171875,4.093994140625,
0.02,-0.510498046875,-3.633544921875,3.813720703125,
0.0205,0.130126953125,-3.993896484375,3.533447265625,
0.021,0.610595703125,-4.194091796875,3.213134765625,
0.0215,1.451416015625,-4.274169921875,2.412353515625,
0.022,2.332275390625,-4.394287109375,1.611572265625,
0.0225,3.133056640625,-4.354248046875,0.770751953125,
0.023,3.333251953125,-4.114013671875,0.290283203125,
0.0235,3.573486328125,-3.873779296875,-0.190185546875,
0.024,3.733642578125,-3.553466796875,-0.710693359375,
0.0245,3.693603515625,-2.712646484375,-1.471435546875,
0.025,3.693603515625,-1.951904296875,-2.392333984375,
0.0255,3.573486328125,-1.071044921875,-3.032958984375,
0.026,3.453369140625,-0.430419921875,-3.513427734375,
0.0265,3.293212890625,0.050048828125,-3.833740234375,
0.027,2.812744140625,0.770751953125,-3.993896484375,
0.0275,2.052001953125,1.571533203125,-4.154052734375,
0.028,1.131103515625,2.532470703125,-4.114013671875,
0.0285,0.490478515625,3.012939453125,-3.873779296875,
0.029,-0.070068359375,3.493408203125,-3.753662109375,
0.0295,-0.630615234375,3.773681640625,-3.473388671875,
0.03,-1.511474609375,3.853759765625,-2.712646484375,
0.0305,-2.392333984375,4.053955078125,-1.951904296875,
0.031,-3.193115234375,4.013916015625,-1.151123046875,
0.0315,-3.473388671875,3.853759765625,-0.670654296875,
0.032,-3.793701171875,3.573486328125,-0.150146484375,
0.0325,-3.913818359375,3.133056640625,0.490478515625,
0.033,-3.993896484375,2.252197265625,1.331298828125,
0.0335,-4.033935546875,1.451416015625,2.292236328125,
0.034,-3.873779296875,0.650634765625,2.932861328125,
0.0345,-3.793701171875,0.130126953125,3.373291015625,
0.035,-3.473388671875,-0.510498046875,3.693603515625,
0.0355,-2.832763671875,-1.351318359375,3.853759765625,
0.036,-1.951904296875,-2.312255859375,3.973876953125,
0.0365,-0.990966796875,-3.193115234375,3.853759765625,
0.037,-0.350341796875,-3.553466796875,3.573486328125,
0.0375,0.130126953125,-3.913818359375,3.453369140625,
0.038,0.890869140625,-4.114013671875,2.812744140625,
0.0385,1.931884765625,-4.194091796875,1.931884765625,
0.039,2.692626953125,-4.354248046875,1.211181640625,
0.0395,3.253173828125,-4.194091796875,0.490478515625,
0.04,3.373291015625,-3.993896484375,0.010009765625,
0.0405,3.573486328125,-3.593505859375,-0.510498046875,
0.041,3.613525390625,-2.952880859375,-1.231201171875,
0.0415,3.613525390625,-1.991943359375,-2.112060546875,
0.042,3.533447265625,-1.231201171875,-2.872802734375,
0.0425,3.293212890625,-0.550537109375,-3.233154296875,
0.043,3.253173828125,-0.070068359375,-3.673583984375,
0.0435,2.772705078125,0.570556640625,-3.793701171875,
0.044,2.092041015625,1.371337890625,-3.873779296875,
0.0445,1.331298828125,2.212158203125,-3.953857421875,
0.045,0.530517578125,2.852783203125,-3.793701171875,
0.0455,0.050048828125,3.133056640625,-3.553466796875,
0.046,-0.470458984375,3.493408203125,-3.393310546875,
0.0465,-1.151123046875,3.613525390625,-2.792724609375,
0.047,-1.951904296875,3.653564453125,-1.991943359375,
0.0475,-2.632568359375,3.693603515625,-1.431396484375,
0.048,-3.072998046875,3.533447265625,-0.830810546875,
0.0485,-3.353271484375,3.413330078125,-0.430419921875,
0.049,-3.513427734375,3.012939453125,0.090087890625,
0.0495,-3.553466796875,2.532470703125,0.770751953125,
0.05,-3.593505859375,1.811767578125,1.531494140625,
0.0505,-3.553466796875,1.091064453125,2.212158203125,
0.051,-3.473388671875,0.570556640625,2.612548828125,
0.0515,-3.473388671875,0.010009765625,3.173095703125,
0.052,-2.992919921875,-0.590576171875,3.333251953125,
0.0525,-2.392333984375,-1.351318359375,3.453369140625,
0.053,-1.751708984375,-2.112060546875,3.533447265625,
0.0535,-0.990966796875,-2.712646484375,3.373291015625,
0.054,-0.510498046875,-3.072998046875,3.253173828125,
0.0545,0.090087890625,-3.473388671875,3.012939453125,
0.055,0.770751953125,-3.673583984375,2.532470703125,
0.0555,1.571533203125,-3.833740234375,1.811767578125,
0.056,2.212158203125,-3.873779296875,1.291259765625,
0.0565,2.612548828125,-3.833740234375,0.730712890625,
0.057,2.932861328125,-3.793701171875,0.290283203125,
0.0575,3.093017578125,-3.233154296875,-0.310302734375,
0.058,3.253173828125,-2.712646484375,-1.071044921875,
0.0585,3.373291015625,-1.951904296875,-1.871826171875,
0.059,3.293212890625,-1.271240234375,-2.512451171875,
0.0595,3.213134765625,-0.790771484375,-2.912841796875,
0.06,3.133056640625,-0.190185546875,-3.393310546875,
0.0605,2.572509765625,0.570556640625,-3.593505859375,
0.061,1.851806640625,1.411376953125,-3.753662109375,
0.0615,1.211181640625,2.172119140625,-3.793701171875,
0.062,0.530517578125,2.692626953125,-3.593505859375,
0.0625,0.090087890625,3.052978515625,-3.553466796875,
0.063,-0.630615234375,3.333251953125,-3.072998046875,
0.0635,-1.471435546875,3.533447265625,-2.432373046875,
0.064,-2.392333984375,3.653564453125,-1.591552734375,
0.0645,-2.792724609375,3.573486328125,-1.151123046875,
0.065,-3.193115234375,3.413330078125,-0.630615234375,
0.0655,-3.473388671875,3.333251953125,-0.150146484375,
0.066,-3.513427734375,2.612548828125,0.570556640625,
0.0665,-3.673583984375,1.931884765625,1.451416015625,
0.067,-3.673583984375,1.171142578125,2.252197265625,
0.0675,-3.553466796875,0.570556640625,2.732666015625,
0.068,-3.433349609375,0.050048828125,3.133056640625,
0.0685,-3.153076171875,-0.590576171875,3.453369140625,
0.069,-2.432373046875,-1.471435546875,3.573486328125,
0.0695,-1.591552734375,-2.432373046875,3.653564453125,
0.07,-0.910888671875,-2.912841796875,3.493408203125,
0.0705,-0.310302734375,-3.353271484375,3.333251953125,
0.071,0.170166015625,-3.713623046875,3.133056640625,
0.0715,0.970947265625,-3.833740234375,2.452392578125,
0.072,1.891845703125,-4.114013671875,1.771728515625,
0.0725,2.652587890625,-4.154052734375,0.970947265625,
0.073,2.932861328125,-3.993896484375,0.490478515625,
0.0735,3.253173828125,-3.753662109375,0.050048828125,
0.074,3.493408203125,-3.473388671875,-0.510498046875,
0.0745,3.493408203125,-2.632568359375,-1.311279296875,
0.075,3.573486328125,-1.871826171875,-2.232177734375,
0.0755,3.493408203125,-1.071044921875,-2.872802734375,
0.076,3.333251953125,-0.510498046875,-3.313232421875,
0.0765,3.173095703125,0.010009765625,-3.673583984375,
0.077,2.652587890625,0.730712890625,-3.833740234375,
0.0775,1.891845703125,1.651611328125,-3.953857421875,
0.078,1.010986328125,2.532470703125,-3.993896484375,
0.0785,0.370361328125,2.972900390625,-3.713623046875,
0.079,-0.110107421875,3.333251953125,-3.593505859375,
0.0795,-0.710693359375,3.613525390625,-3.233154296875,
0.08,-1.551513671875,3.653564453125,-2.472412109375,
0.0805,-2.432373046875,3.853759765625,-1.751708984375,
0.081,-3.153076171875,3.773681640625,-0.990966796875,
0.0815,-3.353271484375,3.613525390625,-0.550537109375,
0.082,-3.593505859375,3.373291015625,-0.070068359375,
0.0825,-3.713623046875,2.892822265625,0.570556640625,
0.083,-3.713623046875,2.052001953125,1.371337890625,
0.0835,-3.793701171875,1.291259765625,2.252197265625,
0.084,-3.593505859375,0.570556640625,2.732666015625,
0.0845,-3.553466796875,0.050048828125,3.173095703125,
0.085,-3.233154296875,-0.510498046875,3.453369140625,
0.0855,-2.632568359375,-1.231201171875,3.573486328125,
0.086,-1.871826171875,-2.112060546875,3.693603515625,
0.0865,-1.071044921875,-2.872802734375,3.573486328125,
0.087,-0.470458984375,-3.193115234375,3.333251953125,
0.0875,0.010009765625,-3.593505859375,3.213134765625,
0.088,0.690673828125,-3.833740234375,2.732666015625,
0.0885,1.491455078125,-3.913818359375,1.971923828125,
0.089,2.252197265625,-4.114013671875,1.291259765625,
0.0895,2.812744140625,-3.953857421875,0.690673828125,
0.09,3.052978515625,-3.793701171875,0.290283203125,
0.0905,3.293212890625,-3.553466796875,-0.190185546875,
0.091,3.373291015625,-2.992919921875,-0.870849609375,
0.0915,3.453369140625,-2.272216796875,-1.671630859375,
0.092,3.453369140625,-1.471435546875,-2.432373046875,
0.0925,3.253173828125,-0.830810546875,-2.912841796875,
0.093,3.253173828125,-0.350341796875,-3.393310546875,
0.0935,2.892822265625,0.290283203125,-3.673583984375,
0.094,2.252197265625,1.091064453125,-3.793701171875,
0.0945,1.571533203125,1.931884765625,-3.913818359375,
0.095,0.770751953125,2.612548828125,-3.793701171875,
0.0955,0.250244140625,3.012939453125,-3.593505859375,
0.096,-0.310302734375,3.373291015625,-3.473388671875,
0.0965,-1.111083984375,3.573486328125,-2.872802734375,
0.097,-1.991943359375,3.693603515625,-2.072021484375,
0.0975,-2.712646484375,3.853759765625,-1.471435546875,
0.098,-3.193115234375,3.693603515625,-0.830810546875,
0.0985,-3.513427734375,3.613525390625,-0.430419921875,
0.099,-3.633544921875,3.173095703125,0.210205078125,
0.0995,-3.793701171875,2.532470703125,1.010986328125,
0.1,-3.873779296875,1.651611328125,1.931884765625,
0.1005,-3.793701171875,0.890869140625,2.612548828125,
0.101,-3.633544921875,0.290283203125,3.093017578125,
0.1015,-3.593505859375,-0.230224609375,3.533447265625,
0.102,-2.912841796875,-1.111083984375,3.733642578125,
0.1025,-2.112060546875,-2.031982421875,3.853759765625,
0.103,-1.271240234375,-2.912841796875,3.853759765625,
0.1035,-0.550537109375,-3.473388671875,3.693603515625,
0.104,0.010009765625,-3.833740234375,3.373291015625,
0.1045,0.650634765625,-4.154052734375,3.012939453125,
0.105,1.651611328125,-4.354248046875,2.212158203125,
0.1055,2.692626953125,-4.394287109375,1.291259765625,
0.106,3.173095703125,-4.314208984375,0.650634765625,
0.1065,3.533447265625,-4.114013671875,0.050048828125,
0.107,3.853759765625,-3.873779296875,-0.390380859375,
0.1075,3.813720703125,-3.113037109375,-1.151123046875,
0.108,3.933837890625,-2.272216796875,-2.152099609375,
0.1085,3.853759765625,-1.271240234375,-3.072998046875,
0.109,3.653564453125,-0.590576171875,-3.553466796875,
0.1095,3.373291015625,0.050048828125,-3.913818359375,
0.11,3.133056640625,0.650634765625,-4.234130859375,
0.1105,2.252197265625,1.611572265625,-4.314208984375,
0.111,1.291259765625,2.652587890625,-4.354248046875,
0.1115,0.410400390625,3.373291015625,-4.154052734375,
0.112,-0.190185546875,3.693603515625,-3.873779296875,
0.1125,-0.750732421875,3.973876953125,-3.593505859375,
0.113,-1.591552734375,4.093994140625,-2.912841796875,
0.1135,-2.552490234375,4.254150390625,-1.991943359375,
0.114,-3.513427734375,4.214111328125,-1.031005859375,
0.1145,-3.793701171875,3.973876953125,-0.470458984375,
0.115,-3.993896484375,3.693603515625,0.050048828125,
0.1155,-4.194091796875,3.333251953125,0.570556640625,
0.116,-4.073974609375,2.492431640625,1.331298828125,
0.1165,-4.154052734375,1.571533203125,2.292236328125,
0.117,-3.993896484375,0.650634765625,3.133056640625,
0.1175,-3.713623046875,0.010009765625,3.493408203125,
0.118,-3.553466796875,-0.550537109375,3.813720703125,
0.1185,-3.153076171875,-1.191162109375,4.053955078125,
0.119,-2.232177734375,-2.112060546875,4.093994140625,
0.1195,-1.311279296875,-3.072998046875,4.093994140625,
0.12,-0.510498046875,-3.713623046875,3.773681640625,
0.1205,0.090087890625,-4.033935546875,3.533447265625,
0.121,0.650634765625,-4.354248046875,3.213134765625,
0.1215,1.451416015625,-4.394287109375,2.492431640625,
0.122,2.452392578125,-4.514404296875,1.611572265625,
0.1225,3.253173828125,-4.474365234375,0.770751953125,
0.123,3.533447265625,-4.194091796875,0.250244140625,
0.1235,3.853759765625,-4.033935546875,-0.270263671875,
0.124,3.973876953125,-3.553466796875,-0.910888671875,
0.1245,3.933837890625,-2.672607421875,-1.751708984375,
0.125,3.973876953125,-1.831787109375,-2.672607421875,
0.1255,3.813720703125,-0.870849609375,-3.473388671875,
0.126,3.573486328125,-0.270263671875,-3.833740234375,
0.1265,3.333251953125,0.330322265625,-4.194091796875,
0.127,2.772705078125,1.171142578125,-4.354248046875,
0.1275,1.811767578125,2.212158203125,-4.434326171875,
0.128,0.890869140625,3.052978515625,-4.434326171875,
0.1285,0.050048828125,3.613525390625,-4.114013671875,
0.129,-0.510498046875,3.973876953125,-3.913818359375,
0.1295,-1.231201171875,4.214111328125,-3.353271484375,
0.13,-2.192138671875,4.334228515625,-2.512451171875,
0.1305,-3.193115234375,4.494384765625,-1.551513671875,
0.131,-3.913818359375,4.334228515625,-0.710693359375,
0.1315,-4.154052734375,3.973876953125,-0.150146484375,
0.132,-4.434326171875,3.773681640625,0.370361328125,
0.1325,-4.474365234375,3.012939453125,1.251220703125,
0.133,-4.434326171875,1.931884765625,2.252197265625,
0.1335,-4.434326171875,1.010986328125,3.173095703125,
0.134,-4.154052734375,0.050048828125,3.853759765625,
0.1345,-3.873779296875,-0.470458984375,4.093994140625,
0.135,-3.473388671875,-1.231201171875,4.414306640625,
0.1355,-2.592529296875,-2.272216796875,4.534423828125,
0.136,-1.351318359375,-3.473388671875,4.494384765625,
0.1365,-0.510498046875,-4.114013671875,4.214111328125,
0.137,0.290283203125,-4.514404296875,3.853759765625,
0.1375,0.850830078125,-4.834716796875,3.573486328125,
0.138,1.771728515625,-4.874755859375,2.692626953125,
0.1385,2.892822265625,-4.994873046875,1.611572265625,
0.139,3.853759765625,-4.914794921875,0.610595703125,
0.1395,4.214111328125,-4.634521484375,0.010009765625,
0.14,4.374267578125,-4.194091796875,-0.630615234375,
0.1405,4.534423828125,-3.833740234375,-1.231201171875,
0.141,4.494384765625,-2.832763671875,-2.192138671875,
0.1415,4.414306640625,-1.631591796875,-3.233154296875,
0.142,4.134033203125,-0.670654296875,-3.993896484375,
0.1425,3.813720703125,0.130126953125,-4.434326171875,
0.143,3.493408203125,0.650634765625,-4.634521484375,
0.1435,2.852783203125,1.451416015625,-4.794677734375,
0.144,1.931884765625,2.452392578125,-4.834716796875,
0.1445,0.650634765625,3.573486328125,-4.714599609375,
0.145,-0.110107421875,4.013916015625,-4.314208984375,
0.1455,-0.790771484375,4.334228515625,-3.953857421875,
0.146,-1.311279296875,4.614501953125,-3.593505859375,
0.1465,-2.272216796875,4.574462890625,-2.592529296875,
0.147,-3.273193359375,4.614501953125,-1.631591796875,
0.1475,-4.073974609375,4.494384765625,-0.670654296875,
0.148,-4.274169921875,4.134033203125,-0.110107421875,
0.1485,-4.434326171875,3.773681640625,0.410400390625,
0.149,-4.514404296875,3.213134765625,1.010986328125,
0.1495,-4.434326171875,2.292236328125,1.931884765625,
0.15,-4.354248046875,1.251220703125,2.852783203125,
0.1505,-4.114013671875,0.370361328125,3.453369140625,
0.151,-3.833740234375,-0.270263671875,3.853759765625,
0.1515,-3.633544921875,-0.790771484375,4.134033203125,
0.152,-2.912841796875,-1.631591796875,4.214111328125,
0.1525,-2.072021484375,-2.552490234375,4.334228515625,
0.153,-0.990966796875,-3.513427734375,4.174072265625,
0.1535,-0.310302734375,-3.873779296875,3.813720703125,
0.154,0.290283203125,-4.234130859375,3.573486328125,
0.1545,0.930908203125,-4.514404296875,3.173095703125,
0.155,1.851806640625,-4.514404296875,2.252197265625,
0.1555,2.772705078125,-4.634521484375,1.411376953125,
0.156,3.493408203125,-4.514404296875,0.610595703125,
0.1565,3.773681640625,-4.274169921875,0.050048828125,
0.157,3.973876953125,-3.993896484375,-0.510498046875,
0.1575,4.093994140625,-3.433349609375,-1.151123046875,
0.158,4.134033203125,-2.512451171875,-2.112060546875,
0.1585,4.053955078125,-1.511474609375,-3.072998046875,
0.159,3.853759765625,-0.670654296875,-3.633544921875,
0.1595,3.693603515625,-0.030029296875,-4.114013671875,
0.16,3.333251953125,0.570556640625,-4.394287109375,
0.1605,2.532470703125,1.451416015625,-4.514404296875,
0.161,1.571533203125,2.572509765625,-4.634521484375,
0.1615,0.570556640625,3.533447265625,-4.474365234375,
0.162,-0.150146484375,3.853759765625,-4.114013671875,
0.1625,-0.710693359375,4.214111328125,-3.913818359375,
0.163,-1.591552734375,4.494384765625,-3.193115234375,
0.1635,-2.712646484375,4.494384765625,-2.112060546875,
0.164,-3.593505859375,4.574462890625,-1.271240234375,
0.1645,-4.234130859375,4.374267578125,-0.430419921875,
0.165,-4.354248046875,4.053955078125,0.050048828125,
0.1655,-4.514404296875,3.533447265625,0.730712890625,
0.166,-4.594482421875,2.692626953125,1.611572265625,
0.1665,-4.554443359375,1.571533203125,2.772705078125,
0.167,-4.394287109375,0.610595703125,3.533447265625,
0.1675,-3.993896484375,-0.270263671875,3.973876953125,
0.168,-3.873779296875,-0.790771484375,4.374267578125,
0.1685,-3.153076171875,-1.711669921875,4.454345703125,
0.169,-2.112060546875,-2.712646484375,4.534423828125,
0.1695,-1.031005859375,-3.793701171875,4.494384765625,
0.17,-0.150146484375,-4.354248046875,4.134033203125,
0.1705,0.490478515625,-4.514404296875,3.653564453125,
0.171,1.091064453125,-4.834716796875,3.333251953125,
0.1715,2.132080078125,-4.914794921875,2.332275390625,
0.172,3.173095703125,-4.874755859375,1.251220703125,
0.1725,3.813720703125,-4.674560546875,0.450439453125,
0.173,4.174072265625,-4.434326171875,-0.270263671875,
0.1735,4.254150390625,-4.073974609375,-0.710693359375,
0.174,4.294189453125,-3.393310546875,-1.391357421875,
0.1745,4.334228515625,-2.552490234375,-2.272216796875,
0.175,4.174072265625,-1.431396484375,-3.273193359375,
0.1755,3.893798828125,-0.630615234375,-3.833740234375,
0.176,3.573486328125,0.090087890625,-4.194091796875,
0.1765,3.453369140625,0.610595703125,-4.554443359375,
0.177,2.612548828125,1.531494140625,-4.554443359375,
0.1775,1.691650390625,2.452392578125,-4.594482421875,
0.178,0.690673828125,3.373291015625,-4.514404296875,
0.1785,-0.070068359375,3.853759765625,-4.154052734375,
0.179,-0.630615234375,4.093994140625,-3.833740234375,
0.1795,-1.311279296875,4.374267578125,-3.393310546875,
0.18,-2.272216796875,4.494384765625,-2.552490234375,
0.1805,-3.273193359375,4.494384765625,-1.551513671875,
0.181,-3.793701171875,4.294189453125,-0.790771484375,
0.1815,-4.154052734375,4.013916015625,-0.150146484375,
0.182,-4.354248046875,3.773681640625,0.290283203125,
0.1825,-4.314208984375,3.012939453125,1.010986328125,
0.183,-4.394287109375,2.172119140625,1.971923828125,
0.1835,-4.314208984375,1.091064453125,3.012939453125,
0.184,-4.033935546875,0.330322265625,3.413330078125,
0.1845,-3.793701171875,-0.350341796875,3.853759765625,
0.185,-3.553466796875,-0.950927734375,4.214111328125,
0.1855,-2.672607421875,-1.871826171875,4.214111328125,
0.186,-1.791748046875,-2.872802734375,4.294189453125,
0.1865,-0.750732421875,-3.713623046875,4.093994140625,
0.187,-0.110107421875,-4.033935546875,3.733642578125,
0.1875,0.490478515625,-4.314208984375,3.453369140625,
0.188,1.251220703125,-4.474365234375,2.812744140625,
0.1885,2.252197265625,-4.554443359375,1.891845703125,
0.189,3.173095703125,-4.554443359375,0.970947265625,
0.1895,3.493408203125,-4.274169921875,0.330322265625,
0.19,3.773681640625,-4.033935546875,-0.190185546875,
0.1905,3.893798828125,-3.713623046875,-0.710693359375,
0.191,3.853759765625,-2.872802734375,-1.471435546875,
0.1915,3.893798828125,-2.072021484375,-2.392333984375,
0.192,3.813720703125,-1.111083984375,-3.233154296875,
0.1925,3.493408203125,-0.510498046875,-3.553466796875,
0.193,3.333251953125,0.130126953125,-3.953857421875,
0.1935,2.932861328125,0.770751953125,-4.154052734375,
0.194,2.052001953125,1.651611328125,-4.154052734375,
0.1945,1.251220703125,2.572509765625,-4.234130859375,
0.195,0.410400390625,3.173095703125,-3.993896484375,
0.1955,-0.150146484375,3.533447265625,-3.793701171875,
0.196,-0.710693359375,3.853759765625,-3.513427734375,
0.1965,-1.511474609375,4.013916015625,-2.872802734375,
0.197,-2.432373046875,4.134033203125,-2.031982421875,
0.1975,-3.273193359375,4.174072265625,-1.191162109375,
0.198,-3.553466796875,3.893798828125,-0.630615234375,
0.1985,-3.953857421875,3.813720703125,-0.110107421875,
0.199,-4.073974609375,3.333251953125,0.450439453125,
0.1995,-4.114013671875,2.532470703125,1.331298828125,
0.2,-4.234130859375,1.611572265625,2.292236328125,
0.2005,-4.114013671875,0.650634765625,3.173095703125,
0.201,-3.873779296875,0.130126953125,3.533447265625,
0.2015,-3.713623046875,-0.550537109375,3.973876953125,
0.202,-3.193115234375,-1.351318359375,4.214111328125,
0.2025,-2.112060546875,-2.432373046875,4.294189453125,
0.203,-1.231201171875,-3.433349609375,4.294189453125,
0.2035,-0.310302734375,-3.993896484375,3.973876953125,
0.204,0.210205078125,-4.354248046875,3.773681640625,
0.2045,1.010986328125,-4.514404296875,3.093017578125,
0.205,2.052001953125,-4.754638671875,2.252197265625,
0.2055,3.173095703125,-4.834716796875,1.211181640625,
0.206,3.773681640625,-4.674560546875,0.450439453125,
0.2065,3.933837890625,-4.194091796875,-0.190185546875,
0.207,4.214111328125,-4.033935546875,-0.670654296875,
0.2075,4.134033203125,-3.113037109375,-1.551513671875,
0.208,4.174072265625,-2.112060546875,-2.592529296875,
0.2085,4.093994140625,-1.191162109375,-3.473388671875,
0.209,3.773681640625,-0.310302734375,-3.993896484375,
0.2095,3.413330078125,0.250244140625,-4.154052734375,
0.21,3.012939453125,0.930908203125,-4.354248046875,
0.2105,2.212158203125,1.851806640625,-4.474365234375,
0.211,1.091064453125,2.932861328125,-4.394287109375,
0.2115,0.330322265625,3.493408203125,-4.194091796875,
0.212,-0.390380859375,3.813720703125,-3.793701171875,
0.2125,-0.830810546875,4.093994140625,-3.593505859375,
0.213,-1.591552734375,4.053955078125,-2.752685546875,
0.2135,-2.552490234375,4.174072265625,-1.951904296875,
0.214,-3.353271484375,4.134033203125,-1.111083984375,
0.2145,-3.713623046875,3.933837890625,-0.550537109375,
0.215,-3.833740234375,3.573486328125,0.010009765625,
0.2155,-3.993896484375,3.333251953125,0.450439453125,
0.216,-3.993896484375,2.532470703125,1.131103515625,
0.2165,-3.993896484375,1.691650390625,1.971923828125,
0.217,-3.913818359375,0.970947265625,2.692626953125,
0.2175,-3.713623046875,0.210205078125,3.213134765625,
0.218,-3.553466796875,-0.230224609375,3.533447265625,
0.2185,-3.153076171875,-0.910888671875,3.773681640625,
0.219,-2.552490234375,-1.631591796875,3.893798828125,
0.2195,-1.631591796875,-2.592529296875,3.893798828125,
0.22,-0.950927734375,-3.113037109375,3.693603515625,
0.2205,-0.270263671875,-3.553466796875,3.453369140625,
0.221,0.250244140625,-3.913818359375,3.333251953125,
0.2215,0.970947265625,-3.993896484375,2.652587890625,
0.222,1.851806640625,-4.194091796875,1.931884765625,
0.2225,2.612548828125,-4.234130859375,1.211181640625,
0.223,3.052978515625,-4.114013671875,0.610595703125,
0.2235,3.333251953125,-3.873779296875,0.130126953125,
0.224,3.533447265625,-3.593505859375,-0.470458984375,
0.2245,3.653564453125,-2.952880859375,-1.271240234375,
0.225,3.693603515625,-2.072021484375,-2.152099609375,
0.2255,3.613525390625,-1.311279296875,-2.752685546875,
0.226,3.493408203125,-0.630615234375,-3.273193359375,
0.2265,3.373291015625,-0.150146484375,-3.713623046875,
0.227,2.772705078125,0.650634765625,-3.873779296875,
0.2275,2.052001953125,1.531494140625,-4.073974609375,
0.228,1.171142578125,2.492431640625,-4.073974609375,
0.2285,0.530517578125,2.892822265625,-3.833740234375,
0.229,-0.030029296875,3.293212890625,-3.633544921875,
0.2295,-0.670654296875,3.653564453125,-3.353271484375,
0.23,-1.591552734375,3.773681640625,-2.512451171875,
0.2305,-2.512451171875,3.973876953125,-1.791748046875,
0.231,-3.113037109375,3.853759765625,-1.071044921875,
0.2315,-3.393310546875,3.693603515625,-0.470458984375,
0.232,-3.553466796875,3.373291015625,-0.110107421875,
0.2325,-3.713623046875,2.852783203125,0.570556640625,
0.233,-3.833740234375,2.092041015625,1.451416015625,
0.2335,-3.793701171875,1.211181640625,2.372314453125,
0.234,-3.633544921875,0.570556640625,2.772705078125,
0.2345,-3.553466796875,0.010009765625,3.173095703125,
0.235,-3.273193359375,-0.510498046875,3.533447265625,
0.2355,-2.552490234375,-1.311279296875,3.573486328125,
0.236,-1.871826171875,-2.232177734375,3.773681640625,
0.2365,-0.990966796875,-3.032958984375,3.653564453125,
0.237,-0.510498046875,-3.273193359375,3.373291015625,
0.2375,0.090087890625,-3.633544921875,3.173095703125,
0.238,0.730712890625,-3.833740234375,2.732666015625,
0.2385,1.571533203125,-3.913818359375,1.931884765625,
0.239,2.372314453125,-4.033935546875,1.291259765625,
0.2395,2.772705078125,-3.913818359375,0.770751953125,
0.24,3.093017578125,-3.833740234375,0.290283203125,
0.2405,3.253173828125,-3.553466796875,-0.230224609375,
0.241,3.333251953125,-2.912841796875,-0.910888671875,
0.2415,3.493408203125,-2.272216796875,-1.711669921875,
0.242,3.453369140625,-1.431396484375,-2.512451171875,
0.2425,3.293212890625,-0.910888671875,-2.872802734375,
0.243,3.213134765625,-0.350341796875,-3.353271484375,
0.2435,2.932861328125,0.210205078125,-3.593505859375,
0.244,2.252197265625,0.970947265625,-3.713623046875,
0.2445,1.611572265625,1.851806640625,-3.873779296875,
0.245,0.810791015625,2.532470703125,-3.713623046875,
0.2455,0.330322265625,2.852783203125,-3.593505859375,
0.246,-0.190185546875,3.173095703125,-3.353271484375,
0.2465,-0.910888671875,3.453369140625,-2.872802734375,
0.247,-1.791748046875,3.613525390625,-2.192138671875,
0.2475,-2.512451171875,3.533447265625,-1.631591796875,
0.248,-2.872802734375,3.533447265625,-1.031005859375,
0.2485,-3.193115234375,3.493408203125,-0.590576171875,
0.249,-3.353271484375,3.133056640625,0.010009765625,
0.2495,-3.473388671875,2.492431640625,0.730712890625,
0.25,-3.633544921875,1.851806640625,1.531494140625,
0.2505,-3.593505859375,1.051025390625,2.252197265625,
0.251,-3.473388671875,0.570556640625,2.652587890625,
0.2515,-3.393310546875,0.010009765625,3.133056640625,
0.252,-2.952880859375,-0.670654296875,3.373291015625,
0.2525,-2.232177734375,-1.551513671875,3.453369140625,
0.253,-1.591552734375,-2.312255859375,3.533447265625,
0.2535,-0.830810546875,-2.872802734375,3.373291015625,
0.254,-0.390380859375,-3.233154296875,3.253173828125,
0.2545,0.250244140625,-3.513427734375,2.852783203125,
0.255,1.010986328125,-3.713623046875,2.292236328125,
0.2555,2.011962890625,-3.873779296875,1.571533203125,
0.256,2.452392578125,-3.913818359375,1.010986328125,
0.2565,2.732666015625,-3.713623046875,0.530517578125,
0.257,3.133056640625,-3.673583984375,0.090087890625,
0.2575,3.173095703125,-3.153076171875,-0.510498046875,
0.258,3.293212890625,-2.432373046875,-1.311279296875,
0.2585,3.373291015625,-1.791748046875,-2.112060546875,
0.259,3.293212890625,-1.071044921875,-2.712646484375,
0.2595,3.213134765625,-0.590576171875,-3.072998046875,
0.26,3.012939453125,0.010009765625,-3.473388671875,
0.2605,2.492431640625,0.770751953125,-3.673583984375,
0.261,1.691650390625,1.651611328125,-3.793701171875,
0.2615,1.051025390625,2.292236328125,-3.793701171875,
0.262,0.370361328125,2.812744140625,-3.553466796875,
0.2625,-0.030029296875,3.213134765625,-3.553466796875,
0.263,-0.790771484375,3.373291015625,-2.952880859375,
0.2635,-1.711669921875,3.613525390625,-2.232177734375,
0.264,-2.472412109375,3.733642578125,-1.631591796875,
0.2645,-2.952880859375,3.653564453125,-1.111083984375,
0.265,-3.193115234375,3.533447265625,-0.630615234375,
0.2655,-3.553466796875,3.293212890625,-0.070068359375,
0.266,-3.593505859375,2.692626953125,0.650634765625,
0.2665,-3.713623046875,1.851806640625,1.571533203125,
0.267,-3.753662109375,1.211181640625,2.252197265625,
0.2675,-3.633544921875,0.490478515625,2.852783203125,
0.268,-3.553466796875,0.050048828125,3.213134765625,
0.2685,-3.072998046875,-0.710693359375,3.493408203125,
0.269,-2.432373046875,-1.551513671875,3.693603515625,
0.2695,-1.551513671875,-2.552490234375,3.773681640625,
0.27,-0.910888671875,-3.072998046875,3.573486328125,
0.2705,-0.270263671875,-3.473388671875,3.373291015625,
0.271,0.250244140625,-3.833740234375,3.173095703125,
0.2715,1.131103515625,-4.073974609375,2.292236328125,
0.272,2.092041015625,-4.154052734375,1.611572265625,
0.2725,2.812744140625,-4.154052734375,0.930908203125,
0.273,3.093017578125,-3.993896484375,0.450439453125,
0.2735,3.333251953125,-3.753662109375,0.010009765625,
0.274,3.493408203125,-3.273193359375,-0.630615234375,
0.2745,3.573486328125,-2.592529296875,-1.511474609375,
0.275,3.573486328125,-1.631591796875,-2.432373046875,
0.2755,3.493408203125,-1.031005859375,-2.952880859375,
0.276,3.333251953125,-0.390380859375,-3.393310546875,
0.2765,3.213134765625,0.090087890625,-3.793701171875,
0.277,2.532470703125,0.890869140625,-3.873779296875,
0.2775,1.771728515625,1.771728515625,-4.033935546875,
0.278,0.890869140625,2.692626953125,-3.993896484375,
0.2785,0.290283203125,3.052978515625,-3.753662109375,
0.279,-0.270263671875,3.373291015625,-3.553466796875,
0.2795,-0.790771484375,3.693603515625,-3.193115234375,
0.28,-1.751708984375,3.733642578125,-2.352294921875,
0.2805,-2.552490234375,3.893798828125,-1.671630859375,
0.281,-3.153076171875,3.813720703125,-0.990966796875,
0.2815,-3.393310546875,3.653564453125,-0.510498046875,
0.282,-3.593505859375,3.373291015625,0.010009765625,
0.2825,-3.673583984375,2.772705078125,0.610595703125,
0.283,-3.793701171875,2.052001953125,1.451416015625,
0.2835,-3.793701171875,1.131103515625,2.332275390625,
0.284,-3.593505859375,0.610595703125,2.732666015625,
0.2845,-3.513427734375,0.010009765625,3.213134765625,
0.285,-3.273193359375,-0.510498046875,3.533447265625,
0.2855,-2.552490234375,-1.311279296875,3.573486328125,
0.286,-1.871826171875,-2.192138671875,3.773681640625,
0.2865,-1.031005859375,-2.952880859375,3.653564453125,
0.287,-0.510498046875,-3.273193359375,3.413330078125,
0.2875,-0.030029296875,-3.713623046875,3.253173828125,
0.288,0.690673828125,-3.913818359375,2.732666015625,
0.2885,1.531494140625,-3.993896484375,2.092041015625,
0.289,2.412353515625,-4.154052734375,1.291259765625,
0.2895,2.852783203125,-3.993896484375,0.690673828125,
0.29,3.173095703125,-3.873779296875,0.250244140625,
0.2905,3.373291015625,-3.553466796875,-0.270263671875,
0.291,3.453369140625,-2.912841796875,-0.990966796875,
0.2915,3.613525390625,-2.272216796875,-1.871826171875,
0.292,3.573486328125,-1.351318359375,-2.672607421875,
0.2925,3.373291015625,-0.790771484375,-3.072998046875,
0.293,3.333251953125,-0.230224609375,-3.553466796875,
0.2935,2.972900390625,0.410400390625,-3.873779296875,
0.294,2.172119140625,1.291259765625,-3.913818359375,
0.2945,1.411376953125,2.252197265625,-4.114013671875,
0.295,0.610595703125,2.892822265625,-3.913818359375,
0.2955,0.130126953125,3.213134765625,-3.833740234375,
0.296,-0.510498046875,3.573486328125,-3.473388671875,
0.2965,-1.431396484375,3.773681640625,-2.912841796875,
0.297,-2.392333984375,4.013916015625,-1.951904296875,
0.2975,-3.153076171875,4.053955078125,-1.271240234375,
0.298,-3.513427734375,3.853759765625,-0.630615234375,
0.2985,-3.833740234375,3.733642578125,-0.150146484375,
0.299,-3.913818359375,3.133056640625,0.490478515625,
0.2995,-4.033935546875,2.292236328125,1.451416015625,
0.3,-4.114013671875,1.411376953125,2.412353515625,
0.3005,-3.953857421875,0.570556640625,3.133056640625,
0.301,-3.713623046875,0.010009765625,3.453369140625,
0.3015,-3.553466796875,-0.590576171875,3.853759765625,
0.302,-2.872802734375,-1.511474609375,4.093994140625,
0.3025,-1.791748046875,-2.592529296875,4.093994140625,
0.303,-1.031005859375,-3.353271484375,4.093994140625,
0.3035,-0.190185546875,-3.873779296875,3.813720703125,
0.304,0.290283203125,-4.234130859375,3.533447265625,
0.3045,1.171142578125,-4.314208984375,2.852783203125,
0.305,2.092041015625,-4.514404296875,2.011962890625,
0.3055,3.093017578125,-4.554443359375,1.010986328125,
0.306,3.533447265625,-4.434326171875,0.410400390625,
0.3065,3.813720703125,-4.114013671875,-0.190185546875,
0.307,4.053955078125,-3.873779296875,-0.630615234375,
0.3075,3.973876953125,-2.992919921875,-1.471435546875,
0.308,3.973876953125,-1.991943359375,-2.472412109375,
0.3085,3.933837890625,-1.151123046875,-3.313232421875,
0.309,3.693603515625,-0.350341796875,-3.833740234375,
0.3095,3.453369140625,0.130126953125,-4.073974609375,
0.31,3.093017578125,0.810791015625,-4.354248046875,
0.3105,2.212158203125,1.771728515625,-4.474365234375,
0.311,1.131103515625,2.852783203125,-4.474365234375,
0.3115,0.330322265625,3.373291015625,-4.234130859375,
0.312,-0.310302734375,3.853759765625,-3.913818359375,
0.3125,-0.950927734375,4.053955078125,-3.713623046875,
0.313,-1.671630859375,4.254150390625,-2.912841796875,
0.3135,-2.672607421875,4.374267578125,-1.991943359375,
0.314,-3.633544921875,4.334228515625,-1.031005859375,
0.3145,-3.913818359375,4.093994140625,-0.510498046875,
0.315,-4.154052734375,3.813720703125,0.050048828125,
0.3155,-4.354248046875,3.493408203125,0.610595703125,
0.316,-4.274169921875,2.532470703125,1.451416015625,
0.3165,-4.274169921875,1.571533203125,2.492431640625,
0.317,-4.154052734375,0.650634765625,3.253173828125,
0.3175,-3.913818359375,0.010009765625,3.693603515625,
0.318,-3.713623046875,-0.590576171875,3.973876953125,
0.3185,-3.193115234375,-1.311279296875,4.214111328125,
0.319,-2.272216796875,-2.312255859375,4.294189453125,
0.3195,-1.151123046875,-3.393310546875,4.214111328125,
0.32,-0.430419921875,-3.873779296875,3.973876953125,
0.3205,0.250244140625,-4.314208984375,3.573486328125,
0.321,0.810791015625,-4.514404296875,3.333251953125,
0.3215,1.691650390625,-4.554443359375,2.412353515625,
0.322,2.732666015625,-4.674560546875,1.531494140625,
0.3225,3.573486328125,-4.634521484375,0.610595703125,
0.323,3.813720703125,-4.314208984375,0.050048828125,
0.3235,4.013916015625,-4.033935546875,-0.470458984375,
0.324,4.134033203125,-3.553466796875,-1.151123046875,
0.3245,4.093994140625,-2.552490234375,-2.072021484375,
0.325,4.134033203125,-1.591552734375,-3.032958984375,
0.3255,3.853759765625,-0.670654296875,-3.713623046875,
0.326,3.693603515625,-0.070068359375,-4.114013671875,
0.3265,3.373291015625,0.530517578125,-4.354248046875,
0.327,2.692626953125,1.411376953125,-4.514404296875,
0.3275,1.691650390625,2.412353515625,-4.554443359375,
0.328,0.650634765625,3.373291015625,-4.514404296875,
0.3285,-0.070068359375,3.853759765625,-4.154052734375,
0.329,-0.630615234375,4.214111328125,-3.953857421875,
0.3295,-1.391357421875,4.414306640625,-3.353271484375,
0.33,-2.432373046875,4.494384765625,-2.352294921875,
0.3305,-3.393310546875,4.574462890625,-1.471435546875,
0.331,-4.114013671875,4.414306640625,-0.590576171875,
0.3315,-4.274169921875,4.093994140625,-0.030029296875,
0.332,-4.514404296875,3.733642578125,0.490478515625,
0.3325,-4.514404296875,2.972900390625,1.291259765625,
0.333,-4.474365234375,1.851806640625,2.372314453125,
0.3335,-4.394287109375,0.930908203125,3.253173828125,
0.334,-4.114013671875,0.010009765625,3.853759765625,
0.3345,-3.873779296875,-0.510498046875,4.174072265625,
0.335,-3.393310546875,-1.271240234375,4.334228515625,
0.3355,-2.552490234375,-2.272216796875,4.494384765625,
0.336,-1.431396484375,-3.353271484375,4.494384765625,
0.3365,-0.510498046875,-4.114013671875,4.174072265625,
0.337,0.170166015625,-4.394287109375,3.773681640625,
0.3375,0.770751953125,-4.754638671875,3.573486328125,
0.338,1.651611328125,-4.794677734375,2.692626953125,
0.3385,2.732666015625,-4.834716796875,1.611572265625,
0.339,3.533447265625,-4.794677734375,0.770751953125,
0.3395,4.013916015625,-4.514404296875,0.050048828125,
0.34,4.134033203125,-4.154052734375,-0.470458984375,
0.3405,4.294189453125,-3.753662109375,-1.031005859375,
0.341,4.334228515625,-2.872802734375,-1.951904296875,
0.3415,4.174072265625,-1.751708984375,-2.952880859375,
0.342,4.013916015625,-0.950927734375,-3.593505859375,
0.3425,3.733642578125,-0.110107421875,-4.114013671875,
0.343,3.573486328125,0.370361328125,-4.474365234375,
0.3435,2.892822265625,1.131103515625,-4.554443359375,
0.344,1.971923828125,2.172119140625,-4.634521484375,
0.3445,0.930908203125,3.173095703125,-4.634521484375,
0.345,0.130126953125,3.813720703125,-4.274169921875,
0.3455,-0.550537109375,4.134033203125,-3.913818359375,
0.346,-1.151123046875,4.454345703125,-3.673583984375,
0.3465,-2.072021484375,4.494384765625,-2.752685546875,
0.347,-3.153076171875,4.534423828125,-1.751708984375,
0.3475,-3.833740234375,4.494384765625,-0.910888671875,
0.348,-4.234130859375,4.214111328125,-0.270263671875,
0.3485,-4.434326171875,3.853759765625,0.290283203125,
0.349,-4.514404296875,3.293212890625,0.970947265625,
0.3495,-4.554443359375,2.372314453125,1.931884765625,
0.35,-4.514404296875,1.211181640625,3.012939453125,
0.3505,-4.194091796875,0.370361328125,3.573486328125,
0.351,-3.993896484375,-0.350341796875,4.093994140625,
0.3515,-3.713623046875,-0.950927734375,4.454345703125,
0.352,-2.872802734375,-1.871826171875,4.414306640625,
0.3525,-1.951904296875,-2.992919921875,4.494384765625,
0.353,-0.790771484375,-3.953857421875,4.374267578125,
0.3535,-0.030029296875,-4.314208984375,3.973876953125,
0.354,0.570556640625,-4.594482421875,3.693603515625,
0.3545,1.331298828125,-4.834716796875,3.133056640625,
0.355,2.372314453125,-4.834716796875,2.052001953125,
0.3555,3.413330078125,-4.914794921875,1.051025390625,
0.356,3.973876953125,-4.674560546875,0.250244140625,
0.3565,4.214111328125,-4.394287109375,-0.310302734375,
0.357,4.334228515625,-3.913818359375,-0.910888671875,
0.3575,4.334228515625,-3.193115234375,-1.631591796875,
0.358,4.334228515625,-2.192138671875,-2.712646484375,
0.3585,4.134033203125,-1.031005859375,-3.673583984375,
0.359,3.813720703125,-0.310302734375,-3.993896484375,
0.3595,3.613525390625,0.290283203125,-4.434326171875,
0.36,3.133056640625,0.970947265625,-4.594482421875,
0.3605,2.212158203125,1.891845703125,-4.594482421875,
0.361,1.291259765625,2.932861328125,-4.634521484375,
0.3615,0.250244140625,3.773681640625,-4.394287109375,
0.362,-0.350341796875,3.973876953125,-3.993896484375,
0.3625,-0.950927734375,4.294189453125,-3.713623046875,
0.363,-1.711669921875,4.454345703125,-3.072998046875,
0.3635,-2.712646484375,4.414306640625,-1.991943359375,
0.364,-3.553466796875,4.414306640625,-1.151123046875,
0.3645,-3.993896484375,4.134033203125,-0.430419921875,
0.365,-4.194091796875,3.893798828125,0.050048828125,
0.3655,-4.314208984375,3.413330078125,0.610595703125,
0.366,-4.314208984375,2.692626953125,1.331298828125,
0.3665,-4.354248046875,1.771728515625,2.292236328125,
0.367,-4.154052734375,0.770751953125,3.173095703125,
0.3675,-3.873779296875,0.050048828125,3.533447265625,
0.368,-3.793701171875,-0.510498046875,3.973876953125,
0.3685,-3.273193359375,-1.271240234375,4.134033203125,
0.369,-2.432373046875,-2.112060546875,4.174072265625,
0.3695,-1.511474609375,-3.072998046875,4.254150390625,
0.37,-0.590576171875,-3.793701171875,3.973876953125,
0.3705,0.010009765625,-4.114013671875,3.693603515625,
0.371,0.610595703125,-4.434326171875,3.373291015625,
0.3715,1.531494140625,-4.594482421875,2.692626953125,
0.372,2.532470703125,-4.674560546875,1.651611328125,
0.3725,3.293212890625,-4.634521484375,0.890869140625,
0.373,3.733642578125,-4.354248046875,0.210205078125,
0.3735,4.013916015625,-4.234130859375,-0.310302734375,
0.374,4.093994140625,-3.553466796875,-0.990966796875,
0.3745,4.134033203125,-2.752685546875,-1.911865234375,
0.375,4.134033203125,-1.751708984375,-2.912841796875,
0.3755,3.933837890625,-0.830810546875,-3.593505859375,
0.376,3.613525390625,-0.190185546875,-3.913818359375,
0.3765,3.453369140625,0.330322265625,-4.394287109375,
0.377,2.652587890625,1.371337890625,-4.514404296875,
0.3775,1.651611328125,2.412353515625,-4.514404296875,
0.378,0.770751953125,3.253173828125,-4.434326171875,
0.3785,0.010009765625,3.773681640625,-4.114013671875,
0.379,-0.590576171875,4.013916015625,-3.793701171875,
0.3795,-1.311279296875,4.214111328125,-3.193115234375,
0.38,-2.352294921875,4.374267578125,-2.352294921875,
0.3805,-3.353271484375,4.374267578125,-1.311279296875,
0.381,-3.753662109375,4.134033203125,-0.670654296875,
0.3815,-3.993896484375,3.853759765625,-0.070068359375,
0.382,-4.234130859375,3.573486328125,0.370361328125,
0.3825,-4.154052734375,2.732666015625,1.171142578125,
0.383,-4.194091796875,1.891845703125,2.052001953125,
0.3835,-4.114013671875,0.890869140625,2.932861328125,
0.384,-3.873779296875,0.170166015625,3.373291015625,
0.3845,-3.593505859375,-0.430419921875,3.653564453125,
0.385,-3.313232421875,-0.990966796875,4.013916015625,
0.3855,-2.512451171875,-1.911865234375,4.093994140625,
0.386,-1.591552734375,-2.832763671875,4.093994140625,
0.3865,-0.790771484375,-3.473388671875,3.853759765625,
0.387,-0.070068359375,-3.873779296875,3.613525390625,
0.3875,0.410400390625,-4.194091796875,3.373291015625,
0.388,1.171142578125,-4.314208984375,2.732666015625,
0.3885,2.092041015625,-4.474365234375,1.931884765625,
0.389,3.012939453125,-4.514404296875,1.010986328125,
0.3895,3.333251953125,-4.314208984375,0.490478515625,
0.39,3.693603515625,-4.033935546875,-0.110107421875,
0.3905,3.973876953125,-3.793701171875,-0.630615234375,
0.391,3.893798828125,-2.952880859375,-1.431396484375,
0.3915,4.013916015625,-2.192138671875,-2.352294921875,
0.392,3.893798828125,-1.231201171875,-3.233154296875,
0.3925,3.693603515625,-0.590576171875,-3.713623046875,
0.393,3.493408203125,0.050048828125,-4.033935546875,
0.3935,3.052978515625,0.770751953125,-4.314208984375,
0.394,2.172119140625,1.771728515625,-4.434326171875,
0.3945,1.171142578125,2.812744140625,-4.434326171875,
0.395,0.370361328125,3.373291015625,-4.154052734375,
0.3955,-0.270263671875,3.813720703125,-3.913818359375,
0.396,-0.870849609375,4.093994140625,-3.553466796875,
0.3965,-1.791748046875,4.174072265625,-2.752685546875,
0.397,-2.752685546875,4.334228515625,-1.871826171875,
0.3975,-3.593505859375,4.294189453125,-0.990966796875,
0.398,-3.793701171875,3.973876953125,-0.430419921875,
0.3985,-4.073974609375,3.693603515625,0.090087890625,
0.399,-4.194091796875,3.173095703125,0.770751953125,
0.3995,-4.154052734375,2.172119140625,1.651611328125,
0.4,-4.154052734375,1.291259765625,2.612548828125,
0.4005,-3.953857421875,0.370361328125,3.253173828125,
0.401,-3.753662109375,-0.110107421875,3.533447265625,
0.4015,-3.393310546875,-0.710693359375,3.853759765625,
0.402,-2.832763671875,-1.511474609375,4.013916015625,
0.4025,-1.871826171875,-2.512451171875,4.053955078125,
0.403,-0.990966796875,-3.353271484375,3.973876953125,
0.4035,-0.270263671875,-3.713623046875,3.613525390625,
0.404,0.210205078125,-4.033935546875,3.453369140625,
0.4045,0.930908203125,-4.194091796875,2.892822265625,
0.405,1.771728515625,-4.314208984375,2.092041015625,
0.4055,2.652587890625,-4.434326171875,1.331298828125,
0.406,3.253173828125,-4.314208984375,0.570556640625,
0.4065,3.453369140625,-3.993896484375,0.090087890625,
0.407,3.733642578125,-3.793701171875,-0.430419921875,
0.4075,3.813720703125,-3.233154296875,-1.071044921875,
0.408,3.813720703125,-2.392333984375,-1.951904296875,
0.4085,3.773681640625,-1.591552734375,-2.792724609375,
0.409,3.573486328125,-0.710693359375,-3.353271484375,
0.4095,3.493408203125,-0.230224609375,-3.713623046875,
0.41,3.093017578125,0.410400390625,-3.953857421875,
0.4105,2.492431640625,1.171142578125,-4.114013671875,
0.411,1.571533203125,2.172119140625,-4.194091796875,
0.4115,0.770751953125,2.892822265625,-4.033935546875,
0.412,0.130126953125,3.293212890625,-3.793701171875,
0.4125,-0.390380859375,3.733642578125,-3.713623046875,
0.413,-1.191162109375,3.893798828125,-3.072998046875,
0.4135,-2.072021484375,3.973876953125,-2.232177734375,
0.414,-2.912841796875,4.134033203125,-1.511474609375,
0.4145,-3.433349609375,3.933837890625,-0.790771484375,
0.415,-3.633544921875,3.693603515625,-0.390380859375,
0.4155,-3.833740234375,3.333251953125,0.250244140625,
0.416,-3.913818359375,2.652587890625,0.970947265625,
0.4165,-3.993896484375,1.731689453125,1.931884765625,
0.417,-3.873779296875,1.051025390625,2.612548828125,
0.4175,-3.713623046875,0.290283203125,3.133056640625,
0.418,-3.633544921875,-0.150146484375,3.533447265625,
0.4185,-3.032958984375,-0.950927734375,3.693603515625,
0.419,-2.312255859375,-1.791748046875,3.813720703125,
0.4195,-1.431396484375,-2.712646484375,3.853759765625,
0.42,-0.750732421875,-3.193115234375,3.653564453125,
0.4205,-0.150146484375,-3.553466796875,3.333251953125,
0.421,0.370361328125,-3.873779296875,3.093017578125,
0.4215,1.251220703125,-3.993896484375,2.372314453125,
0.422,2.052001953125,-4.073974609375,1.571533203125,
0.4225,2.692626953125,-4.073974609375,0.970947265625,
0.423,3.052978515625,-3.873779296875,0.370361328125,
0.4235,3.253173828125,-3.793701171875,0.010009765625,
0.424,3.333251953125,-3.233154296875,-0.630615234375,
0.4245,3.493408203125,-2.672607421875,-1.351318359375,
0.425,3.533447265625,-1.791748046875,-2.232177734375,
0.4255,3.373291015625,-1.151123046875,-2.712646484375,
0.426,3.173095703125,-0.550537109375,-3.153076171875,
0.4265,3.173095703125,-0.070068359375,-3.553466796875,
0.427,2.572509765625,0.610595703125,-3.633544921875,
0.4275,1.931884765625,1.411376953125,-3.793701171875,
0.428,1.211181640625,2.212158203125,-3.833740234375,
0.4285,0.530517578125,2.692626953125,-3.593505859375,
0.429,0.130126953125,3.012939453125,-3.473388671875,
0.4295,-0.550537109375,3.333251953125,-3.153076171875,
0.43,-1.271240234375,3.533447265625,-2.592529296875,
0.4305,-2.112060546875,3.653564453125,-1.911865234375,
0.431,-2.552490234375,3.613525390625,-1.351318359375,
0.4315,-2.992919921875,3.493408203125,-0.790771484375,
0.432,-3.273193359375,3.373291015625,-0.430419921875,
0.4325,-3.393310546875,2.852783203125,0.210205078125,
0.433,-3.553466796875,2.292236328125,0.970947265625,
0.4335,-3.633544921875,1.571533203125,1.811767578125,
0.434,-3.553466796875,0.930908203125,2.332275390625,
0.4345,-3.473388671875,0.410400390625,2.812744140625,
0.435,-3.353271484375,-0.150146484375,3.213134765625,
0.4355,-2.752685546875,-0.990966796875,3.413330078125,
0.436,-2.072021484375,-1.791748046875,3.533447265625,
0.4365,-1.351318359375,-2.472412109375,3.493408203125,
0.437,-0.750732421875,-2.952880859375,3.333251953125,
0.4375,-0.310302734375,-3.313232421875,3.253173828125,
0.438,0.490478515625,-3.593505859375,2.732666015625,
0.4385,1.291259765625,-3.833740234375,2.132080078125,
0.439,2.172119140625,-3.953857421875,1.371337890625,
0.4395,2.532470703125,-3.913818359375,0.930908203125,
0.44,2.932861328125,-3.793701171875,0.370361328125,
0.4405,3.133056640625,-3.593505859375,-0.110107421875,
0.441,3.253173828125,-2.872802734375,-0.910888671875,
0.4415,3.453369140625,-2.232177734375,-1.671630859375,
0.442,3.413330078125,-1.431396484375,-2.472412109375,
0.4425,3.293212890625,-0.910888671875,-2.872802734375,
0.443,3.173095703125,-0.350341796875,-3.313232421875,
0.4435,2.852783203125,0.290283203125,-3.553466796875,
0.444,2.092041015625,1.171142578125,-3.713623046875,
0.4445,1.331298828125,2.052001953125,-3.833740234375,
0.445,0.650634765625,2.572509765625,-3.673583984375,
0.4455,0.170166015625,2.972900390625,-3.553466796875,
0.446,-0.350341796875,3.253173828125,-3.273193359375,
0.4465,-1.191162109375,3.493408203125,-2.632568359375,
0.447,-2.072021484375,3.693603515625,-1.951904296875,
0.4475,-2.832763671875,3.693603515625,-1.231201171875,
0.448,-3.032958984375,3.493408203125,-0.830810546875,
0.4485,-3.393310546875,3.373291015625,-0.350341796875,
0.449,-3.513427734375,3.012939453125,0.210205078125,
0.4495,-3.553466796875,2.252197265625,1.010986328125,
0.45,-3.713623046875,1.571533203125,1.891845703125,
0.4505,-3.593505859375,0.810791015625,2.532470703125,
0.451,-3.513427734375,0.290283203125,2.932861328125,
0.4515,-3.313232421875,-0.270263671875,3.293212890625,
0.452,-2.832763671875,-0.990966796875,3.493408203125,
0.4525,-2.072021484375,-1.871826171875,3.653564453125,
0.453,-1.271240234375,-2.712646484375,3.653564453125,
0.4535,-0.630615234375,-3.072998046875,3.413330078125,
0.454,-0.190185546875,-3.553466796875,3.293212890625,
0.4545,0.490478515625,-3.713623046875,2.852783203125,
0.455,1.331298828125,-3.873779296875,2.092041015625,
0.4555,2.172119140625,-4.114013671875,1.451416015625,
0.456,2.812744140625,-4.033935546875,0.770751953125,
0.4565,3.012939453125,-3.873779296875,0.330322265625,
0.457,3.333251953125,-3.593505859375,-0.150146484375,
0.4575,3.453369140625,-3.113037109375,-0.790771484375,
0.458,3.493408203125,-2.272216796875,-1.671630859375,
0.4585,3.533447265625,-1.551513671875,-2.432373046875,
0.459,3.333251953125,-0.870849609375,-2.952880859375,
0.4595,3.293212890625,-0.390380859375,-3.353271484375,
0.46,2.932861328125,0.250244140625,-3.633544921875,
0.4605,2.292236328125,1.010986328125,-3.793701171875,
0.461,1.571533203125,1.931884765625,-3.913818359375,
0.4615,0.770751953125,2.612548828125,-3.833740234375,
0.462,0.210205078125,2.932861328125,-3.553466796875,
0.4625,-0.310302734375,3.333251953125,-3.473388671875,
0.463,-0.990966796875,3.533447265625,-2.872802734375,
0.4635,-1.871826171875,3.653564453125,-2.112060546875,
0.464,-2.592529296875,3.773681640625,-1.511474609375,
0.4645,-3.153076171875,3.653564453125,-0.950927734375,
0.465,-3.313232421875,3.493408203125,-0.510498046875,
0.4655,-3.553466796875,3.173095703125,0.050048828125,
0.466,-3.593505859375,2.572509765625,0.770751953125,
0.4665,-3.713623046875,1.771728515625,1.651611328125,
0.467,-3.673583984375,1.051025390625,2.372314453125,
0.4675,-3.513427734375,0.450439453125,2.812744140625,
0.468,-3.513427734375,0.010009765625,3.293212890625,
0.4685,-2.992919921875,-0.710693359375,3.453369140625,
0.469,-2.312255859375,-1.591552734375,3.573486328125,
0.4695,-1.591552734375,-2.432373046875,3.693603515625,
0.47,-0.830810546875,-3.072998046875,3.533447265625,
0.4705,-0.350341796875,-3.353271484375,3.333251953125,
0.471,0.250244140625,-3.713623046875,3.093017578125,
0.4715,1.051025390625,-3.913818359375,2.452392578125,
0.472,1.971923828125,-4.033935546875,1.611572265625,
0.4725,2.572509765625,-4.114013671875,1.051025390625,
0.473,3.012939453125,-3.913818359375,0.490478515625,
0.4735,3.253173828125,-3.833740234375,0.050048828125,
0.474,3.373291015625,-3.233154296875,-0.590576171875,
0.4745,3.533447265625,-2.632568359375,-1.391357421875,
0.475,3.573486328125,-1.791748046875,-2.312255859375,
0.4755,3.493408203125,-1.111083984375,-2.872802734375,
0.476,3.333251953125,-0.510498046875,-3.273193359375,
0.4765,3.213134765625,0.010009765625,-3.713623046875,
0.477,2.532470703125,0.810791015625,-3.833740234375,
0.4775,1.771728515625,1.771728515625,-3.953857421875,
0.478,1.010986328125,2.572509765625,-3.993896484375,
0.4785,0.330322265625,3.052978515625,-3.793701171875,
0.479,-0.150146484375,3.333251953125,-3.593505859375,
0.4795,-0.870849609375,3.653564453125,-3.153076171875,
0.48,-1.791748046875,3.813720703125,-2.432373046875,
0.4805,-2.752685546875,3.933837890625,-1.591552734375,
0.481,-3.193115234375,3.853759765625,-0.990966796875,
0.4815,-3.553466796875,3.693603515625,-0.470458984375,
0.482,-3.793701171875,3.493408203125,0.010009765625,
0.4825,-3.793701171875,2.732666015625,0.810791015625,
0.483,-3.913818359375,1.971923828125,1.691650390625,
0.4835,-3.913818359375,1.051025390625,2.612548828125,
0.484,-3.753662109375,0.410400390625,3.093017578125,
0.4845,-3.553466796875,-0.150146484375,3.453369140625,
0.485,-3.273193359375,-0.790771484375,3.813720703125,
0.4855,-2.432373046875,-1.751708984375,3.853759765625,
0.486,-1.551513671875,-2.752685546875,3.973876953125,
0.4865,-0.710693359375,-3.473388671875,3.813720703125,
0.487,-0.150146484375,-3.833740234375,3.573486328125,
0.4875,0.370361328125,-4.114013671875,3.253173828125,
0.488,1.291259765625,-4.274169921875,2.572509765625,
0.4885,2.252197265625,-4.434326171875,1.651611328125,
0.489,3.133056640625,-4.434326171875,0.810791015625,
0.4895,3.413330078125,-4.154052734375,0.290283203125,
0.49,3.693603515625,-3.913818359375,-0.230224609375,
0.4905,3.853759765625,-3.553466796875,-0.790771484375,
0.491,3.813720703125,-2.632568359375,-1.631591796875,
0.4915,3.853759765625,-1.791748046875,-2.552490234375,
0.492,3.773681640625,-0.910888671875,-3.353271484375,
0.4925,3.493408203125,-0.310302734375,-3.673583984375,
0.493,3.253173828125,0.290283203125,-3.993896484375,
0.4935,2.732666015625,0.970947265625,-4.194091796875,
0.494,1.851806640625,1.931884765625,-4.194091796875,
0.4945,0.970947265625,2.852783203125,-4.194091796875,
0.495,0.170166015625,3.373291015625,-3.913818359375,
0.4955,-0.350341796875,3.693603515625,-3.753662109375,
0.496,-0.950927734375,3.893798828125,-3.353271484375,
0.4965,-1.871826171875,4.053955078125,-2.552490234375,
0.497,-2.752685546875,4.174072265625,-1.711669921875,
0.4975,-3.553466796875,4.134033203125,-0.910888671875,
0.498,-3.713623046875,3.853759765625,-0.390380859375,
0.4985,-4.033935546875,3.693603515625,0.130126953125,
0.499,-4.114013671875,3.093017578125,0.730712890625,
0.4995,-4.073974609375,2.172119140625,1.651611328125,
0.5,-4.154052734375,1.331298828125,2.532470703125,
0.5005,-3.953857421875,0.450439453125,3.253173828125,
0.501,-3.793701171875,-0.070068359375,3.573486328125,
0.5015,-3.513427734375,-0.710693359375,3.933837890625,
0.502,-2.872802734375,-1.551513671875,4.134033203125,
0.5025,-1.831787109375,-2.592529296875,4.134033203125,
0.503,-0.990966796875,-3.473388671875,4.093994140625,
0.5035,-0.230224609375,-3.953857421875,3.773681640625,
0.504,0.2802734375,-4.32421875,3.603515625,
0.5045,1.041015625,-4.484375,2.8828125,
0.505,2.1220703125,-4.564453125,2.0419921875,
0.5055,3.04296875,-4.64453125,1.12109375,
0.506,3.68359375,-4.5244140625,0.400390625,
0.5065,3.84375,-4.1640625,-0.16015625,
0.507,4.1240234375,-3.923828125,-0.6806640625,
0.5075,4.1240234375,-3.1630859375,-1.5615234375,
0.508,4.1240234375,-2.0419921875,-2.6025390625,
0.5085,4.083984375,-1.1611328125,-3.4033203125,
0.509,3.8037109375,-0.3203125,-4.00390625,
0.5095,3.5634765625,0.2001953125,-4.244140625,
0.51,3.04296875,0.9609375,-4.484375,
0.5105,2.2021484375,1.921875,-4.6044921875,
0.511,1.041015625,3.123046875,-4.564453125,
0.5115,0.240234375,3.6435546875,-4.3642578125,
0.512,-0.5205078125,3.9638671875,-3.9638671875,
0.5125,-1.041015625,4.3642578125,-3.763671875,
0.513,-1.9619140625,4.404296875,-2.7626953125,
0.5135,-3.0830078125,4.5244140625,-1.8017578125,
0.514,-3.923828125,4.484375,-0.8408203125,
0.5145,-4.2841796875,4.2041015625,-0.2802734375,
0.515,-4.3642578125,3.8037109375,0.2802734375,
0.5155,-4.5244140625,3.36328125,0.9208984375,
0.516,-4.5244140625,2.40234375,1.841796875,
0.5165,-4.484375,1.28125,2.9228515625,
0.517,-4.2041015625,0.3603515625,3.5634765625,
0.5175,-3.9638671875,-0.3203125,4.00390625,
0.518,-3.7236328125,-0.9208984375,4.32421875,
0.5185,-2.962890625,-1.76171875,4.404296875,
0.519,-2.0419921875,-2.7626953125,4.484375,
0.5195,-0.9208984375,-3.8837890625,4.404296875,
0.52,-0.1201171875,-4.32421875,3.9638671875,
0.5205,0.48046875,-4.6044921875,3.6435546875,
0.521,1.1611328125,-4.8447265625,3.2431640625,
0.5215,2.08203125,-4.8046875,2.2421875,
0.522,3.1630859375,-4.8447265625,1.2412109375,
0.5225,3.8837890625,-4.6845703125,0.3203125,
0.523,4.1240234375,-4.3642578125,-0.240234375,
0.5235,4.2041015625,-4.00390625,-0.720703125,
0.524,4.2841796875,-3.36328125,-1.44140625,
0.5245,4.2041015625,-2.40234375,-2.3623046875,
0.525,4.1240234375,-1.3212890625,-3.36328125,
0.5255,3.84375,-0.48046875,-3.8837890625,
0.526,3.6435546875,0.1201171875,-4.244140625,
0.5265,3.283203125,0.720703125,-4.484375,
0.527,2.482421875,1.5615234375,-4.5244140625,
0.5275,1.5615234375,2.5224609375,-4.5244140625,
0.528,0.5205078125,3.4033203125,-4.404296875,
0.5285,-0.2001953125,3.7236328125,-4.00390625,
0.529,-0.6806640625,4.083984375,-3.763671875,
0.5295,-1.4013671875,4.32421875,-3.203125,
0.53,-2.322265625,4.2841796875,-2.2822265625,
0.5305,-3.2431640625,4.32421875,-1.44140625,
0.531,-3.84375,4.1240234375,-0.640625,
0.5315,-4.0439453125,3.8837890625,-0.16015625,
0.532,-4.2041015625,3.5634765625,0.3603515625,
0.5325,-4.244140625,2.9228515625,1.12109375,
0.533,-4.244140625,1.9619140625,2.001953125,
0.5335,-4.2041015625,1.0009765625,2.9228515625,
0.534,-3.923828125,0.240234375,3.443359375,
0.5345,-3.84375,-0.3203125,3.84375,
0.535,-3.4033203125,-1.0009765625,4.1240234375,
0.5355,-2.5625,-1.9619140625,4.1240234375,
0.536,-1.681640625,-2.962890625,4.244140625,
0.5365,-0.720703125,-3.8037109375,4.083984375,
0.537,-0.080078125,-4.0439453125,3.7236328125,
0.5375,0.5205078125,-4.484375,3.5234375,
0.538,1.361328125,-4.64453125,2.8427734375,
0.5385,2.40234375,-4.64453125,1.76171875,
0.539,3.283203125,-4.7646484375,1.0009765625,
0.5395,3.84375,-4.5244140625,0.16015625,
0.54,4.083984375,-4.2841796875,-0.3203125,
0.5405,4.1640625,-3.7236328125,-1.0009765625,
0.541,4.2841796875,-2.9228515625,-1.921875,
0.5415,4.2841796875,-1.8017578125,-3.0029296875,
0.542,4.1240234375,-0.9208984375,-3.763671875,
0.5425,3.8037109375,-0.080078125,-4.2041015625,
0.543,3.68359375,0.48046875,-4.6044921875,
0.5435,2.8427734375,1.361328125,-4.6845703125,
0.544,1.841796875,2.4423828125,-4.7646484375,
0.5445,0.6806640625,3.4833984375,-4.724609375,
0.545,-0.16015625,4.083984375,-4.3642578125,
0.5455,-0.80078125,4.32421875,-3.923828125,
0.546,-1.4814453125,4.6044921875,-3.5234375,
0.5465,-2.5625,4.6845703125,-2.5224609375,
0.547,-3.68359375,4.64453125,-1.3212890625,
0.5475,-4.244140625,4.484375,-0.5205078125,
0.548,-4.564453125,4.1640625,0.080078125,
0.5485,-4.6845703125,3.763671875,0.640625,
0.549,-4.564453125,2.962890625,1.361328125,
0.5495,-4.64453125,1.9619140625,2.40234375,
0.55,-4.484375,0.7607421875,3.443359375,
0.5505,-4.1240234375,0,3.84375,
0.551,-3.8037109375,-0.6806640625,4.1640625,
0.5515,-3.5234375,-1.3212890625,4.484375,
0.552,-2.5625,-2.2421875,4.4443359375,
0.5525,-1.5615234375,-3.283203125,4.404296875,
0.553,-0.5205078125,-4.083984375,4.2041015625,
0.5535,0.16015625,-4.404296875,3.84375,
0.554,0.720703125,-4.6044921875,3.443359375,
0.5545,1.44140625,-4.7646484375,2.8427734375,
0.555,2.40234375,-4.7646484375,1.921875,
0.5555,3.3232421875,-4.724609375,0.9208984375,
0.556,3.8037109375,-4.484375,0.240234375,
0.5565,4.0439453125,-4.2041015625,-0.3203125,
0.557,4.2041015625,-3.8837890625,-0.8408203125,
0.5575,4.083984375,-3.0830078125,-1.5615234375,
0.558,4.1240234375,-2.2822265625,-2.4423828125,
0.5585,4.00390625,-1.1611328125,-3.36328125,
0.559,3.7236328125,-0.400390625,-3.84375,
0.5595,3.5234375,0.16015625,-4.2041015625,
0.56,3.1630859375,0.7607421875,-4.484375,
0.5605,2.2421875,1.6015625,-4.4443359375,
0.561,1.4013671875,2.642578125,-4.5244140625,
0.5615,0.4404296875,3.36328125,-4.244140625,
0.562,-0.2001953125,3.763671875,-3.923828125,
0.5625,-0.7607421875,4.0439453125,-3.68359375,
0.563,-1.5615234375,4.2041015625,-3.04296875,
0.5635,-2.5224609375,4.32421875,-2.162109375,
0.564,-3.36328125,4.2841796875,-1.2412109375,
0.5645,-3.8037109375,4.0439453125,-0.6005859375,
0.565,-4.0439453125,3.84375,-0.080078125,
0.5655,-4.2041015625,3.443359375,0.5205078125,
0.566,-4.1640625,2.6025390625,1.28125,
0.5665,-4.2841796875,1.7216796875,2.2421875,
0.567,-4.083984375,0.7607421875,3.123046875,
0.5675,-3.84375,0.080078125,3.443359375,
0.568,-3.68359375,-0.5205078125,3.8837890625,
0.5685,-3.203125,-1.28125,4.083984375,
0.569,-2.2021484375,-2.2021484375,4.083984375,
0.5695,-1.3212890625,-3.1630859375,4.1240234375,
0.57,-0.4404296875,-3.7236328125,3.8037109375,
0.5705,0.080078125,-4.0439453125,3.5634765625,
0.571,0.720703125,-4.244140625,3.123046875,
0.5715,1.5615234375,-4.404296875,2.3623046875,
0.572,2.5625,-4.484375,1.4814453125,
0.5725,3.283203125,-4.404296875,0.640625,
0.573,3.5234375,-4.1240234375,0.1201171875,
0.5735,3.84375,-3.923828125,-0.3603515625,
0.574,3.84375,-3.36328125,-1.041015625,
0.5745,3.84375,-2.4423828125,-1.921875,
0.575,3.8837890625,-1.681640625,-2.802734375,
0.5755,3.7236328125,-0.720703125,-3.5634765625,
0.576,3.5234375,-0.2802734375,-3.84375,
0.5765,3.2431640625,0.3603515625,-4.244140625,
0.577,2.642578125,1.2412109375,-4.3642578125,
0.5775,1.6416015625,2.2822265625,-4.3642578125,
0.578,0.80078125,3.04296875,-4.32421875,
0.5785,0,3.6435546875,-4.00390625,
0.579,-0.5205078125,3.9638671875,-3.84375,
0.5795,-1.28125,4.1240234375,-3.203125,
0.58,-2.2822265625,4.32421875,-2.40234375,
0.5805,-3.283203125,4.404296875,-1.44140625,
0.581,-3.84375,4.244140625,-0.720703125,
0.5815,-4.1240234375,3.8837890625,-0.1201171875,
0.582,-4.404296875,3.7236328125,0.400390625,
0.5825,-4.3642578125,2.8427734375,1.2412109375,
0.583,-4.3642578125,1.841796875,2.2421875,
0.5835,-4.32421875,0.880859375,3.123046875,
0.584,-4.0439453125,0,3.68359375,
0.5845,-3.84375,-0.5205078125,3.9638671875,
0.585,-3.3232421875,-1.2412109375,4.2041015625,
0.5855,-2.4423828125,-2.2822265625,4.3642578125,
0.586,-1.28125,-3.36328125,4.2841796875,
0.5865,-0.5205078125,-3.8837890625,3.9638671875,
0.587,0.240234375,-4.244140625,3.6435546875,
0.5875,0.7607421875,-4.5244140625,3.3232421875,
0.588,1.6416015625,-4.5244140625,2.40234375,
0.5885,2.6025390625,-4.6044921875,1.521484375,
0.589,3.4833984375,-4.5244140625,0.6005859375,
0.5895,3.68359375,-4.2041015625,0.0400390625,
0.59,3.8037109375,-3.84375,-0.48046875,
0.5905,3.923828125,-3.443359375,-1.0009765625,
0.591,3.84375,-2.5625,-1.8017578125,
0.5915,3.8037109375,-1.6416015625,-2.72265625,
0.592,3.6435546875,-0.9208984375,-3.283203125,
0.5925,3.36328125,-0.2802734375,-3.7236328125,
0.593,3.2431640625,0.240234375,-3.9638671875,
0.5935,2.6826171875,0.9609375,-4.083984375,
0.594,1.921875,1.76171875,-4.1640625,
0.5945,1.0009765625,2.6826171875,-4.1240234375,
0.595,0.3203125,3.04296875,-3.8037109375,
0.5955,-0.2001953125,3.443359375,-3.603515625,
0.596,-0.720703125,3.7236328125,-3.36328125,
0.5965,-1.521484375,3.8037109375,-2.642578125,
0.597,-2.322265625,3.8837890625,-1.9619140625,
0.5975,-3.04296875,3.8837890625,-1.201171875,
0.598,-3.36328125,3.7236328125,-0.6806640625,
0.5985,-3.603515625,3.5634765625,-0.240234375,
0.599,-3.8037109375,3.1630859375,0.3603515625,
0.5995,-3.8837890625,2.4423828125,1.12109375,
0.6,-3.8837890625,1.6015625,1.9619140625,
0.6005,-3.8037109375,0.9208984375,2.5224609375,
0.601,-3.68359375,0.2802734375,3.123046875,
0.6015,-3.5634765625,-0.2802734375,3.4833984375,
0.602,-2.962890625,-1.0009765625,3.68359375,
0.6025,-2.2822265625,-1.8818359375,3.84375,
0.603,-1.3212890625,-2.802734375,3.84375,
0.6035,-0.720703125,-3.203125,3.5634765625,
0.604,-0.16015625,-3.7236328125,3.443359375,
0.6045,0.5205078125,-3.9638671875,3.04296875,
0.605,1.4013671875,-4.1240234375,2.2421875,
0.6055,2.2822265625,-4.32421875,1.521484375,
0.606,2.962890625,-4.2041015625,0.80078125,
0.6065,3.2431640625,-4.0439453125,0.3203125,
0.607,3.5234375,-3.763671875,-0.2802734375,
0.6075,3.6435546875,-3.203125,-1.0009765625,
0.608,3.68359375,-2.3623046875,-1.921875,
0.6085,3.68359375,-1.4814453125,-2.8427734375,
0.609,3.4833984375,-0.7607421875,-3.203125,
0.6095,3.4033203125,-0.2001953125,-3.68359375,
0.61,3.0029296875,0.4404296875,-3.8837890625,
0.6105,2.2021484375,1.28125,-4.00390625,
0.611,1.4013671875,2.2421875,-4.083984375,
0.6115,0.5205078125,3.0029296875,-3.923828125,
0.612,0,3.203125,-3.6435546875,
0.6125,-0.5205078125,3.5634765625,-3.4033203125,
0.613,-1.28125,3.7236328125,-2.8427734375,
0.6135,-2.2421875,3.8037109375,-1.9619140625,
0.614,-2.9228515625,3.84375,-1.28125,
0.6145,-3.3232421875,3.6435546875,-0.640625,
0.615,-3.5634765625,3.5234375,-0.2802734375,
0.6155,-3.6435546875,3.04296875,0.2802734375,
0.616,-3.68359375,2.40234375,0.9609375,
0.6165,-3.84375,1.6015625,1.76171875,
0.617,-3.68359375,0.8408203125,2.5625,
0.6175,-3.4833984375,0.2802734375,2.8427734375,
0.618,-3.443359375,-0.240234375,3.36328125,
0.6185,-2.962890625,-0.80078125,3.4833984375,
0.619,-2.2822265625,-1.6416015625,3.5234375,
0.6195,-1.6015625,-2.40234375,3.6435546875,
0.62,-0.80078125,-3.04296875,3.443359375,
0.6205,-0.3603515625,-3.3232421875,3.283203125,
0.621,0.240234375,-3.6435546875,3.04296875,
0.6215,0.9208984375,-3.84375,2.482421875,
0.622,1.76171875,-3.9638671875,1.76171875,
0.6225,2.3623046875,-3.9638671875,1.1611328125,
0.623,2.72265625,-3.84375,0.6005859375,
0.6235,3.0830078125,-3.8037109375,0.16015625,
0.624,3.1630859375,-3.36328125,-0.3603515625,
0.6245,3.2431640625,-2.7626953125,-1.1611328125,
0.625,3.4033203125,-2.0419921875,-1.8818359375,
0.6255,3.3232421875,-1.28125,-2.5625,
0.626,3.203125,-0.80078125,-2.9228515625,
0.6265,3.123046875,-0.2001953125,-3.4033203125,
0.627,2.6826171875,0.4404296875,-3.603515625,
0.6275,1.921875,1.28125,-3.7236328125,
0.628,1.28125,1.9619140625,-3.7236328125,
0.6285,0.640625,2.5224609375,-3.5634765625,
0.629,0.16015625,2.9228515625,-3.5634765625,
0.6295,-0.48046875,3.1630859375,-3.123046875,
0.63,-1.28125,3.443359375,-2.5625,
0.6305,-2.1220703125,3.603515625,-1.8818359375,
0.631,-2.5625,3.5634765625,-1.3212890625,
0.6315,-2.9228515625,3.4033203125,-0.80078125,
0.632,-3.283203125,3.3232421875,-0.3603515625,
0.6325,-3.4033203125,2.72265625,0.2802734375,
0.633,-3.5234375,2.08203125,1.12109375,
0.6335,-3.603515625,1.44140625,1.8818359375,
0.634,-3.5634765625,0.7607421875,2.482421875,
0.6345,-3.4833984375,0.2802734375,2.8427734375,
0.635,-3.203125,-0.3603515625,3.2431640625,
0.6355,-2.6025390625,-1.1611328125,3.4033203125,
0.636,-1.8017578125,-2.08203125,3.5234375,
0.6365,-1.201171875,-2.6025390625,3.443359375,
0.637,-0.560546875,-3.123046875,3.283203125,
0.6375,-0.080078125,-3.5634765625,3.203125,
0.638,0.6806640625,-3.7236328125,2.5625,
0.6385,1.5615234375,-3.8837890625,1.921875,
0.639,2.3623046875,-4.00390625,1.2412109375,
0.6395,2.72265625,-3.923828125,0.720703125,
0.64,3.0029296875,-3.763671875,0.240234375,
0.6405,3.2431640625,-3.5634765625,-0.3203125,
0.641,3.4033203125,-2.7626953125,-1.1611328125,
0.6415,3.4833984375,-2.001953125,-2.001953125,
0.642,3.443359375,-1.3212890625,-2.6025390625,
0.6425,3.3232421875,-0.6806640625,-3.1630859375,
0.643,3.2431640625,-0.2001953125,-3.5634765625,
0.6435,2.72265625,0.560546875,-3.763671875,
0.644,2.0419921875,1.4013671875,-3.923828125,
0.6445,1.1611328125,2.40234375,-4.00390625,
0.645,0.560546875,2.802734375,-3.8037109375,
0.6455,-0.0400390625,3.203125,-3.5634765625,
0.646,-0.6005859375,3.5634765625,-3.36328125,
0.6465,-1.4814453125,3.68359375,-2.5625,
0.647,-2.4423828125,3.84375,-1.8017578125,
0.6475,-3.0830078125,3.8037109375,-1.12109375,
0.648,-3.36328125,3.6435546875,-0.6806640625,
0.6485,-3.5634765625,3.36328125,-0.16015625,
0.649,-3.7236328125,2.9228515625,0.48046875,
0.6495,-3.84375,2.2021484375,1.361328125,
0.65,-3.84375,1.28125,2.2822265625,
0.6505,-3.6435546875,0.6005859375,2.72265625,
0.651,-3.5634765625,0.080078125,3.203125,
0.6515,-3.3232421875,-0.5205078125,3.5234375,
0.652,-2.642578125,-1.28125,3.6435546875,
0.6525,-1.921875,-2.2421875,3.8037109375,
0.653,-1.0009765625,-3.0830078125,3.68359375,
0.6535,-0.48046875,-3.3232421875,3.443359375,
0.654,0.0400390625,-3.68359375,3.2431640625,
0.6545,0.720703125,-3.923828125,2.802734375,
0.655,1.6015625,-4.0439453125,1.9619140625,
0.6555,2.482421875,-4.2041015625,1.28125,
0.656,2.9228515625,-4.0439453125,0.6005859375,
0.6565,3.1630859375,-3.923828125,0.16015625,
0.657,3.4033203125,-3.5634765625,-0.3203125,
0.6575,3.443359375,-2.962890625,-1.0009765625,
0.658,3.5234375,-2.2021484375,-1.8818359375,
0.6585,3.5234375,-1.361328125,-2.642578125,
0.659,3.2431640625,-0.80078125,-3.0029296875,
0.6595,3.2431640625,-0.2802734375,-3.4833984375,
0.66,2.9228515625,0.3203125,-3.7236328125,
0.6605,2.2021484375,1.12109375,-3.8037109375,
0.661,1.521484375,1.9619140625,-3.923828125,
0.6615,0.6806640625,2.6826171875,-3.84375,
0.662,0.2001953125,2.962890625,-3.5634765625,
0.6625,-0.3203125,3.3232421875,-3.4033203125,
0.663,-1.0009765625,3.5234375,-2.8828125,
0.6635,-1.8818359375,3.603515625,-2.1220703125,
0.664,-2.6025390625,3.68359375,-1.4814453125,
0.6645,-3.0029296875,3.5234375,-0.9609375,
0.665,-3.36328125,3.5234375,-0.48046875,
0.6655,-3.4833984375,3.123046875,0.0400390625,
0.666,-3.603515625,2.5224609375,0.7607421875,
0.6665,-3.7236328125,1.841796875,1.5615234375,
0.667,-3.7236328125,1.041015625,2.3623046875,
0.6675,-3.5234375,0.48046875,2.72265625,
0.668,-3.5234375,0,3.2431640625,
0.6685,-3.0830078125,-0.720703125,3.4833984375,
0.669,-2.2822265625,-1.6015625,3.5634765625,
0.6695,-1.6416015625,-2.4423828125,3.68359375,
0.67,-0.880859375,-3.04296875,3.5234375,
0.6705,-0.3603515625,-3.4033203125,3.4033203125,
0.671,0.2802734375,-3.7236328125,3.04296875,
0.6715,1.0810546875,-4.00390625,2.482421875,
0.672,2.0419921875,-4.1640625,1.6416015625,
0.6725,2.6826171875,-4.2041015625,1.0009765625,
0.673,3.04296875,-3.9638671875,0.48046875,
0.6735,3.443359375,-3.923828125,0,
0.674,3.5234375,-3.283203125,-0.720703125,
0.6745,3.68359375,-2.5625,-1.6015625,
0.675,3.7236328125,-1.76171875,-2.5625,
0.6755,3.6435546875,-0.9609375,-3.203125,
0.676,3.443359375,-0.400390625,-3.5634765625,
0.6765,3.2431640625,0.240234375,-3.9638671875,
0.677,2.5224609375,1.1611328125,-4.1640625,
0.6775,1.5615234375,2.2421875,-4.244140625,
0.678,0.80078125,3.0029296875,-4.2041015625,
0.6785,0.0400390625,3.5234375,-3.9638671875,
0.679,-0.5205078125,3.84375,-3.763671875,
0.6795,-1.3212890625,3.9638671875,-3.0830078125,
0.68,-2.40234375,4.1640625,-2.2421875,
0.6805,-3.4033203125,4.244140625,-1.2412109375,
0.681,-3.8037109375,4.1240234375,-0.6806640625,
0.6815,-3.9638671875,3.763671875,-0.0400390625,
0.682,-4.244140625,3.5234375,0.48046875,
0.6825,-4.2041015625,2.5224609375,1.4013671875,
0.683,-4.244140625,1.6015625,2.40234375,
0.6835,-4.1640625,0.640625,3.203125,
0.684,-3.8837890625,0,3.68359375,
0.6845,-3.5634765625,-0.6005859375,3.84375,
0.685,-3.1630859375,-1.3212890625,4.1240234375,
0.6855,-2.2021484375,-2.3623046875,4.2041015625,
0.686,-1.1611328125,-3.4033203125,4.1640625,
0.6865,-0.400390625,-3.8837890625,3.8837890625,
0.687,0.240234375,-4.2041015625,3.5634765625,
0.6875,0.80078125,-4.5244140625,3.2431640625,
0.688,1.7216796875,-4.5244140625,2.3623046875,
0.6885,2.642578125,-4.6845703125,1.4814453125,
0.689,3.5234375,-4.6044921875,0.560546875,
0.6895,3.7236328125,-4.2841796875,0.0400390625,
0.69,3.8837890625,-3.923828125,-0.48046875,
0.6905,4.083984375,-3.5634765625,-1.041015625,
0.691,3.9638671875,-2.6025390625,-1.9619140625,
0.6915,3.9638671875,-1.681640625,-2.8828125,
0.692,3.84375,-0.80078125,-3.5634765625,
0.6925,3.603515625,-0.16015625,-3.9638671875,
0.693,3.3232421875,0.400390625,-4.2041015625,
0.6935,2.72265625,1.1611328125,-4.404296875,
0.694,1.8818359375,2.162109375,-4.484375,
0.6945,0.880859375,3.1630859375,-4.4443359375,
0.695,0.1201171875,3.5634765625,-4.083984375,
0.6955,-0.48046875,3.8837890625,-3.8837890625,
0.696,-1.12109375,4.1240234375,-3.4833984375,
0.6965,-2.0419921875,4.2041015625,-2.5625,
0.697,-3.0029296875,4.404296875,-1.7216796875,
0.6975,-3.8037109375,4.2841796875,-0.8408203125,
0.698,-3.923828125,3.9638671875,-0.3203125,
0.6985,-4.1640625,3.68359375,0.2001953125,
0.699,-4.32421875,3.1630859375,0.9208984375,
0.6995,-4.32421875,2.162109375,1.921875,
0.7,-4.32421875,1.201171875,2.8427734375,
0.7005,-4.0439453125,0.3203125,3.443359375,
0.701,-3.923828125,-0.2001953125,3.84375,
0.7015,-3.5234375,-0.9208984375,4.083984375,
0.702,-2.802734375,-1.8017578125,4.2841796875,
0.7025,-1.8017578125,-2.8828125,4.32421875,
0.703,-0.80078125,-3.763671875,4.1640625,
0.7035,-0.0400390625,-4.1640625,3.8037109375,
0.704,0.48046875,-4.5244140625,3.603515625,
0.7045,1.28125,-4.724609375,2.8828125,
0.705,2.40234375,-4.7646484375,1.921875,
0.7055,3.3232421875,-4.8447265625,1.041015625,
0.706,3.8837890625,-4.64453125,0.240234375,
0.7065,4.083984375,-4.32421875,-0.2802734375,
0.707,4.244140625,-3.8837890625,-0.9208984375,
0.7075,4.32421875,-3.123046875,-1.8017578125,
0.708,4.32421875,-1.9619140625,-2.8828125,
0.7085,4.2041015625,-1.041015625,-3.7236328125,
0.709,3.84375,-0.16015625,-4.244140625,
0.7095,3.68359375,0.3603515625,-4.564453125,
0.71,2.962890625,1.2412109375,-4.64453125,
0.7105,2.08203125,2.2822265625,-4.8447265625,
0.711,0.9208984375,3.4833984375,-4.8046875,
0.7115,0.0400390625,3.9638671875,-4.5244140625,
0.712,-0.6806640625,4.32421875,-4.0439453125,
0.7125,-1.28125,4.6044921875,-3.8037109375,
0.713,-2.2822265625,4.64453125,-2.72265625,
0.7135,-3.4033203125,4.724609375,-1.6416015625,
0.714,-4.1640625,4.6044921875,-0.720703125,
0.7145,-4.5244140625,4.32421875,-0.0400390625,
0.715,-4.564453125,3.84375,0.48046875,
0.7155,-4.6044921875,3.203125,1.12109375,
0.716,-4.64453125,2.322265625,2.0419921875,
0.7165,-4.5244140625,1.0810546875,3.1630859375,
0.717,-4.2841796875,0.2802734375,3.68359375,
0.7175,-3.8837890625,-0.48046875,4.1240234375,
0.718,-3.7236328125,-0.9609375,4.404296875,
0.7185,-2.8427734375,-1.841796875,4.3642578125,
0.719,-1.9619140625,-2.8427734375,4.484375,
0.7195,-0.8408203125,-3.8837890625,4.32421875,
0.72,-0.1201171875,-4.244140625,3.923828125,
0.7205,0.48046875,-4.564453125,3.5634765625,
0.721,1.12109375,-4.724609375,3.1630859375,
0.7215,2.0419921875,-4.7646484375,2.2021484375,
0.722,3.0830078125,-4.7646484375,1.2412109375,
0.7225,3.68359375,-4.64453125,0.48046875,
0.723,3.9638671875,-4.3642578125,-0.1201171875,
0.7235,4.1240234375,-4.0439453125,-0.6005859375,
0.724,4.1240234375,-3.36328125,-1.28125,
0.7245,4.2041015625,-2.5625,-2.2021484375,
0.725,4.1240234375,-1.4013671875,-3.203125,
0.7255,3.84375,-0.6806640625,-3.7236328125,
0.726,3.68359375,0,-4.1640625,
0.7265,3.4033203125,0.560546875,-4.484375,
0.727,2.5224609375,1.4013671875,-4.484375,
0.7275,1.6416015625,2.4423828125,-4.6044921875,
0.728,0.6005859375,3.4033203125,-4.484375,
0.7285,-0.080078125,3.763671875,-4.1640625,
0.729,-0.640625,4.1240234375,-3.8837890625,
0.7295,-1.4013671875,4.404296875,-3.36328125,
0.73,-2.4423828125,4.4443359375,-2.322265625,
0.7305,-3.4833984375,4.484375,-1.4013671875,
0.731,-4.00390625,4.32421875,-0.640625,
0.7315,-4.244140625,4.083984375,-0.080078125,
0.732,-4.404296875,3.6435546875,0.48046875,
0.7325,-4.404296875,2.802734375,1.28125,
0.733,-4.5244140625,1.8818359375,2.3623046875,
0.7335,-4.404296875,0.80078125,3.3232421875,
0.734,-4.0439453125,0.0400390625,3.7236328125,
0.7345,-3.8837890625,-0.5205078125,4.1240234375,
0.735,-3.36328125,-1.28125,4.32421875,
0.7355,-2.322265625,-2.3623046875,4.32421875,
0.736,-1.361328125,-3.4033203125,4.4443359375,
0.7365,-0.400390625,-4.2041015625,4.1240234375,
0.737,0.2001953125,-4.3642578125,3.8037109375,
0.7375,0.80078125,-4.64453125,3.4033203125,
0.738,1.76171875,-4.8046875,2.6025390625,
0.7385,2.8828125,-4.8046875,1.44140625,
0.739,3.6435546875,-4.7646484375,0.640625,
0.7395,4.00390625,-4.4443359375,-0.0400390625,
0.74,4.1640625,-4.2041015625,-0.5205078125,
0.7405,4.1640625,-3.5634765625,-1.1611328125,
0.741,4.1640625,-2.6025390625,-2.1220703125,
0.7415,4.2041015625,-1.6416015625,-3.0830078125,
0.742,3.9638671875,-0.640625,-3.84375,
0.7425,3.6435546875,0,-4.1240234375,
0.743,3.443359375,0.5205078125,-4.5244140625,
0.7435,2.72265625,1.28125,-4.6044921875,
0.744,1.681640625,2.3623046875,-4.5244140625,
0.7445,0.8408203125,3.203125,-4.5244140625,
0.745,-0.0400390625,3.84375,-4.2041015625,
0.7455,-0.560546875,4.083984375,-3.8837890625,
0.746,-1.2412109375,4.32421875,-3.443359375,
0.7465,-2.2021484375,4.484375,-2.6025390625,
0.747,-3.2431640625,4.4443359375,-1.5615234375,
0.7475,-3.8037109375,4.32421875,-0.8408203125,
0.748,-4.1640625,4.0439453125,-0.16015625,
0.7485,-4.404296875,3.84375,0.2802734375,
0.749,-4.3642578125,3.0830078125,1.0009765625,
0.7495,-4.404296875,2.162109375,1.921875,
0.75,-4.3642578125,1.2412109375,2.8828125,
0.7505,-4.1240234375,0.3203125,3.5234375,
0.751,-3.8837890625,-0.2802734375,3.84375,
0.7515,-3.68359375,-0.9208984375,4.244140625,
0.752,-2.8427734375,-1.8818359375,4.32421875,
0.7525,-1.8017578125,-2.962890625,4.32421875,
0.753,-0.8408203125,-3.7236328125,4.2041015625,
0.7535,-0.080078125,-4.2041015625,3.8837890625,
0.754,0.4404296875,-4.5244140625,3.6435546875,
0.7545,1.28125,-4.64453125,2.9228515625,
0.755,2.2822265625,-4.7646484375,2.0419921875,
0.7555,3.36328125,-4.8046875,0.9208984375,
0.756,3.7236328125,-4.5244140625,0.3603515625,
0.7565,4.00390625,-4.244140625,-0.2802734375,
0.757,4.2041015625,-3.8837890625,-0.80078125,
0.7575,4.083984375,-2.962890625,-1.6416015625,
0.758,4.1240234375,-2.0419921875,-2.642578125,
0.7585,3.9638671875,-1.0009765625,-3.5634765625,
0.759,3.7236328125,-0.3203125,-3.923828125,
0.7595,3.443359375,0.240234375,-4.2041015625,
0.76,3.0029296875,0.9208984375,-4.4443359375,
0.7605,2.001953125,1.8818359375,-4.4443359375,
0.761,1.0009765625,2.9228515625,-4.404296875,
0.7615,0.240234375,3.4833984375,-4.1240234375,
0.762,-0.3603515625,3.84375,-3.84375,
0.7625,-0.9208984375,4.083984375,-3.5634765625,
0.763,-1.681640625,4.1240234375,-2.7626953125,
0.7635,-2.642578125,4.2041015625,-1.9619140625,
0.764,-3.5234375,4.2041015625,-1.0009765625,
0.7645,-3.7236328125,3.8837890625,-0.5205078125,
0.765,-4.00390625,3.68359375,0,
0.7655,-4.1240234375,3.283203125,0.560546875,
0.766,-4.0439453125,2.4423828125,1.3212890625,
0.7665,-4.1240234375,1.6015625,2.2421875,
0.767,-4.00390625,0.7607421875,3.0029296875,
0.7675,-3.8037109375,0.080078125,3.4033203125,
0.768,-3.68359375,-0.48046875,3.8037109375,
0.7685,-3.1630859375,-1.1611328125,3.9638671875,
0.769,-2.322265625,-2.08203125,4.083984375,
0.7695,-1.361328125,-3.04296875,4.083984375,
0.77,-0.640625,-3.5634765625,3.8037109375,
0.7705,0,-4.0439453125,3.68359375,
0.771,0.6005859375,-4.2841796875,3.283203125,
0.7715,1.521484375,-4.4443359375,2.482421875,
0.772,2.482421875,-4.64453125,1.681640625,
0.7725,3.3232421875,-4.564453125,0.7607421875,
0.773,3.603515625,-4.32421875,0.240234375,
0.7735,3.9638671875,-4.1640625,-0.3203125,
0.774,4.083984375,-3.5634765625,-1.041015625,
0.7745,4.0439453125,-2.5224609375,-2.001953125,
0.775,4.083984375,-1.6416015625,-2.962890625,
0.7755,3.8837890625,-0.720703125,-3.7236328125,
0.776,3.68359375,-0.16015625,-4.083984375,
0.7765,3.283203125,0.48046875,-4.3642578125,
0.777,2.5224609375,1.44140625,-4.484375,
0.7775,1.4814453125,2.5625,-4.5244140625,
0.778,0.560546875,3.36328125,-4.3642578125,
0.7785,-0.2001953125,3.763671875,-4.00390625,
0.779,-0.6806640625,4.1240234375,-3.8037109375,
0.7795,-1.5615234375,4.2041015625,-3.04296875,
0.78,-2.5625,4.2841796875,-2.0419921875,
0.7805,-3.4033203125,4.32421875,-1.2412109375,
0.781,-3.923828125,4.1240234375,-0.5205078125,
0.7815,-4.0439453125,3.763671875,0,
0.782,-4.2041015625,3.4033203125,0.5205078125,
0.7825,-4.2041015625,2.5625,1.3212890625,
0.783,-4.1240234375,1.5615234375,2.2822265625,
0.7835,-4.00390625,0.7607421875,2.9228515625,
0.784,-3.7236328125,0,3.443359375,
0.7845,-3.6435546875,-0.48046875,3.763671875,
0.785,-3.0830078125,-1.1611328125,3.8837890625,
0.7855,-2.322265625,-1.9619140625,3.9638671875,
0.786,-1.4013671875,-2.9228515625,3.9638671875,
0.7865,-0.640625,-3.5234375,3.763671875,
0.787,0,-3.84375,3.443359375,
0.7875,0.48046875,-4.2041015625,3.3232421875,
0.788,1.2412109375,-4.244140625,2.5625,
0.7885,2.1220703125,-4.3642578125,1.7216796875,
0.789,2.8427734375,-4.32421875,1.041015625,
0.7895,3.3232421875,-4.1640625,0.3603515625,
0.79,3.5234375,-3.923828125,0,
0.7905,3.68359375,-3.5634765625,-0.640625,
0.791,3.763671875,-2.9228515625,-1.361328125,
0.7915,3.7236328125,-2.0419921875,-2.2822265625,
0.792,3.6435546875,-1.28125,-2.8828125,
0.7925,3.443359375,-0.6005859375,-3.443359375,
0.793,3.443359375,-0.0400390625,-3.8837890625,
0.7935,2.8427734375,0.640625,-3.9638671875,
0.794,2.1220703125,1.521484375,-4.1240234375,
0.7945,1.2412109375,2.40234375,-4.1240234375,
0.795,0.560546875,2.9228515625,-3.8837890625,
0.7955,0,3.3232421875,-3.7236328125,
0.796,-0.640625,3.68359375,-3.443359375,
0.7965,-1.4814453125,3.84375,-2.6826171875,
0.797,-2.3623046875,3.923828125,-1.921875,
0.7975,-2.962890625,3.8837890625,-1.2412109375,
0.798,-3.36328125,3.763671875,-0.6806640625,
0.7985,-3.603515625,3.5234375,-0.240234375,
0.799,-3.7236328125,3.0029296875,0.400390625,
0.7995,-3.84375,2.2421875,1.2412109375,
0.8,-3.84375,1.361328125,2.1220703125,
0.8005,-3.68359375,0.720703125,2.5625,
0.801,-3.5634765625,0.2001953125,3.0830078125,
0.8015,-3.4033203125,-0.3603515625,3.4833984375,
0.802,-2.72265625,-1.1611328125,3.5234375,
0.8025,-2.001953125,-2.001953125,3.68359375,
0.803,-1.1611328125,-2.802734375,3.603515625,
0.8035,-0.6005859375,-3.203125,3.4033203125,
0.804,-0.080078125,-3.5634765625,3.2431640625,
0.8045,0.6005859375,-3.8037109375,2.8427734375,
0.805,1.4013671875,-3.923828125,2.08203125,
0.8055,2.2421875,-4.0439453125,1.3212890625,
0.806,2.642578125,-3.923828125,0.8408203125,
0.8065,3.04296875,-3.84375,0.3203125,
0.807,3.2431640625,-3.603515625,-0.16015625,
0.8075,3.3232421875,-3.04296875,-0.80078125,
0.808,3.443359375,-2.40234375,-1.6015625,
0.8085,3.4033203125,-1.6015625,-2.40234375,
0.809,3.283203125,-0.9609375,-2.8427734375,
0.8095,3.2431640625,-0.4404296875,-3.283203125,
0.81,2.962890625,0.1201171875,-3.6435546875,
0.8105,2.322265625,0.9609375,-3.7236328125,
0.811,1.6015625,1.76171875,-3.84375,
0.8115,0.9208984375,2.40234375,-3.7236328125,
0.812,0.3203125,2.8427734375,-3.603515625,
0.8125,-0.16015625,3.203125,-3.4833984375,
0.813,-0.8408203125,3.443359375,-2.962890625,
0.8135,-1.7216796875,3.6435546875,-2.2822265625,
0.814,-2.5224609375,3.68359375,-1.5615234375,
0.8145,-2.8427734375,3.5634765625,-1.0810546875,
0.815,-3.2431640625,3.5234375,-0.6005859375,
0.8155,-3.4833984375,3.1630859375,0,
0.816,-3.5634765625,2.5224609375,0.6806640625,
0.8165,-3.7236328125,1.841796875,1.521484375,
0.817,-3.6435546875,1.12109375,2.2421875,
0.8175,-3.5234375,0.560546875,2.6826171875,
0.818,-3.4833984375,0.0400390625,3.123046875,
0.8185,-3.0830078125,-0.640625,3.36328125,
0.819,-2.322265625,-1.521484375,3.5234375,
0.8195,-1.5615234375,-2.3623046875,3.603515625,
0.82,-0.880859375,-2.8828125,3.36328125,
0.8205,-0.400390625,-3.3232421875,3.3232421875,
0.821,0.2001953125,-3.5634765625,2.962890625,
0.8215,0.9609375,-3.763671875,2.3623046875,
0.822,1.8818359375,-4.00390625,1.6416015625,
0.8225,2.5224609375,-4.00390625,0.9609375,
0.823,2.802734375,-3.8037109375,0.5205078125,
0.8235,3.1630859375,-3.7236328125,0.0400390625,
0.824,3.2431640625,-3.2431640625,-0.6005859375,
0.8245,3.3232421875,-2.5625,-1.361328125,
0.825,3.443359375,-1.8017578125,-2.162109375,
0.8255,3.3232421875,-1.041015625,-2.7626953125,
0.826,3.2431640625,-0.6005859375,-3.203125,
0.8265,3.04296875,0.0400390625,-3.5634765625,
0.827,2.5224609375,0.7607421875,-3.7236328125,
0.8275,1.7216796875,1.6416015625,-3.84375,
0.828,1.0009765625,2.3623046875,-3.8037109375,
0.8285,0.3603515625,2.802734375,-3.5634765625,
0.829,-0.0400390625,3.203125,-3.5634765625,
0.8295,-0.80078125,3.4033203125,-3.0029296875,
0.83,-1.6015625,3.5634765625,-2.322265625,
0.8305,-2.4423828125,3.763671875,-1.681640625,
0.831,-2.9228515625,3.68359375,-1.041015625,
0.8315,-3.203125,3.443359375,-0.640625,
0.832,-3.4833984375,3.2431640625,-0.080078125,
0.8325,-3.6435546875,2.6826171875,0.560546875,
0.833,-3.6435546875,1.921875,1.4013671875,
0.8335,-3.68359375,1.28125,2.162109375,
0.834,-3.5634765625,0.560546875,2.6826171875,
0.8345,-3.5634765625,0.080078125,3.1630859375,
0.835,-3.123046875,-0.6005859375,3.36328125,
0.8355,-2.5224609375,-1.361328125,3.5634765625,
0.836,-1.7216796875,-2.322265625,3.68359375,
0.8365,-1.0009765625,-2.8828125,3.5234375,
0.837,-0.400390625,-3.2431640625,3.3232421875,
0.8375,0.080078125,-3.7236328125,3.203125,
0.838,0.880859375,-3.8837890625,2.5625,
0.8385,1.76171875,-4.00390625,1.8017578125,
0.839,2.482421875,-4.083984375,1.201171875,
0.8395,2.8828125,-4.00390625,0.6005859375,
0.84,3.1630859375,-3.8037109375,0.1201171875,
0.8405,3.36328125,-3.4033203125,-0.48046875,
0.841,3.4833984375,-2.7626953125,-1.201171875,
0.8415,3.5234375,-1.9619140625,-2.08203125,
0.842,3.4833984375,-1.28125,-2.72265625,
0.8425,3.283203125,-0.640625,-3.203125,
0.843,3.2431640625,-0.1201171875,-3.6435546875,
0.8435,2.642578125,0.640625,-3.8037109375,
0.844,1.9619140625,1.521484375,-3.923828125,
0.8445,1.1611328125,2.40234375,-4.00390625,
0.845,0.48046875,2.8427734375,-3.8037109375,
0.8455,-0.0400390625,3.1630859375,-3.5634765625,
0.846,-0.640625,3.5234375,-3.283203125,
0.8465,-1.5615234375,3.7236328125,-2.5625,
0.847,-2.4423828125,3.84375,-1.76171875,
0.8475,-2.962890625,3.763671875,-1.1611328125,
0.848,-3.36328125,3.603515625,-0.640625,
0.8485,-3.6435546875,3.443359375,-0.16015625,
0.849,-3.7236328125,2.8427734375,0.5205078125,
0.8495,-3.84375,2.2021484375,1.4013671875,
0.85,-3.84375,1.28125,2.2421875,
0.8505,-3.68359375,0.640625,2.72265625,
0.851,-3.5234375,0.080078125,3.123046875,
0.8515,-3.36328125,-0.48046875,3.5234375,
0.852,-2.6025390625,-1.3212890625,3.6435546875,
0.8525,-1.8818359375,-2.2421875,3.763671875,
0.853,-1.041015625,-3.0029296875,3.68359375,
0.8535,-0.48046875,-3.36328125,3.443359375,
0.854,0.0400390625,-3.7236328125,3.203125,
0.8545,0.7607421875,-3.923828125,2.7626953125,
0.855,1.7216796875,-4.1240234375,1.9619140625,
0.8555,2.5224609375,-4.2041015625,1.201171875,
0.856,2.8828125,-4.0439453125,0.640625,
0.8565,3.1630859375,-3.923828125,0.16015625,
0.857,3.4833984375,-3.603515625,-0.3203125,
0.8575,3.4833984375,-2.9228515625,-1.041015625,
0.858,3.603515625,-2.2021484375,-1.9619140625,
0.8585,3.5634765625,-1.3212890625,-2.7626953125,
0.859,3.36328125,-0.720703125,-3.1630859375,
0.8595,3.2431640625,-0.2001953125,-3.5634765625,
0.86,2.962890625,0.4404296875,-3.8837890625,
0.8605,2.162109375,1.3212890625,-3.923828125,
0.861,1.4013671875,2.2421875,-4.0439453125,
0.8615,0.6005859375,2.8828125,-3.8837890625,
0.862,0.0400390625,3.2431640625,-3.7236328125,
0.8625,-0.5205078125,3.5234375,-3.443359375,
0.863,-1.3212890625,3.763671875,-2.8427734375,
0.8635,-2.2822265625,3.8837890625,-2.0419921875,
0.864,-3.0830078125,3.9638671875,-1.28125,
0.8645,-3.36328125,3.68359375,-0.720703125,
0.865,-3.68359375,3.603515625,-0.2802734375,
0.8655,-3.84375,3.203125,0.3603515625,
0.866,-3.84375,2.3623046875,1.201171875,
0.8665,-4.00390625,1.6015625,2.08203125,
0.867,-3.8837890625,0.7607421875,2.8427734375,
0.8675,-3.7236328125,0.2001953125,3.1630859375,
0.868,-3.5234375,-0.400390625,3.5634765625,
0.8685,-2.962890625,-1.1611328125,3.84375,
0.869,-2.0419921875,-2.162109375,3.8837890625,
0.8695,-1.28125,-3.04296875,3.923828125,
0.87,-0.48046875,-3.5634765625,3.6435546875,
0.8705,0.0400390625,-3.8837890625,3.4833984375,
0.871,0.720703125,-4.1240234375,2.962890625,
0.8715,1.6015625,-4.3642578125,2.2421875,
0.872,2.6025390625,-4.484375,1.4013671875,
0.8725,3.203125,-4.4443359375,0.640625,
0.873,3.443359375,-4.0439453125,0.1201171875,
0.8735,3.763671875,-3.84375,-0.400390625,
0.874,3.8037109375,-3.203125,-1.1611328125,
0.8745,3.84375,-2.2822265625,-2.0419921875,
0.875,3.84375,-1.4814453125,-2.8828125,
0.8755,3.6435546875,-0.640625,-3.5634765625,
0.876,3.4833984375,-0.16015625,-3.84375,
0.8765,3.123046875,0.560546875,-4.1640625,
0.877,2.40234375,1.4013671875,-4.3642578125,
0.8775,1.4013671875,2.5224609375,-4.3642578125,
0.878,0.6005859375,3.203125,-4.244140625,
0.8785,-0.1201171875,3.6435546875,-3.8837890625,
0.879,-0.640625,3.9638671875,-3.763671875,
0.8795,-1.521484375,4.083984375,-3.0029296875,
0.88,-2.5224609375,4.244140625,-2.1220703125,
0.8805,-3.4833984375,4.32421875,-1.28125,
0.881,-3.8837890625,4.1240234375,-0.6005859375,
0.8815,-4.0439453125,3.8037109375,0,
0.882,-4.32421875,3.5234375,0.5205078125,
0.8825,-4.3642578125,2.642578125,1.4013671875,
0.883,-4.32421875,1.6015625,2.4423828125,
0.8835,-4.2041015625,0.7607421875,3.1630859375,
0.884,-3.9638671875,0,3.68359375,
0.8845,-3.763671875,-0.560546875,3.9638671875,
0.885,-3.1630859375,-1.361328125,4.1640625,
0.8855,-2.2822265625,-2.40234375,4.32421875,
0.886,-1.1611328125,-3.5234375,4.32421875,
0.8865,-0.400390625,-3.9638671875,3.9638671875,
0.887,0.2802734375,-4.3642578125,3.6435546875,
0.8875,0.880859375,-4.6845703125,3.3232421875,
0.888,1.8818359375,-4.7646484375,2.3623046875,
0.8885,2.8828125,-4.8447265625,1.4013671875,
0.889,3.7236328125,-4.724609375,0.5205078125,
0.8895,3.9638671875,-4.4443359375,0,
0.89,4.1240234375,-4.00390625,-0.6005859375,
0.8905,4.2041015625,-3.5234375,-1.28125,
0.891,4.2041015625,-2.5224609375,-2.2421875,
0.8915,4.1640625,-1.44140625,-3.203125,
0.892,3.8837890625,-0.640625,-3.84375,
0.8925,3.6435546875,0.0400390625,-4.2041015625,
0.893,3.3232421875,0.6005859375,-4.5244140625,
0.8935,2.5625,1.521484375,-4.564453125,
0.894,1.6416015625,2.5625,-4.6845703125,
0.8945,0.560546875,3.603515625,-4.564453125,
0.895,-0.1201171875,3.8837890625,-4.1640625,
0.8955,-0.720703125,4.2041015625,-3.8837890625,
0.896,-1.44140625,4.4443359375,-3.4033203125,
0.8965,-2.482421875,4.4443359375,-2.322265625,
0.897,-3.4833984375,4.564453125,-1.44140625,
0.8975,-4.1240234375,4.404296875,-0.6005859375,
0.898,-4.32421875,4.083984375,0,
0.8985,-4.4443359375,3.6435546875,0.5205078125,
0.899,-4.5244140625,3.0029296875,1.28125,
0.8995,-4.5244140625,1.9619140625,2.2421875,
0.9,-4.404296875,0.9609375,3.203125,
0.9005,-4.083984375,0.1201171875,3.68359375,
0.901,-3.8837890625,-0.48046875,4.083984375,
0.9015,-3.443359375,-1.12109375,4.2841796875,
0.902,-2.6025390625,-2.08203125,4.32421875,
0.9025,-1.6416015625,-3.123046875,4.4443359375,
0.903,-0.6005859375,-4.00390625,4.1640625,
0.9035,0.0400390625,-4.244140625,3.763671875,
0.904,0.6806640625,-4.6044921875,3.5234375,
0.9045,1.4013671875,-4.7646484375,2.802734375,
0.905,2.5224609375,-4.724609375,1.76171875,
0.9055,3.3232421875,-4.8046875,0.9609375,
0.906,3.8837890625,-4.564453125,0.16015625,
0.9065,4.00390625,-4.244140625,-0.3203125,
0.907,4.1240234375,-3.763671875,-0.9208984375,
0.9075,4.1640625,-3.0029296875,-1.681640625,
0.908,4.1240234375,-1.9619140625,-2.72265625,
0.9085,4.00390625,-1.0009765625,-3.5634765625,
0.909,3.68359375,-0.2802734375,-3.923828125,
0.9095,3.5634765625,0.2802734375,-4.3642578125,
0.91,2.9228515625,1.0009765625,-4.4443359375,
0.9105,2.08203125,1.9619140625,-4.5244140625,
0.911,1.12109375,3.0029296875,-4.564453125,
0.9115,0.2001953125,3.6435546875,-4.32421875,
0.912,-0.3603515625,3.8837890625,-3.923828125,
0.9125,-1.0009765625,4.2041015625,-3.68359375,
0.913,-1.921875,4.404296875,-2.8828125,
0.9135,-2.962890625,4.4443359375,-1.8017578125,
0.914,-3.68359375,4.404296875,-1.041015625,
0.9145,-4.1640625,4.1640625,-0.3203125,
0.915,-4.3642578125,3.8837890625,0.1201171875,
0.9155,-4.404296875,3.283203125,0.880859375,
0.916,-4.5244140625,2.482421875,1.76171875,
0.9165,-4.484375,1.3212890625,2.8427734375,
0.917,-4.2841796875,0.48046875,3.5234375,
0.9175,-3.9638671875,-0.240234375,3.923828125,
0.918,-3.84375,-0.80078125,4.32421875,
0.9185,-2.9228515625,-1.76171875,4.32421875,
0.919,-1.9619140625,-2.8427734375,4.484375,
0.9195,-0.9208984375,-3.8837890625,4.404296875,
0.92,-0.1201171875,-4.3642578125,4.0439453125,
0.9205,0.48046875,-4.64453125,3.68359375,
0.921,1.28125,-4.8447265625,3.1630859375,
0.9215,2.322265625,-4.96484375,2.1220703125,
0.922,3.4833984375,-5.0048828125,1.041015625,
0.9225,4.00390625,-4.8046875,0.2802734375,
0.923,4.32421875,-4.5244140625,-0.3203125,
0.9235,4.4443359375,-4.083984375,-0.9208984375,
0.924,4.404296875,-3.203125,-1.7216796875,
0.9245,4.4443359375,-2.2421875,-2.7626953125,
0.925,4.32421875,-1.0009765625,-3.84375,
0.9255,3.923828125,-0.2001953125,-4.244140625,
0.926,3.603515625,0.4404296875,-4.5244140625,
0.9265,3.203125,1.0810546875,-4.8046875,
0.927,2.162109375,2.1220703125,-4.7646484375,
0.9275,1.1611328125,3.1630859375,-4.8046875,
0.928,0.1201171875,3.9638671875,-4.5244140625,
0.9285,-0.6005859375,4.244140625,-4.1640625,
0.929,-1.12109375,4.484375,-3.7236328125,
0.9295,-1.9619140625,4.6044921875,-3.0029296875,
0.93,-2.962890625,4.564453125,-1.921875,
0.9305,-3.923828125,4.5244140625,-0.9208984375,
0.931,-4.244140625,4.2041015625,-0.2802734375,
0.9315,-4.484375,3.923828125,0.2802734375,
0.932,-4.5244140625,3.4033203125,0.80078125,
0.9325,-4.4443359375,2.5224609375,1.6015625,
0.933,-4.4443359375,1.6015625,2.5224609375,
0.9335,-4.244140625,0.5205078125,3.443359375,
0.934,-3.8837890625,-0.080078125,3.7236328125,
0.9345,-3.7236328125,-0.6806640625,4.083984375,
0.935,-3.203125,-1.3212890625,4.244140625,
0.9355,-2.2822265625,-2.2822265625,4.1640625,
0.936,-1.4013671875,-3.203125,4.2041015625,
0.9365,-0.48046875,-3.8837890625,3.8837890625,
0.937,0.1201171875,-4.1640625,3.6435546875,
0.9375,0.6806640625,-4.3642578125,3.283203125,
0.938,1.4814453125,-4.5244140625,2.6025390625,
0.9385,2.40234375,-4.564453125,1.7216796875,
0.939,3.2431640625,-4.564453125,0.8408203125,
0.9395,3.5634765625,-4.32421875,0.2802734375,
0.94,3.8837890625,-4.1640625,-0.2802734375,
0.9405,3.923828125,-3.68359375,-0.80078125,
0.941,3.9638671875,-2.8427734375,-1.6416015625,
0.9415,4.00390625,-2.001953125,-2.5625,
0.942,3.84375,-1.0009765625,-3.36328125,
0.9425,3.6435546875,-0.400390625,-3.763671875,
0.943,3.4833984375,0.240234375,-4.2041015625,
0.9435,2.8828125,0.9208984375,-4.404296875,
0.944,1.921875,1.921875,-4.3642578125,
0.9445,1.041015625,2.8427734375,-4.4443359375,
0.945,0.2001953125,3.5234375,-4.1240234375,
0.9455,-0.3203125,3.84375,-3.9638671875,
0.946,-1.0009765625,4.083984375,-3.36328125,
0.9465,-1.9619140625,4.244140625,-2.6025390625,
0.947,-3.04296875,4.32421875,-1.6416015625,
0.9475,-3.68359375,4.2041015625,-0.9208984375,
0.948,-3.923828125,3.8837890625,-0.3203125,
0.9485,-4.2041015625,3.763671875,0.2001953125,
0.949,-4.2041015625,2.9228515625,0.9609375,
0.9495,-4.244140625,2.0419921875,1.9619140625,
0.95,-4.2041015625,1.12109375,2.8427734375,
0.9505,-4.00390625,0.240234375,3.4833984375,
0.951,-3.7236328125,-0.2802734375,3.7236328125,
0.9515,-3.4033203125,-1.0009765625,4.00390625,
0.952,-2.6025390625,-1.921875,4.1240234375,
0.9525,-1.5615234375,-3.0029296875,4.083984375,
0.953,-0.720703125,-3.5634765625,3.9638671875,
0.9535,0,-4.00390625,3.603515625,
0.954,0.48046875,-4.32421875,3.443359375,
0.9545,1.28125,-4.3642578125,2.642578125,
0.955,2.2421875,-4.5244140625,1.841796875,
0.9555,3.203125,-4.5244140625,0.880859375,
0.956,3.5634765625,-4.3642578125,0.2802734375,
0.9565,3.8037109375,-4.0439453125,-0.2802734375,
0.957,4.0439453125,-3.8037109375,-0.7607421875,
0.9575,3.9638671875,-2.9228515625,-1.5615234375,
0.958,4.00390625,-1.9619140625,-2.5625,
0.9585,3.8837890625,-1.12109375,-3.283203125,
0.959,3.68359375,-0.3203125,-3.84375,
0.9595,3.443359375,0.16015625,-4.1640625,
0.96,2.9228515625,0.9208984375,-4.3642578125,
0.9605,2.1220703125,1.921875,-4.5244140625,
0.961,1.041015625,3.0029296875,-4.5244140625,
0.9615,0.2802734375,3.5234375,-4.2041015625,
0.962,-0.3603515625,3.9638671875,-3.9638671875,
0.9625,-1.0009765625,4.2841796875,-3.7236328125,
0.963,-1.8818359375,4.2841796875,-2.7626953125,
0.9635,-2.8828125,4.4443359375,-1.8818359375,
0.964,-3.8037109375,4.32421875,-0.9208984375,
0.9645,-4.0439453125,4.083984375,-0.3203125,
0.965,-4.244140625,3.763671875,0.2001953125,
0.9655,-4.3642578125,3.2431640625,0.880859375,
0.966,-4.2841796875,2.2421875,1.76171875,
0.9665,-4.2841796875,1.2412109375,2.7626953125,
0.967,-4.0439453125,0.3603515625,3.36328125,
0.9675,-3.8037109375,-0.2802734375,3.763671875,
0.968,-3.5234375,-0.80078125,3.9638671875,
0.9685,-2.802734375,-1.6015625,4.083984375,
0.969,-1.8818359375,-2.5625,4.1240234375,
0.9695,-0.9208984375,-3.4833984375,3.9638671875,
0.97,-0.2001953125,-3.84375,3.603515625,
0.9705,0.2802734375,-4.1240234375,3.36328125,
0.971,0.9609375,-4.32421875,2.9228515625,
0.9715,1.8017578125,-4.2841796875,2.0419921875,
0.972,2.6826171875,-4.404296875,1.28125,
0.9725,3.283203125,-4.244140625,0.5205078125,
0.973,3.4833984375,-4.00390625,0.0400390625,
0.9735,3.68359375,-3.7236328125,-0.400390625,
0.974,3.68359375,-3.203125,-1.0009765625,
0.9745,3.68359375,-2.40234375,-1.841796875,
0.975,3.68359375,-1.521484375,-2.6826171875,
0.9755,3.5234375,-0.80078125,-3.203125,
0.976,3.4033203125,-0.2802734375,-3.68359375,
0.9765,3.123046875,0.2802734375,-3.923828125,
0.977,2.5224609375,1.0810546875,-4.00390625,
0.9775,1.76171875,1.921875,-4.1640625,
0.978,0.80078125,2.7626953125,-4.00390625,
0.9785,0.240234375,3.123046875,-3.8037109375,
0.979,-0.3203125,3.603515625,-3.68359375,
0.9795,-1.0009765625,3.8037109375,-3.203125,
0.98,-1.841796875,3.84375,-2.3623046875,
0.9805,-2.72265625,4.00390625,-1.681640625,
0.981,-3.283203125,3.8837890625,-0.9208984375,
0.9815,-3.603515625,3.763671875,-0.5205078125,
0.982,-3.84375,3.443359375,0.080078125,
0.9825,-3.923828125,2.8427734375,0.7607421875,
0.983,-4.00390625,2.001953125,1.7216796875,
0.9835,-4.00390625,1.0810546875,2.6025390625,
0.984,-3.8037109375,0.3603515625,3.123046875,
0.9845,-3.8037109375,-0.080078125,3.5634765625,
0.985,-3.2431640625,-0.8408203125,3.763671875,
0.9855,-2.4423828125,-1.7216796875,3.84375,
0.986,-1.6015625,-2.72265625,3.923828125,
0.9865,-0.720703125,-3.36328125,3.763671875,
0.987,-0.16015625,-3.7236328125,3.4833984375,
0.9875,0.400390625,-4.0439453125,3.203125,
0.988,1.28125,-4.2041015625,2.482421875,
0.9885,2.2421875,-4.2841796875,1.521484375,
0.989,2.9228515625,-4.2841796875,0.880859375,
0.9895,3.3232421875,-4.0439453125,0.2802734375,
0.99,3.5234375,-3.8837890625,-0.16015625,
0.9905,3.5634765625,-3.283203125,-0.80078125,
0.991,3.6435546875,-2.5625,-1.6015625,
0.9915,3.6435546875,-1.7216796875,-2.5224609375,
0.992,3.4833984375,-1.0009765625,-3.0830078125,
0.9925,3.203125,-0.3203125,-3.4033203125,
0.993,3.123046875,0.1201171875,-3.8037109375,
0.9935,2.482421875,0.9208984375,-3.8837890625,
0.994,1.7216796875,1.76171875,-3.923828125,
0.9945,0.9609375,2.5224609375,-3.8837890625,
0.995,0.2802734375,3.0029296875,-3.68359375,
0.9955,-0.16015625,3.2431640625,-3.4833984375,
0.996,-0.7607421875,3.5234375,-3.123046875,
0.9965,-1.5615234375,3.68359375,-2.5224609375,
0.997,-2.3623046875,3.7236328125,-1.681640625,
0.9975,-2.8828125,3.68359375,-1.1611328125,
0.998,-3.203125,3.4833984375,-0.6005859375,
0.9985,-3.4833984375,3.4033203125,-0.2001953125,
0.999,-3.5234375,2.8427734375,0.3603515625,
0.9995,-3.603515625,2.2021484375,1.12109375,