Date,2020-11-08 07:22:10
Filename,STFCB-20201012-0105-0137_20201108_072104_002.dat
Data Label,정상
Label No,00
Motor Spec,L-DSF-01,1730,2.2,8.6,
Period,1SEC
Sample Rate,2000
RMS,1.75951,1.61019,1.90014,
Data Length,2000,
0,0.5205078125,-2.8828125,2.482421875,
0.0005,0.1201171875,-2.642578125,2.72265625,
0.001,-0.5205078125,-2.001953125,2.7626953125,
0.0015,-1.3212890625,-1.28125,2.8427734375,
0.002,-2.0419921875,-0.6806640625,3.123046875,
0.0025,-2.642578125,-0.2802734375,3.3232421875,
0.003,-2.9228515625,0.0400390625,3.3232421875,
0.0035,-2.8427734375,0.4404296875,2.8427734375,
0.004,-2.802734375,0.9609375,2.2822265625,
0.0045,-2.8828125,1.5615234375,1.6416015625,
0.005,-3.123046875,2.2021484375,1.1611328125,
0.0055,-3.203125,2.5625,0.7607421875,
0.006,-3.1630859375,2.72265625,0.3203125,
0.0065,-2.6025390625,2.6025390625,-0.240234375,
0.007,-2.001953125,2.5625,-0.9208984375,
0.0075,-1.4814453125,2.642578125,-1.681640625,
0.008,-1.0009765625,2.802734375,-2.4423828125,
0.0085,-0.6806640625,2.72265625,-2.8828125,
0.009,-0.2802734375,2.40234375,-3.0830078125,
0.0095,0.3603515625,1.841796875,-3.203125,
0.01,1.201171875,1.2412109375,-3.36328125,
0.0105,1.921875,0.720703125,-3.7236328125,
0.011,2.482421875,0.3203125,-3.84375,
0.0115,2.7626953125,0,-3.84375,
0.012,2.6826171875,-0.5205078125,-3.36328125,
0.0125,2.802734375,-1.0810546875,-2.802734375,
0.013,2.962890625,-1.76171875,-2.2421875,
0.0135,3.2431640625,-2.40234375,-1.7216796875,
0.014,3.283203125,-2.72265625,-1.3212890625,
0.0145,3.04296875,-2.8427734375,-0.8408203125,
0.015,2.5224609375,-2.7626953125,-0.2001953125,
0.0155,1.921875,-2.8427734375,0.6806640625,
0.016,1.28125,-2.9228515625,1.5615234375,
0.0165,0.880859375,-3.0830078125,2.2421875,
0.017,0.48046875,-3.0029296875,2.642578125,
0.0175,-0.1201171875,-2.4423828125,2.6826171875,
0.018,-0.880859375,-1.7216796875,2.8828125,
0.0185,-1.8017578125,-1.0009765625,3.1630859375,
0.019,-2.5224609375,-0.5205078125,3.443359375,
0.0195,-2.8828125,-0.16015625,3.443359375,
0.02,-3.0029296875,0.2802734375,3.1630859375,
0.0205,-2.8828125,0.80078125,2.482421875,
0.021,-2.9228515625,1.4814453125,1.841796875,
0.0215,-3.1630859375,2.162109375,1.201171875,
0.022,-3.36328125,2.6826171875,0.7607421875,
0.0225,-3.203125,2.802734375,0.3203125,
0.023,-2.72265625,2.6826171875,-0.240234375,
0.0235,-2.08203125,2.6025390625,-0.9208984375,
0.024,-1.4013671875,2.642578125,-1.76171875,
0.0245,-0.9208984375,2.72265625,-2.482421875,
0.025,-0.560546875,2.6826171875,-2.962890625,
0.0255,-0.2001953125,2.482421875,-3.203125,
0.026,0.4404296875,1.841796875,-3.203125,
0.0265,1.201171875,1.201171875,-3.36328125,
0.027,1.9619140625,0.6005859375,-3.603515625,
0.0275,2.5625,0.2001953125,-3.84375,
0.028,2.7626953125,-0.1201171875,-3.763671875,
0.0285,2.802734375,-0.5205078125,-3.4033203125,
0.029,2.72265625,-1.0009765625,-2.8427734375,
0.0295,2.8427734375,-1.6416015625,-2.2421875,
0.03,3.04296875,-2.2021484375,-1.76171875,
0.0305,3.203125,-2.642578125,-1.3212890625,
0.031,3.123046875,-2.802734375,-0.9609375,
0.0315,2.6025390625,-2.72265625,-0.3603515625,
0.032,2.08203125,-2.72265625,0.3203125,
0.0325,1.44140625,-2.8427734375,1.201171875,
0.033,1.041015625,-2.962890625,1.921875,
0.0335,0.6806640625,-2.9228515625,2.3623046875,
0.034,0.2802734375,-2.642578125,2.642578125,
0.0345,-0.48046875,-1.9619140625,2.6826171875,
0.035,-1.28125,-1.3212890625,2.9228515625,
0.0355,-2.0419921875,-0.80078125,3.203125,
0.036,-2.642578125,-0.400390625,3.4833984375,
0.0365,-2.8828125,0,3.36328125,
0.037,-2.8828125,0.48046875,2.8828125,
0.0375,-2.9228515625,1.0810546875,2.2822265625,
0.038,-3.0830078125,1.8017578125,1.6015625,
0.0385,-3.36328125,2.40234375,1.12109375,
0.039,-3.36328125,2.7626953125,0.6806640625,
0.0395,-3.1630859375,2.8427734375,0.240234375,
0.04,-2.482421875,2.72265625,-0.5205078125,
0.0405,-1.8818359375,2.72265625,-1.361328125,
0.041,-1.201171875,2.8427734375,-2.2822265625,
0.0415,-0.80078125,2.9228515625,-2.9228515625,
0.042,-0.400390625,2.7626953125,-3.203125,
0.0425,0.240234375,2.2822265625,-3.36328125,
0.043,0.9609375,1.44140625,-3.4033203125,
0.0435,1.8818359375,0.7607421875,-3.68359375,
0.044,2.5224609375,0.2802734375,-3.8837890625,
0.0445,2.8828125,0,-3.923828125,
0.045,2.9228515625,-0.48046875,-3.603515625,
0.0455,2.802734375,-1.0009765625,-2.9228515625,
0.046,2.8427734375,-1.5615234375,-2.322265625,
0.0465,3.04296875,-2.2822265625,-1.6416015625,
0.047,3.2431640625,-2.72265625,-1.28125,
0.0475,3.0830078125,-2.8427734375,-0.8408203125,
0.048,2.72265625,-2.802734375,-0.400390625,
0.0485,2.0419921875,-2.6826171875,0.3203125,
0.049,1.44140625,-2.802734375,1.1611328125,
0.0495,0.9208984375,-2.8828125,1.921875,
0.05,0.6005859375,-2.8828125,2.4423828125,
0.0505,0.240234375,-2.642578125,2.642578125,
0.051,-0.400390625,-2.0419921875,2.6826171875,
0.0515,-1.12109375,-1.44140625,2.8828125,
0.052,-1.9619140625,-0.80078125,3.1630859375,
0.0525,-2.5625,-0.3603515625,3.36328125,
0.053,-2.8828125,0,3.3232421875,
0.0535,-2.9228515625,0.3603515625,3.04296875,
0.054,-2.8427734375,0.9208984375,2.40234375,
0.0545,-3.0029296875,1.5615234375,1.841796875,
0.055,-3.203125,2.2421875,1.2412109375,
0.0555,-3.36328125,2.6826171875,0.80078125,
0.056,-3.203125,2.802734375,0.400390625,
0.0565,-2.72265625,2.6826171875,-0.240234375,
0.057,-2.1220703125,2.6826171875,-0.9609375,
0.0575,-1.4814453125,2.7626953125,-1.841796875,
0.058,-1.0009765625,2.8828125,-2.5625,
0.0585,-0.640625,2.9228515625,-3.0830078125,
0.059,-0.2001953125,2.5224609375,-3.2431640625,
0.0595,0.560546875,1.841796875,-3.283203125,
0.06,1.361328125,1.201171875,-3.5634765625,
0.0605,2.2421875,0.6005859375,-3.84375,
0.061,2.7626953125,0.2001953125,-4.0439453125,
0.0615,2.962890625,-0.2802734375,-3.84375,
0.062,2.9228515625,-0.6806640625,-3.36328125,
0.0625,2.9228515625,-1.3212890625,-2.642578125,
0.063,3.123046875,-2.08203125,-2.001953125,
0.0635,3.3232421875,-2.642578125,-1.4814453125,
0.064,3.36328125,-3.0029296875,-1.0810546875,
0.0645,3.04296875,-3.04296875,-0.6005859375,
0.065,2.3623046875,-2.8828125,0.16015625,
0.0655,1.6416015625,-2.9228515625,1.0009765625,
0.066,1.0009765625,-3.04296875,1.921875,
0.0665,0.6005859375,-3.04296875,2.5625,
0.067,0.2001953125,-2.8828125,2.8828125,
0.0675,-0.400390625,-2.2822265625,3.0029296875,
0.068,-1.2412109375,-1.44140625,3.0029296875,
0.0685,-2.08203125,-0.7607421875,3.203125,
0.069,-2.8427734375,-0.2001953125,3.4833984375,
0.0695,-3.203125,0.16015625,3.5234375,
0.07,-3.1630859375,0.560546875,3.0830078125,
0.0705,-3.04296875,1.041015625,2.4423828125,
0.071,-3.04296875,1.7216796875,1.681640625,
0.0715,-3.203125,2.40234375,1.041015625,
0.072,-3.3232421875,2.8427734375,0.6005859375,
0.0725,-3.2431640625,2.9228515625,0.16015625,
0.073,-2.7626953125,2.802734375,-0.3603515625,
0.0735,-2.001953125,2.6025390625,-1.0810546875,
0.074,-1.361328125,2.72265625,-1.921875,
0.0745,-0.80078125,2.8427734375,-2.72265625,
0.075,-0.48046875,2.802734375,-3.203125,
0.0755,0,2.5224609375,-3.36328125,
0.076,0.560546875,1.921875,-3.4033203125,
0.0765,1.3212890625,1.12109375,-3.4833984375,
0.077,2.1220703125,0.560546875,-3.7236328125,
0.0775,2.72265625,0.080078125,-3.923828125,
0.078,3.0029296875,-0.240234375,-3.9638671875,
0.0785,2.9228515625,-0.640625,-3.4833984375,
0.079,2.8828125,-1.1611328125,-2.8427734375,
0.0795,3.0029296875,-1.8017578125,-2.2421875,
0.08,3.203125,-2.4423828125,-1.6416015625,
0.0805,3.3232421875,-2.8828125,-1.28125,
0.081,3.1630859375,-3.0029296875,-0.80078125,
0.0815,2.6826171875,-2.9228515625,-0.2802734375,
0.082,1.9619140625,-2.8427734375,0.6005859375,
0.0825,1.4013671875,-2.9228515625,1.4013671875,
0.083,0.880859375,-3.0830078125,2.2421875,
0.0835,0.560546875,-3.0830078125,2.6826171875,
0.084,0,-2.5625,2.8427734375,
0.0845,-0.6806640625,-1.921875,2.9228515625,
0.085,-1.6015625,-1.1611328125,3.1630859375,
0.0855,-2.4423828125,-0.640625,3.443359375,
0.086,-2.9228515625,-0.16015625,3.5234375,
0.0865,-3.203125,0.240234375,3.443359375,
0.087,-3.0830078125,0.720703125,2.8427734375,
0.0875,-3.04296875,1.4013671875,2.08203125,
0.088,-3.203125,2.08203125,1.4013671875,
0.0885,-3.443359375,2.6826171875,0.880859375,
0.089,-3.4033203125,2.9228515625,0.4404296875,
0.0895,-3.04296875,2.8828125,-0.16015625,
0.09,-2.3623046875,2.8427734375,-0.80078125,
0.0905,-1.6015625,2.802734375,-1.7216796875,
0.091,-1.0009765625,2.8427734375,-2.5224609375,
0.0915,-0.5205078125,2.8828125,-3.1630859375,
0.092,-0.16015625,2.6826171875,-3.443359375,
0.0925,0.4404296875,2.0419921875,-3.443359375,
0.093,1.201171875,1.28125,-3.4833984375,
0.0935,2.0419921875,0.560546875,-3.6435546875,
0.094,2.6826171875,0.1201171875,-3.8837890625,
0.0945,2.962890625,-0.2802734375,-3.84375,
0.095,3.0029296875,-0.6005859375,-3.5634765625,
0.0955,2.8427734375,-1.041015625,-2.9228515625,
0.096,2.8427734375,-1.6416015625,-2.2021484375,
0.0965,3.04296875,-2.2822265625,-1.681640625,
0.097,3.203125,-2.7626953125,-1.2412109375,
0.0975,3.1630859375,-2.9228515625,-0.9208984375,
0.098,2.6826171875,-2.802734375,-0.3603515625,
0.0985,2.08203125,-2.72265625,0.3203125,
0.099,1.44140625,-2.72265625,1.12109375,
0.0995,0.9609375,-2.8828125,1.841796875,
0.1,0.6005859375,-2.8828125,2.40234375,
0.1005,0.2802734375,-2.72265625,2.6826171875,
0.101,-0.3603515625,-2.1220703125,2.72265625,
0.1015,-1.0810546875,-1.44140625,2.8828125,
0.102,-1.8818359375,-0.8408203125,3.1630859375,
0.1025,-2.5625,-0.4404296875,3.443359375,
0.103,-2.8828125,-0.16015625,3.4833984375,
0.1035,-2.9228515625,0.3603515625,3.123046875,
0.104,-2.9228515625,0.880859375,2.5224609375,
0.1045,-3.04296875,1.5615234375,1.841796875,
0.105,-3.283203125,2.2021484375,1.28125,
0.1055,-3.4833984375,2.6826171875,0.8408203125,
0.106,-3.36328125,2.9228515625,0.400390625,
0.1065,-2.7626953125,2.802734375,-0.2802734375,
0.107,-2.1220703125,2.802734375,-1.041015625,
0.1075,-1.44140625,2.8828125,-1.9619140625,
0.108,-1.0009765625,3.0029296875,-2.72265625,
0.1085,-0.6005859375,2.962890625,-3.203125,
0.109,0,2.5224609375,-3.4033203125,
0.1095,0.7607421875,1.76171875,-3.4833984375,
0.11,1.6416015625,1.0009765625,-3.68359375,
0.1105,2.40234375,0.48046875,-3.923828125,
0.111,2.9228515625,0.0400390625,-4.0439453125,
0.1115,3.123046875,-0.3603515625,-3.8837890625,
0.112,2.962890625,-0.8408203125,-3.203125,
0.1125,2.962890625,-1.521484375,-2.5625,
0.113,3.0830078125,-2.2421875,-1.841796875,
0.1135,3.2431640625,-2.7626953125,-1.361328125,
0.114,3.203125,-2.962890625,-0.9208984375,
0.1145,2.9228515625,-2.962890625,-0.48046875,
0.115,2.162109375,-2.7626953125,0.2802734375,
0.1155,1.521484375,-2.7626953125,1.12109375,
0.116,0.9208984375,-2.8427734375,1.921875,
0.1165,0.560546875,-2.8828125,2.482421875,
0.117,0.2001953125,-2.72265625,2.7626953125,
0.1175,-0.3603515625,-2.1220703125,2.802734375,
0.118,-1.12109375,-1.44140625,2.8828125,
0.1185,-1.9619140625,-0.7607421875,3.0830078125,
0.119,-2.5625,-0.3203125,3.3232421875,
0.1195,-2.9228515625,0.0400390625,3.36328125,
0.12,-3.04296875,0.3603515625,3.1630859375,
0.1205,-2.8828125,0.80078125,2.482421875,
0.121,-2.962890625,1.4013671875,1.921875,
0.1215,-3.123046875,2.0419921875,1.28125,
0.122,-3.3232421875,2.6025390625,0.880859375,
0.1225,-3.2431640625,2.802734375,0.48046875,
0.123,-2.8828125,2.802734375,0,
0.1235,-2.2822265625,2.6826171875,-0.7607421875,
0.124,-1.6015625,2.6826171875,-1.6015625,
0.1245,-1.12109375,2.8427734375,-2.3623046875,
0.125,-0.720703125,2.8828125,-2.962890625,
0.1255,-0.3603515625,2.6826171875,-3.2431640625,
0.126,0.2802734375,2.0419921875,-3.283203125,
0.1265,1.041015625,1.4013671875,-3.4833984375,
0.127,1.921875,0.720703125,-3.7236328125,
0.1275,2.5625,0.3203125,-4.00390625,
0.128,2.8427734375,0,-3.923828125,
0.1285,2.9228515625,-0.5205078125,-3.603515625,
0.129,2.8828125,-1.12109375,-2.9228515625,
0.1295,3.0029296875,-1.8017578125,-2.322265625,
0.13,3.203125,-2.40234375,-1.7216796875,
0.1305,3.4033203125,-2.8828125,-1.3212890625,
0.131,3.1630859375,-2.962890625,-0.880859375,
0.1315,2.642578125,-2.8828125,-0.2802734375,
0.132,2.001953125,-2.8427734375,0.560546875,
0.1325,1.3212890625,-2.9228515625,1.521484375,
0.133,0.880859375,-3.04296875,2.2021484375,
0.1335,0.48046875,-2.962890625,2.6826171875,
0.134,0,-2.6025390625,2.8427734375,
0.1345,-0.720703125,-1.8017578125,2.8427734375,
0.135,-1.6015625,-1.12109375,3.123046875,
0.1355,-2.4423828125,-0.5205078125,3.3232421875,
0.136,-2.9228515625,-0.16015625,3.4833984375,
0.1365,-3.04296875,0.2001953125,3.2431640625,
0.137,-2.962890625,0.640625,2.72265625,
0.1375,-2.962890625,1.28125,2.001953125,
0.138,-3.0830078125,2.001953125,1.361328125,
0.1385,-3.2431640625,2.5224609375,0.880859375,
0.139,-3.283203125,2.8427734375,0.48046875,
0.1395,-2.962890625,2.8427734375,0,
0.14,-2.2822265625,2.642578125,-0.640625,
0.1405,-1.681640625,2.6826171875,-1.44140625,
0.141,-1.0810546875,2.7626953125,-2.322265625,
0.1415,-0.6806640625,2.802734375,-2.8828125,
0.142,-0.3203125,2.642578125,-3.203125,
0.1425,0.2001953125,2.2021484375,-3.283203125,
0.143,0.9609375,1.44140625,-3.36328125,
0.1435,1.7216796875,0.8408203125,-3.5634765625,
0.144,2.40234375,0.3203125,-3.84375,
0.1445,2.802734375,0,-3.923828125,
0.145,2.8828125,-0.400390625,-3.68359375,
0.1455,2.7626953125,-0.9208984375,-3.0830078125,
0.146,2.8828125,-1.44140625,-2.5224609375,
0.1465,3.04296875,-2.1220703125,-1.8818359375,
0.147,3.2431640625,-2.6025390625,-1.4814453125,
0.1475,3.203125,-2.8427734375,-1.041015625,
0.148,2.8828125,-2.8427734375,-0.6005859375,
0.1485,2.2021484375,-2.72265625,0.1201171875,
0.149,1.7216796875,-2.8427734375,0.9609375,
0.1495,1.12109375,-2.9228515625,1.76171875,
0.15,0.7607421875,-3.0029296875,2.322265625,
0.1505,0.3603515625,-2.72265625,2.6025390625,
0.151,-0.2802734375,-2.2421875,2.6826171875,
0.1515,-1.0810546875,-1.5615234375,2.9228515625,
0.152,-1.8818359375,-0.9609375,3.203125,
0.1525,-2.5625,-0.5205078125,3.443359375,
0.153,-2.8828125,-0.16015625,3.4833984375,
0.1535,-2.962890625,0.2802734375,3.0830078125,
0.154,-2.8828125,0.9208984375,2.40234375,
0.1545,-3.0830078125,1.5615234375,1.841796875,
0.155,-3.2431640625,2.2822265625,1.2412109375,
0.1555,-3.4033203125,2.6826171875,0.80078125,
0.156,-3.203125,2.8427734375,0.3203125,
0.1565,-2.72265625,2.7626953125,-0.3203125,
0.157,-1.9619140625,2.72265625,-1.1611328125,
0.1575,-1.361328125,2.8427734375,-2.001953125,
0.158,-0.8408203125,2.8828125,-2.7626953125,
0.1585,-0.5205078125,2.8828125,-3.203125,
0.159,0.080078125,2.40234375,-3.36328125,
0.1595,0.7607421875,1.681640625,-3.36328125,
0.16,1.5615234375,0.9609375,-3.5634765625,
0.1605,2.40234375,0.400390625,-3.84375,
0.161,2.802734375,0,-3.923828125,
0.1615,2.962890625,-0.400390625,-3.8037109375,
0.162,2.8828125,-0.80078125,-3.2431640625,
0.1625,2.802734375,-1.361328125,-2.5224609375,
0.163,2.962890625,-2.001953125,-1.9619140625,
0.1635,3.1630859375,-2.6025390625,-1.4013671875,
0.164,3.1630859375,-2.8828125,-1.041015625,
0.1645,2.8427734375,-2.8427734375,-0.560546875,
0.165,2.2822265625,-2.72265625,0.080078125,
0.1655,1.6416015625,-2.72265625,0.880859375,
0.166,1.12109375,-2.8427734375,1.6416015625,
0.1665,0.6806640625,-2.8828125,2.2421875,
0.167,0.3603515625,-2.802734375,2.6025390625,
0.1675,-0.2001953125,-2.2822265625,2.72265625,
0.168,-0.9208984375,-1.6015625,2.802734375,
0.1685,-1.6416015625,-1.0009765625,3.04296875,
0.169,-2.4423828125,-0.5205078125,3.3232421875,
0.1695,-2.7626953125,-0.2802734375,3.36328125,
0.17,-2.8828125,0.240234375,3.1630859375,
0.1705,-2.8828125,0.720703125,2.642578125,
0.171,-2.8828125,1.3212890625,1.9619140625,
0.1715,-3.0830078125,1.9619140625,1.44140625,
0.172,-3.283203125,2.5224609375,0.9609375,
0.1725,-3.283203125,2.7626953125,0.560546875,
0.173,-2.8828125,2.72265625,0.080078125,
0.1735,-2.2822265625,2.642578125,-0.640625,
0.174,-1.7216796875,2.72265625,-1.4814453125,
0.1745,-1.201171875,2.8828125,-2.2822265625,
0.175,-0.80078125,2.8828125,-2.8828125,
0.1755,-0.400390625,2.6826171875,-3.1630859375,
0.176,0.2802734375,2.1220703125,-3.283203125,
0.1765,1.0810546875,1.3212890625,-3.4033203125,
0.177,1.8818359375,0.7607421875,-3.7236328125,
0.1775,2.5224609375,0.2802734375,-3.9638671875,
0.178,2.8427734375,0.0400390625,-3.9638671875,
0.1785,2.8427734375,-0.48046875,-3.5634765625,
0.179,2.8427734375,-1.0009765625,-2.8828125,
0.1795,2.962890625,-1.76171875,-2.2822265625,
0.18,3.1630859375,-2.3623046875,-1.7216796875,
0.1805,3.283203125,-2.7626953125,-1.28125,
0.181,3.123046875,-2.9228515625,-0.80078125,
0.1815,2.6025390625,-2.8427734375,-0.240234375,
0.182,1.921875,-2.72265625,0.6005859375,
0.1825,1.28125,-2.8828125,1.44140625,
0.183,0.8408203125,-2.962890625,2.162109375,
0.1835,0.48046875,-2.8828125,2.5625,
0.184,0,-2.482421875,2.6826171875,
0.1845,-0.6806640625,-1.841796875,2.802734375,
0.185,-1.5615234375,-1.12109375,2.962890625,
0.1855,-2.2421875,-0.640625,3.1630859375,
0.186,-2.72265625,-0.2001953125,3.3232421875,
0.1865,-2.8828125,0.1201171875,3.203125,
0.187,-2.8427734375,0.6005859375,2.6826171875,
0.1875,-2.8427734375,1.12109375,2.08203125,
0.188,-2.9228515625,1.76171875,1.4814453125,
0.1885,-3.1630859375,2.322265625,1.0009765625,
0.189,-3.203125,2.6025390625,0.640625,
0.1895,-2.9228515625,2.6826171875,0.2001953125,
0.19,-2.4423828125,2.5625,-0.48046875,
0.1905,-1.8017578125,2.5625,-1.201171875,
0.191,-1.28125,2.6826171875,-1.9619140625,
0.1915,-0.880859375,2.802734375,-2.6025390625,
0.192,-0.6005859375,2.72265625,-2.962890625,
0.1925,0,2.2021484375,-3.0830078125,
0.193,0.6005859375,1.6015625,-3.203125,
0.1935,1.4013671875,0.9609375,-3.4833984375,
0.194,2.1220703125,0.6005859375,-3.7236328125,
0.1945,2.5625,0.240234375,-3.84375,
0.195,2.72265625,-0.2001953125,-3.7236328125,
0.1955,2.72265625,-0.6806640625,-3.203125,
0.196,2.802734375,-1.28125,-2.6025390625,
0.1965,3.0029296875,-1.921875,-2.08203125,
0.197,3.2431640625,-2.5224609375,-1.6015625,
0.1975,3.2431640625,-2.72265625,-1.2412109375,
0.198,2.8427734375,-2.7626953125,-0.640625,
0.1985,2.322265625,-2.7626953125,0.0400390625,
0.199,1.7216796875,-2.8427734375,0.9208984375,
0.1995,1.2412109375,-2.962890625,1.7216796875,
0.2,0.80078125,-3.04296875,2.2822265625,
0.2005,0.4404296875,-2.8828125,2.642578125,
0.201,-0.3203125,-2.2822265625,2.72265625,
0.2015,-1.12109375,-1.6015625,2.9228515625,
0.202,-1.9619140625,-0.9208984375,3.203125,
0.2025,-2.642578125,-0.48046875,3.4833984375,
0.203,-2.8828125,0,3.443359375,
0.2035,-2.962890625,0.3603515625,3.04296875,
0.204,-2.9228515625,0.9609375,2.3623046875,
0.2045,-3.04296875,1.7216796875,1.6416015625,
0.205,-3.203125,2.2822265625,1.12109375,
0.2055,-3.36328125,2.72265625,0.6806640625,
0.206,-3.1630859375,2.8427734375,0.240234375,
0.2065,-2.5625,2.6826171875,-0.400390625,
0.207,-1.921875,2.642578125,-1.1611328125,
0.2075,-1.2412109375,2.72265625,-2.0419921875,
0.208,-0.80078125,2.8427734375,-2.72265625,
0.2085,-0.4404296875,2.6826171875,-3.0830078125,
0.209,0,2.322265625,-3.2431640625,
0.2095,0.720703125,1.5615234375,-3.283203125,
0.21,1.521484375,0.9609375,-3.4833984375,
0.2105,2.2421875,0.4404296875,-3.68359375,
0.211,2.6826171875,0.080078125,-3.84375,
0.2115,2.8427734375,-0.240234375,-3.7236328125,
0.212,2.72265625,-0.6806640625,-3.203125,
0.2125,2.7626953125,-1.2412109375,-2.6025390625,
0.213,2.8828125,-1.8818359375,-1.9619140625,
0.2135,3.123046875,-2.40234375,-1.5615234375,
0.214,3.1630859375,-2.72265625,-1.1611328125,
0.2145,2.9228515625,-2.7626953125,-0.720703125,
0.215,2.40234375,-2.642578125,-0.16015625,
0.2155,1.841796875,-2.6826171875,0.6005859375,
0.216,1.28125,-2.802734375,1.4013671875,
0.2165,0.9208984375,-2.962890625,2.0419921875,
0.217,0.560546875,-2.8828125,2.4423828125,
0.2175,0.0400390625,-2.482421875,2.5625,
0.218,-0.640625,-1.8017578125,2.7626953125,
0.2185,-1.4814453125,-1.1611328125,3.0029296875,
0.219,-2.162109375,-0.720703125,3.283203125,
0.2195,-2.642578125,-0.3603515625,3.443359375,
0.22,-2.8427734375,0.0400390625,3.2431640625,
0.2205,-2.802734375,0.6005859375,2.6826171875,
0.221,-2.9228515625,1.201171875,2.162109375,
0.2215,-3.1630859375,1.921875,1.521484375,
0.222,-3.36328125,2.482421875,1.0810546875,
0.2225,-3.3232421875,2.72265625,0.640625,
0.223,-2.962890625,2.802734375,0.1201171875,
0.2235,-2.322265625,2.6826171875,-0.640625,
0.224,-1.7216796875,2.802734375,-1.5615234375,
0.2245,-1.1611328125,2.8427734375,-2.322265625,
0.225,-0.80078125,2.962890625,-2.9228515625,
0.2255,-0.3603515625,2.642578125,-3.203125,
0.226,0.3203125,2.0419921875,-3.283203125,
0.2265,1.12109375,1.4013671875,-3.4833984375,
0.227,2.0419921875,0.6806640625,-3.763671875,
0.2275,2.6025390625,0.2802734375,-3.923828125,
0.228,2.8828125,-0.16015625,-3.8837890625,
0.2285,2.8828125,-0.5205078125,-3.5234375,
0.229,2.802734375,-1.1611328125,-2.7626953125,
0.2295,2.9228515625,-1.76171875,-2.162109375,
0.23,3.123046875,-2.4423828125,-1.5615234375,
0.2305,3.2431640625,-2.7626953125,-1.1611328125,
0.231,3.0029296875,-2.8427734375,-0.720703125,
0.2315,2.5224609375,-2.72265625,-0.2001953125,
0.232,1.8818359375,-2.72265625,0.6005859375,
0.2325,1.2412109375,-2.8828125,1.44140625,
0.233,0.80078125,-2.8828125,2.08203125,
0.2335,0.48046875,-2.9228515625,2.5224609375,
0.234,0.0400390625,-2.482421875,2.72265625,
0.2345,-0.640625,-1.76171875,2.72265625,
0.235,-1.44140625,-1.1611328125,2.9228515625,
0.2355,-2.2421875,-0.6005859375,3.203125,
0.236,-2.72265625,-0.2802734375,3.4033203125,
0.2365,-2.8828125,0.1201171875,3.2431640625,
0.237,-2.8828125,0.560546875,2.802734375,
0.2375,-2.8828125,1.12109375,2.2021484375,
0.238,-3.0029296875,1.76171875,1.5615234375,
0.2385,-3.203125,2.3623046875,1.0810546875,
0.239,-3.3232421875,2.72265625,0.6806640625,
0.2395,-3.0830078125,2.7626953125,0.240234375,
0.24,-2.482421875,2.642578125,-0.4404296875,
0.2405,-1.921875,2.6826171875,-1.2412109375,
0.241,-1.28125,2.7626953125,-2.08203125,
0.2415,-0.9208984375,2.8427734375,-2.72265625,
0.242,-0.5205078125,2.802734375,-3.0830078125,
0.2425,0,2.3623046875,-3.2431640625,
0.243,0.7607421875,1.6015625,-3.36328125,
0.2435,1.5615234375,1.0009765625,-3.6435546875,
0.244,2.40234375,0.48046875,-3.8837890625,
0.2445,2.802734375,0.1201171875,-4.0439453125,
0.245,2.8828125,-0.3203125,-3.7236328125,
0.2455,2.8427734375,-0.8408203125,-3.1630859375,
0.246,2.962890625,-1.4814453125,-2.5224609375,
0.2465,3.1630859375,-2.2421875,-1.8818359375,
0.247,3.3232421875,-2.72265625,-1.4013671875,
0.2475,3.3232421875,-2.962890625,-1.0009765625,
0.248,2.8828125,-2.9228515625,-0.48046875,
0.2485,2.162109375,-2.8828125,0.3203125,
0.249,1.5615234375,-2.962890625,1.2412109375,
0.2495,0.9609375,-3.123046875,2.1220703125,
0.25,0.560546875,-3.04296875,2.642578125,
0.2505,0.080078125,-2.72265625,2.8828125,
0.251,-0.6005859375,-2.08203125,2.9228515625,
0.2515,-1.521484375,-1.2412109375,3.123046875,
0.252,-2.2822265625,-0.640625,3.3232421875,
0.2525,-2.9228515625,-0.16015625,3.4833984375,
0.253,-3.203125,0.2001953125,3.4833984375,
0.2535,-3.123046875,0.640625,2.9228515625,
0.254,-2.962890625,1.2412109375,2.2021484375,
0.2545,-3.0830078125,1.921875,1.521484375,
0.255,-3.283203125,2.5224609375,0.9208984375,
0.2555,-3.283203125,2.8427734375,0.48046875,
0.256,-3.0830078125,2.9228515625,0,
0.2565,-2.5224609375,2.72265625,-0.560546875,
0.257,-1.76171875,2.6025390625,-1.361328125,
0.2575,-1.1611328125,2.6826171875,-2.2021484375,
0.258,-0.640625,2.802734375,-2.8828125,
0.2585,-0.3603515625,2.7626953125,-3.283203125,
0.259,0.2001953125,2.2421875,-3.36328125,
0.2595,0.80078125,1.5615234375,-3.4033203125,
0.26,1.6416015625,0.880859375,-3.5634765625,
0.2605,2.40234375,0.3603515625,-3.84375,
0.261,2.8427734375,0,-3.8837890625,
0.2615,2.962890625,-0.3603515625,-3.8037109375,
0.262,2.8828125,-0.80078125,-3.2431640625,
0.2625,2.8427734375,-1.3212890625,-2.5625,
0.263,3.0029296875,-1.9619140625,-2.0419921875,
0.2635,3.203125,-2.5625,-1.521484375,
0.264,3.283203125,-2.8427734375,-1.1611328125,
0.2645,3.0029296875,-2.8828125,-0.640625,
0.265,2.482421875,-2.8427734375,0,
0.2655,1.76171875,-2.8828125,0.80078125,
0.266,1.2412109375,-2.9228515625,1.6416015625,
0.2665,0.7607421875,-3.0029296875,2.2822265625,
0.267,0.48046875,-2.962890625,2.72265625,
0.2675,-0.16015625,-2.4423828125,2.8427734375,
0.268,-0.9208984375,-1.681640625,2.9228515625,
0.2685,-1.8017578125,-1.0009765625,3.203125,
0.269,-2.5625,-0.5205078125,3.5234375,
0.2695,-2.962890625,-0.16015625,3.5634765625,
0.27,-3.0830078125,0.3203125,3.283203125,
0.2705,-3.0830078125,0.8408203125,2.6826171875,
0.271,-3.123046875,1.5615234375,1.921875,
0.2715,-3.283203125,2.2421875,1.28125,
0.272,-3.5234375,2.8427734375,0.7607421875,
0.2725,-3.4033203125,3.0029296875,0.3603515625,
0.273,-2.8828125,2.8828125,-0.2802734375,
0.2735,-2.2021484375,2.7626953125,-1.041015625,
0.274,-1.4013671875,2.8427734375,-2.001953125,
0.2745,-0.8408203125,2.962890625,-2.7626953125,
0.275,-0.400390625,2.8427734375,-3.2431640625,
0.2755,0.0400390625,2.5625,-3.5234375,
0.276,0.6806640625,1.8017578125,-3.5234375,
0.2765,1.5615234375,1.0009765625,-3.603515625,
0.277,2.2822265625,0.3603515625,-3.763671875,
0.2775,2.8828125,0,-3.9638671875,
0.278,3.04296875,-0.3603515625,-3.84375,
0.2785,2.962890625,-0.7607421875,-3.3232421875,
0.279,2.8427734375,-1.28125,-2.642578125,
0.2795,2.9228515625,-1.9619140625,-1.9619140625,
0.28,3.0830078125,-2.4423828125,-1.4814453125,
0.2805,3.1630859375,-2.8427734375,-1.041015625,
0.281,3.04296875,-2.8828125,-0.6806640625,
0.2815,2.4423828125,-2.7626953125,-0.16015625,
0.282,1.841796875,-2.642578125,0.6005859375,
0.2825,1.2412109375,-2.72265625,1.4013671875,
0.283,0.80078125,-2.8427734375,2.0419921875,
0.2835,0.5205078125,-2.802734375,2.482421875,
0.284,0.1201171875,-2.482421875,2.6826171875,
0.2845,-0.560546875,-1.8818359375,2.6826171875,
0.285,-1.3212890625,-1.201171875,2.9228515625,
0.2855,-2.0419921875,-0.720703125,3.1630859375,
0.286,-2.6025390625,-0.3603515625,3.36328125,
0.2865,-2.8427734375,0,3.3232421875,
0.287,-2.8427734375,0.48046875,2.8828125,
0.2875,-2.8828125,1.0009765625,2.322265625,
0.288,-3.04296875,1.7216796875,1.7216796875,
0.2885,-3.283203125,2.322265625,1.2412109375,
0.289,-3.36328125,2.6025390625,0.8408203125,
0.2895,-3.203125,2.7626953125,0.3203125,
0.29,-2.6025390625,2.72265625,-0.3603515625,
0.2905,-1.9619140625,2.802734375,-1.1611328125,
0.291,-1.4013671875,2.8828125,-2.0419921875,
0.2915,-1.0009765625,3.04296875,-2.7626953125,
0.292,-0.6005859375,2.9228515625,-3.1630859375,
0.2925,0.0400390625,2.40234375,-3.3232421875,
0.293,0.80078125,1.7216796875,-3.4833984375,
0.2935,1.76171875,0.9609375,-3.763671875,
0.294,2.482421875,0.48046875,-4.00390625,
0.2945,2.9228515625,0.0400390625,-4.0439453125,
0.295,3.04296875,-0.3603515625,-3.8037109375,
0.2955,2.9228515625,-1.0009765625,-3.0830078125,
0.296,3.04296875,-1.6416015625,-2.40234375,
0.2965,3.1630859375,-2.4423828125,-1.681640625,
0.297,3.36328125,-2.8828125,-1.28125,
0.2975,3.1630859375,-3.04296875,-0.8408203125,
0.298,2.72265625,-2.8828125,-0.3203125,
0.2985,2.0419921875,-2.802734375,0.5205078125,
0.299,1.3212890625,-2.8427734375,1.4013671875,
0.2995,0.80078125,-2.9228515625,2.162109375,
0.3,0.400390625,-2.8828125,2.642578125,
0.3005,0.0400390625,-2.6025390625,2.8427734375,
0.301,-0.640625,-1.8818359375,2.8427734375,
0.3015,-1.4013671875,-1.2412109375,2.962890625,
0.302,-2.2822265625,-0.5205078125,3.203125,
0.3025,-2.802734375,-0.16015625,3.36328125,
0.303,-3.0029296875,0.2001953125,3.283203125,
0.3035,-2.962890625,0.560546875,2.8828125,
0.304,-2.8828125,1.0810546875,2.2421875,
0.3045,-2.962890625,1.7216796875,1.5615234375,
0.305,-3.1630859375,2.2421875,1.0810546875,
0.3055,-3.36328125,2.6826171875,0.6005859375,
0.306,-3.1630859375,2.8427734375,0.2802734375,
0.3065,-2.6025390625,2.6826171875,-0.3603515625,
0.307,-2.001953125,2.642578125,-1.0009765625,
0.3075,-1.361328125,2.72265625,-1.9619140625,
0.308,-1.0009765625,2.8427734375,-2.6025390625,
0.3085,-0.6005859375,2.8427734375,-3.0830078125,
0.309,-0.2001953125,2.5224609375,-3.283203125,
0.3095,0.560546875,1.8017578125,-3.3232421875,
0.31,1.3212890625,1.201171875,-3.5634765625,
0.3105,2.162109375,0.6005859375,-3.8037109375,
0.311,2.6826171875,0.240234375,-4.00390625,
0.3115,2.8427734375,-0.2001953125,-3.8837890625,
0.312,2.8828125,-0.640625,-3.4033203125,
0.3125,2.8828125,-1.2412109375,-2.7626953125,
0.313,3.04296875,-1.9619140625,-2.1220703125,
0.3135,3.2431640625,-2.5625,-1.681640625,
0.314,3.3232421875,-2.8828125,-1.2412109375,
0.3145,3.123046875,-2.9228515625,-0.80078125,
0.315,2.4423828125,-2.802734375,0,
0.3155,1.8818359375,-2.8828125,0.7607421875,
0.316,1.2412109375,-3.0029296875,1.7216796875,
0.3165,0.80078125,-3.0830078125,2.3623046875,
0.317,0.400390625,-2.8828125,2.6826171875,
0.3175,-0.16015625,-2.4423828125,2.8427734375,
0.318,-1.0009765625,-1.6416015625,2.8828125,
0.3185,-1.841796875,-1.0009765625,3.1630859375,
0.319,-2.5625,-0.4404296875,3.36328125,
0.3195,-2.962890625,-0.1201171875,3.5234375,
0.32,-3.0029296875,0.3203125,3.1630859375,
0.3205,-2.9228515625,0.80078125,2.5224609375,
0.321,-2.962890625,1.44140625,1.921875,
0.3215,-3.203125,2.162109375,1.201171875,
0.322,-3.3232421875,2.642578125,0.7607421875,
0.3225,-3.203125,2.8427734375,0.3203125,
0.323,-2.8427734375,2.7626953125,-0.2001953125,
0.3235,-2.08203125,2.6025390625,-0.9208984375,
0.324,-1.4814453125,2.6826171875,-1.76171875,
0.3245,-0.9208984375,2.802734375,-2.5625,
0.325,-0.6005859375,2.8427734375,-3.0830078125,
0.3255,-0.16015625,2.5224609375,-3.203125,
0.326,0.4404296875,1.921875,-3.283203125,
0.3265,1.201171875,1.201171875,-3.4033203125,
0.327,2.001953125,0.6005859375,-3.68359375,
0.3275,2.5625,0.2001953125,-3.84375,
0.328,2.8427734375,-0.16015625,-3.84375,
0.3285,2.8427734375,-0.5205078125,-3.4833984375,
0.329,2.72265625,-1.0810546875,-2.802734375,
0.3295,2.8828125,-1.6416015625,-2.322265625,
0.33,3.123046875,-2.322265625,-1.7216796875,
0.3305,3.2431640625,-2.6826171875,-1.361328125,
0.331,3.0830078125,-2.8427734375,-0.9208984375,
0.3315,2.6826171875,-2.7626953125,-0.400390625,
0.332,2.0419921875,-2.72265625,0.400390625,
0.3325,1.44140625,-2.8427734375,1.2412109375,
0.333,1.0009765625,-2.9228515625,1.921875,
0.3335,0.6806640625,-2.962890625,2.482421875,
0.334,0.240234375,-2.6025390625,2.642578125,
0.3345,-0.48046875,-1.9619140625,2.72265625,
0.335,-1.28125,-1.361328125,3.0029296875,
0.3355,-2.1220703125,-0.7607421875,3.283203125,
0.336,-2.642578125,-0.400390625,3.4833984375,
0.3365,-2.8828125,0,3.36328125,
0.337,-2.9228515625,0.4404296875,2.9228515625,
0.3375,-2.9228515625,1.041015625,2.2421875,
0.338,-3.123046875,1.841796875,1.6416015625,
0.3385,-3.36328125,2.482421875,1.0810546875,
0.339,-3.4833984375,2.8427734375,0.6806640625,
0.3395,-3.123046875,2.8427734375,0.16015625,
0.34,-2.5224609375,2.72265625,-0.5205078125,
0.3405,-1.8017578125,2.802734375,-1.4013671875,
0.341,-1.2412109375,2.9228515625,-2.2822265625,
0.3415,-0.720703125,2.9228515625,-2.9228515625,
0.342,-0.400390625,2.8427734375,-3.283203125,
0.3425,0.2802734375,2.2421875,-3.4033203125,
0.343,1.041015625,1.44140625,-3.443359375,
0.3435,1.8818359375,0.80078125,-3.68359375,
0.344,2.6025390625,0.2802734375,-3.923828125,
0.3445,2.962890625,-0.1201171875,-3.9638671875,
0.345,2.962890625,-0.5205078125,-3.603515625,
0.3455,2.8427734375,-1.0009765625,-3.0029296875,
0.346,2.8427734375,-1.6416015625,-2.2822265625,
0.3465,3.04296875,-2.2822265625,-1.681640625,
0.347,3.1630859375,-2.72265625,-1.2412109375,
0.3475,3.1630859375,-2.9228515625,-0.8408203125,
0.348,2.6826171875,-2.7626953125,-0.3603515625,
0.3485,2.0419921875,-2.642578125,0.3603515625,
0.349,1.4013671875,-2.72265625,1.1611328125,
0.3495,0.9208984375,-2.8828125,1.921875,
0.35,0.6005859375,-2.8427734375,2.40234375,
0.3505,0.2001953125,-2.6025390625,2.6826171875,
0.351,-0.3603515625,-2.08203125,2.72265625,
0.3515,-1.1611328125,-1.361328125,2.8427734375,
0.352,-1.8818359375,-0.80078125,3.123046875,
0.3525,-2.5224609375,-0.400390625,3.283203125,
0.353,-2.8427734375,-0.16015625,3.36328125,
0.3535,-2.8427734375,0.2802734375,2.962890625,
0.354,-2.8427734375,0.880859375,2.40234375,
0.3545,-2.9228515625,1.4814453125,1.841796875,
0.355,-3.1630859375,2.1220703125,1.28125,
0.3555,-3.283203125,2.5224609375,0.9208984375,
0.356,-3.203125,2.72265625,0.48046875,
0.3565,-2.7626953125,2.6826171875,-0.1201171875,
0.357,-2.1220703125,2.6025390625,-0.8408203125,
0.3575,-1.6015625,2.7626953125,-1.6416015625,
0.358,-1.0810546875,2.8828125,-2.4423828125,
0.3585,-0.7607421875,2.9228515625,-2.9228515625,
0.359,-0.3203125,2.5224609375,-3.1630859375,
0.3595,0.400390625,1.9619140625,-3.283203125,
0.36,1.28125,1.2412109375,-3.5234375,
0.3605,2.0419921875,0.6806640625,-3.84375,
0.361,2.6025390625,0.240234375,-3.923828125,
0.3615,2.8427734375,-0.16015625,-3.923828125,
0.362,2.8427734375,-0.6005859375,-3.36328125,
0.3625,2.8427734375,-1.201171875,-2.72265625,
0.363,3.04296875,-1.8818359375,-2.1220703125,
0.3635,3.2431640625,-2.5224609375,-1.6015625,
0.364,3.3232421875,-2.8427734375,-1.201171875,
0.3645,3.0029296875,-2.8828125,-0.6806640625,
0.365,2.4423828125,-2.802734375,0,
0.3655,1.7216796875,-2.802734375,0.880859375,
0.366,1.1611328125,-2.9228515625,1.681640625,
0.3665,0.720703125,-2.962890625,2.322265625,
0.367,0.3603515625,-2.8828125,2.6826171875,
0.3675,-0.240234375,-2.2822265625,2.72265625,
0.368,-1.0009765625,-1.6015625,2.8427734375,
0.3685,-1.841796875,-0.9208984375,3.04296875,
0.369,-2.5224609375,-0.48046875,3.283203125,
0.3695,-2.8427734375,-0.16015625,3.3232421875,
0.37,-2.8828125,0.2802734375,3.0830078125,
0.3705,-2.802734375,0.7607421875,2.482421875,
0.371,-2.8427734375,1.361328125,1.841796875,
0.3715,-3.04296875,1.9619140625,1.28125,
0.372,-3.203125,2.5224609375,0.80078125,
0.3725,-3.203125,2.6826171875,0.48046875,
0.373,-2.72265625,2.6025390625,0,
0.3735,-2.2021484375,2.5625,-0.6806640625,
0.374,-1.6015625,2.6025390625,-1.521484375,
0.3745,-1.12109375,2.72265625,-2.2421875,
0.375,-0.720703125,2.7626953125,-2.7626953125,
0.3755,-0.400390625,2.6025390625,-3.0830078125,
0.376,0.2001953125,2.0419921875,-3.1630859375,
0.3765,0.9208984375,1.361328125,-3.283203125,
0.377,1.7216796875,0.80078125,-3.5634765625,
0.3775,2.3623046875,0.3603515625,-3.84375,
0.378,2.6025390625,0.1201171875,-3.84375,
0.3785,2.72265625,-0.3203125,-3.5634765625,
0.379,2.72265625,-0.8408203125,-3.0029296875,
0.3795,2.8427734375,-1.4814453125,-2.40234375,
0.38,3.0830078125,-2.08203125,-1.9619140625,
0.3805,3.2431640625,-2.6025390625,-1.4814453125,
0.381,3.1630859375,-2.802734375,-1.0810546875,
0.3815,2.72265625,-2.72265625,-0.5205078125,
0.382,2.162109375,-2.72265625,0.240234375,
0.3825,1.5615234375,-2.8828125,1.12109375,
0.383,1.12109375,-3.04296875,1.8818359375,
0.3835,0.7607421875,-2.962890625,2.3623046875,
0.384,0.2802734375,-2.72265625,2.642578125,
0.3845,-0.5205078125,-2.08203125,2.7626953125,
0.385,-1.3212890625,-1.361328125,3.0029296875,
0.3855,-2.1220703125,-0.8408203125,3.2431640625,
0.386,-2.72265625,-0.400390625,3.4833984375,
0.3865,-2.9228515625,0,3.36328125,
0.387,-2.8828125,0.5205078125,2.8427734375,
0.3875,-2.9228515625,1.12109375,2.2421875,
0.388,-3.0830078125,1.8818359375,1.4814453125,
0.3885,-3.283203125,2.4423828125,1.041015625,
0.389,-3.283203125,2.72265625,0.6005859375,
0.3895,-3.0830078125,2.8427734375,0.1201171875,
0.39,-2.3623046875,2.642578125,-0.6005859375,
0.3905,-1.7216796875,2.6826171875,-1.44140625,
0.391,-1.0810546875,2.7626953125,-2.2822265625,
0.3915,-0.720703125,2.8828125,-2.8828125,
0.392,-0.3203125,2.642578125,-3.1630859375,
0.3925,0.2001953125,2.08203125,-3.203125,
0.393,0.9208984375,1.4013671875,-3.36328125,
0.3935,1.76171875,0.6806640625,-3.5634765625,
0.394,2.40234375,0.2802734375,-3.763671875,
0.3945,2.7626953125,0,-3.8037109375,
0.395,2.8427734375,-0.3603515625,-3.603515625,
0.3955,2.6826171875,-0.880859375,-2.9228515625,
0.396,2.802734375,-1.44140625,-2.4423828125,
0.3965,2.962890625,-2.08203125,-1.8017578125,
0.397,3.1630859375,-2.5625,-1.4013671875,
0.3975,3.123046875,-2.72265625,-1.041015625,
0.398,2.7626953125,-2.72265625,-0.560546875,
0.3985,2.2021484375,-2.642578125,0.1201171875,
0.399,1.5615234375,-2.72265625,0.9609375,
0.3995,1.12109375,-2.8427734375,1.6416015625,
0.4,0.7607421875,-2.8828125,2.2421875,
0.4005,0.4404296875,-2.7626953125,2.5625,
0.401,-0.2001953125,-2.2021484375,2.6025390625,
0.4015,-0.9208984375,-1.681640625,2.802734375,
0.402,-1.76171875,-0.9609375,3.0830078125,
0.4025,-2.40234375,-0.560546875,3.3232421875,
0.403,-2.72265625,-0.2001953125,3.36328125,
0.4035,-2.8427734375,0.240234375,3.123046875,
0.404,-2.8427734375,0.7607421875,2.5224609375,
0.4045,-2.962890625,1.44140625,1.921875,
0.405,-3.203125,2.08203125,1.361328125,
0.4055,-3.4033203125,2.6025390625,0.9609375,
0.406,-3.283203125,2.802734375,0.5205078125,
0.4065,-2.7626953125,2.72265625,-0.1201171875,
0.407,-2.2021484375,2.72265625,-0.9208984375,
0.4075,-1.521484375,2.8427734375,-1.8017578125,
0.408,-1.041015625,2.962890625,-2.5625,
0.4085,-0.640625,2.9228515625,-3.0830078125,
0.409,-0.2001953125,2.5625,-3.2431640625,
0.4095,0.560546875,1.76171875,-3.3232421875,
0.41,1.4013671875,1.1611328125,-3.5634765625,
0.4105,2.2822265625,0.560546875,-3.84375,
0.411,2.802734375,0.16015625,-4.00390625,
0.4115,2.8828125,-0.240234375,-3.8037109375,
0.412,2.8427734375,-0.6806640625,-3.283203125,
0.4125,2.8427734375,-1.3212890625,-2.6025390625,
0.413,3.0029296875,-2.001953125,-1.9619140625,
0.4135,3.1630859375,-2.5625,-1.44140625,
0.414,3.203125,-2.8427734375,-1.041015625,
0.4145,2.9228515625,-2.8427734375,-0.6005859375,
0.415,2.2421875,-2.6826171875,0.080078125,
0.4155,1.6416015625,-2.72265625,0.880859375,
0.416,1.041015625,-2.8427734375,1.7216796875,
0.4165,0.6806640625,-2.8828125,2.2822265625,
0.417,0.3203125,-2.72265625,2.6025390625,
0.4175,-0.2001953125,-2.3623046875,2.6826171875,
0.418,-0.9208984375,-1.521484375,2.7626953125,
0.4185,-1.681640625,-1.0009765625,3.04296875,
0.419,-2.40234375,-0.4404296875,3.203125,
0.4195,-2.8427734375,-0.16015625,3.36328125,
0.42,-2.8828125,0.240234375,3.123046875,
0.4205,-2.802734375,0.720703125,2.5224609375,
0.421,-2.8828125,1.28125,1.9619140625,
0.4215,-3.0830078125,1.9619140625,1.361328125,
0.422,-3.2431640625,2.482421875,0.9609375,
0.4225,-3.2431640625,2.72265625,0.560546875,
0.423,-2.9228515625,2.72265625,0.080078125,
0.4235,-2.2822265625,2.6025390625,-0.640625,
0.424,-1.76171875,2.6826171875,-1.44140625,
0.4245,-1.1611328125,2.802734375,-2.2822265625,
0.425,-0.80078125,2.8828125,-2.8427734375,
0.4255,-0.400390625,2.6025390625,-3.1630859375,
0.426,0.2001953125,2.1220703125,-3.2431640625,
0.4265,1.0009765625,1.44140625,-3.4033203125,
0.427,1.921875,0.80078125,-3.7236328125,
0.4275,2.5224609375,0.3603515625,-3.923828125,
0.428,2.8427734375,0.0400390625,-3.9638671875,
0.4285,2.8828125,-0.4404296875,-3.603515625,
0.429,2.8427734375,-1.041015625,-2.9228515625,
0.4295,3.04296875,-1.681640625,-2.322265625,
0.43,3.2431640625,-2.4423828125,-1.681640625,
0.4305,3.4033203125,-2.8427734375,-1.3212890625,
0.431,3.1630859375,-2.9228515625,-0.80078125,
0.4315,2.6826171875,-2.8828125,-0.2802734375,
0.432,1.921875,-2.8427734375,0.6005859375,
0.4325,1.3212890625,-3.0029296875,1.521484375,
0.433,0.80078125,-3.0830078125,2.2822265625,
0.4335,0.4404296875,-3.0830078125,2.72265625,
0.434,-0.1201171875,-2.5224609375,2.8828125,
0.4345,-0.8408203125,-1.8017578125,2.9228515625,
0.435,-1.76171875,-1.041015625,3.1630859375,
0.4355,-2.5625,-0.48046875,3.443359375,
0.436,-3.04296875,0,3.5234375,
0.4365,-3.203125,0.3203125,3.3232421875,
0.437,-3.0830078125,0.7607421875,2.802734375,
0.4375,-2.962890625,1.4013671875,1.921875,
0.438,-3.1630859375,2.08203125,1.28125,
0.4385,-3.36328125,2.72265625,0.7607421875,
0.439,-3.36328125,3.0029296875,0.3603515625,
0.4395,-2.9228515625,2.8828125,-0.16015625,
0.44,-2.322265625,2.72265625,-0.80078125,
0.4405,-1.5615234375,2.6826171875,-1.6416015625,
0.441,-1.0009765625,2.72265625,-2.482421875,
0.4415,-0.5205078125,2.72265625,-3.0830078125,
0.442,-0.2001953125,2.6826171875,-3.4033203125,
0.4425,0.400390625,2.08203125,-3.443359375,
0.443,1.12109375,1.28125,-3.4833984375,
0.4435,1.921875,0.6806640625,-3.68359375,
0.444,2.6826171875,0.16015625,-3.8837890625,
0.4445,3.0029296875,-0.2001953125,-3.9638671875,
0.445,3.04296875,-0.560546875,-3.6435546875,
0.4455,2.9228515625,-1.0009765625,-3.0830078125,
0.446,2.9228515625,-1.6416015625,-2.3623046875,
0.4465,3.123046875,-2.2822265625,-1.8017578125,
0.447,3.2431640625,-2.7626953125,-1.28125,
0.4475,3.283203125,-2.962890625,-0.9609375,
0.448,2.8427734375,-2.8828125,-0.48046875,
0.4485,2.162109375,-2.802734375,0.2802734375,
0.449,1.521484375,-2.8828125,1.1611328125,
0.4495,1.0009765625,-3.04296875,1.921875,
0.45,0.640625,-2.962890625,2.482421875,
0.4505,0.240234375,-2.7626953125,2.802734375,
0.451,-0.3603515625,-2.2021484375,2.8427734375,
0.4515,-1.2412109375,-1.44140625,3.0029296875,
0.452,-2.08203125,-0.8408203125,3.283203125,
0.4525,-2.7626953125,-0.3203125,3.5234375,
0.453,-3.0830078125,0,3.5634765625,
0.4535,-3.0830078125,0.48046875,3.04296875,
0.454,-3.04296875,1.041015625,2.482421875,
0.4545,-3.123046875,1.76171875,1.7216796875,
0.455,-3.3232421875,2.4423828125,1.1611328125,
0.4555,-3.4033203125,2.8427734375,0.640625,
0.456,-3.283203125,3.0029296875,0.240234375,
0.4565,-2.6826171875,2.8427734375,-0.4404296875,
0.457,-1.9619140625,2.7626953125,-1.28125,
0.4575,-1.28125,2.8427734375,-2.2421875,
0.458,-0.7607421875,3.0029296875,-2.9228515625,
0.4585,-0.3603515625,2.8427734375,-3.36328125,
0.459,0.16015625,2.40234375,-3.4833984375,
0.4595,0.880859375,1.6416015625,-3.5234375,
0.46,1.8017578125,0.80078125,-3.6435546875,
0.4605,2.5224609375,0.3203125,-3.8837890625,
0.461,2.962890625,-0.16015625,-3.9638671875,
0.4615,3.123046875,-0.4404296875,-3.8037109375,
0.462,2.9228515625,-0.9208984375,-3.1630859375,
0.4625,2.8828125,-1.44140625,-2.5224609375,
0.463,3.0029296875,-2.1220703125,-1.8017578125,
0.4635,3.1630859375,-2.642578125,-1.3212890625,
0.464,3.1630859375,-2.8828125,-0.9609375,
0.4645,2.8828125,-2.8828125,-0.5205078125,
0.465,2.2421875,-2.7626953125,0.1201171875,
0.4655,1.5615234375,-2.72265625,0.9208984375,
0.466,1.041015625,-2.802734375,1.681640625,
0.4665,0.640625,-2.8828125,2.2822265625,
0.467,0.3603515625,-2.802734375,2.642578125,
0.4675,-0.16015625,-2.2822265625,2.6826171875,
0.468,-0.8408203125,-1.6416015625,2.802734375,
0.4685,-1.681640625,-1.0009765625,3.0029296875,
0.469,-2.3623046875,-0.5205078125,3.283203125,
0.4695,-2.72265625,-0.2001953125,3.36328125,
0.47,-2.9228515625,0.2001953125,3.203125,
0.4705,-2.8828125,0.6806640625,2.6826171875,
0.471,-2.9228515625,1.28125,2.0419921875,
0.4715,-3.123046875,1.921875,1.521484375,
0.472,-3.36328125,2.5224609375,1.0009765625,
0.4725,-3.36328125,2.72265625,0.640625,
0.473,-2.962890625,2.7626953125,0.1201171875,
0.4735,-2.4423828125,2.6826171875,-0.640625,
0.474,-1.76171875,2.802734375,-1.4814453125,
0.4745,-1.2412109375,2.9228515625,-2.322265625,
0.475,-0.80078125,3.0029296875,-2.9228515625,
0.4755,-0.400390625,2.8427734375,-3.283203125,
0.476,0.2802734375,2.162109375,-3.36328125,
0.4765,1.12109375,1.44140625,-3.5634765625,
0.477,2.0419921875,0.7607421875,-3.84375,
0.4775,2.72265625,0.3203125,-4.083984375,
0.478,2.962890625,-0.1201171875,-4.00390625,
0.4785,3.0029296875,-0.5205078125,-3.603515625,
0.479,2.962890625,-1.1611328125,-2.8828125,
0.4795,3.04296875,-1.8818359375,-2.2021484375,
0.48,3.2431640625,-2.5224609375,-1.6015625,
0.4805,3.36328125,-2.962890625,-1.1611328125,
0.481,3.1630859375,-3.04296875,-0.6806640625,
0.4815,2.5224609375,-2.8828125,-0.16015625,
0.482,1.8818359375,-2.802734375,0.7607421875,
0.4825,1.12109375,-2.8828125,1.681640625,
0.483,0.6806640625,-2.962890625,2.322265625,
0.4835,0.2802734375,-2.8427734375,2.6826171875,
0.484,-0.16015625,-2.482421875,2.8427734375,
0.4845,-0.8408203125,-1.6416015625,2.8427734375,
0.485,-1.681640625,-1.0009765625,3.04296875,
0.4855,-2.4423828125,-0.400390625,3.2431640625,
0.486,-2.9228515625,0,3.443359375,
0.4865,-3.0029296875,0.2802734375,3.203125,
0.487,-2.8828125,0.6806640625,2.6826171875,
0.4875,-2.8828125,1.2412109375,2.08203125,
0.488,-2.962890625,1.921875,1.361328125,
0.4885,-3.203125,2.40234375,0.9609375,
0.489,-3.2431640625,2.72265625,0.560546875,
0.4895,-3.0830078125,2.72265625,0.1201171875,
0.49,-2.40234375,2.6025390625,-0.5205078125,
0.4905,-1.841796875,2.642578125,-1.28125,
0.491,-1.201171875,2.72265625,-2.1220703125,
0.4915,-0.8408203125,2.8427734375,-2.7626953125,
0.492,-0.48046875,2.72265625,-3.123046875,
0.4925,0.0400390625,2.2822265625,-3.283203125,
0.493,0.640625,1.201171875,-2.7626953125,
0.4935,1.12109375,0.3203125,-2.40234375,
0.494,1.6416015625,-0.80078125,-1.841796875,
0.4945,2.0419921875,-2.2021484375,-0.6806640625,
0.495,1.5615234375,-1.6015625,-0.7607421875,
0.4955,1.4013671875,-0.2802734375,-1.921875,
0.496,1.4013671875,0.400390625,-2.6025390625,
0.4965,1.4013671875,0.3603515625,-2.642578125,
0.497,1.7216796875,-0.16015625,-2.482421875,
0.4975,2.2421875,-1.0009765625,-2.162109375,
0.498,2.6025390625,-1.76171875,-1.6015625,
0.4985,2.5224609375,-2.40234375,-0.720703125,
0.499,2.2421875,-2.7626953125,0.1201171875,
0.4995,1.921875,-2.642578125,0.4404296875,
0.5,1.521484375,-2.2822265625,0.560546875,
0.5005,1.0009765625,-1.76171875,0.640625,
0.501,0.3203125,-1.12109375,0.6806640625,
0.5015,0,-0.640625,0.560546875,
0.502,0.0400390625,-0.80078125,0.6806640625,
0.5025,0.1201171875,-1.28125,1.1611328125,
0.503,-0.1201171875,-1.4814453125,1.681640625,
0.5035,-0.6005859375,-1.28125,1.921875,
0.504,-1.041015625,-0.8408203125,2.0419921875,
0.5045,-1.44140625,-0.3203125,1.921875,
0.505,-1.841796875,0.48046875,1.521484375,
0.5055,-2.0419921875,1.0009765625,1.041015625,
0.506,-2.0419921875,1.4013671875,0.6806640625,
0.5065,-2.08203125,1.5615234375,0.560546875,
0.507,-1.9619140625,1.4814453125,0.3603515625,
0.5075,-1.681640625,1.4013671875,0.1201171875,
0.508,-1.28125,1.28125,-0.2802734375,
0.5085,-1.041015625,1.28125,-0.560546875,
0.509,-0.9208984375,1.4013671875,-0.9208984375,
0.5095,-0.8408203125,1.6416015625,-1.28125,
0.51,-0.640625,1.76171875,-1.681640625,
0.5105,-0.3203125,1.6015625,-1.9619140625,
0.511,0.16015625,1.3212890625,-2.162109375,
0.5115,0.640625,0.880859375,-2.2021484375,
0.512,1.0009765625,0.3603515625,-2.1220703125,
0.5125,1.4013671875,-0.16015625,-2.001953125,
0.513,1.6015625,-0.400390625,-2.001953125,
0.5135,1.76171875,-0.640625,-1.9619140625,
0.514,1.841796875,-0.720703125,-1.8017578125,
0.5145,1.76171875,-0.9609375,-1.4814453125,
0.515,1.7216796875,-1.1611328125,-1.201171875,
0.5155,1.6015625,-1.361328125,-0.80078125,
0.516,1.5615234375,-1.6015625,-0.48046875,
0.5165,1.521484375,-1.76171875,-0.16015625,
0.517,1.3212890625,-1.8818359375,0.2802734375,
0.5175,1.0810546875,-1.8017578125,0.6005859375,
0.518,0.6806640625,-1.6416015625,0.9208984375,
0.5185,0.2802734375,-1.44140625,1.12109375,
0.519,-0.16015625,-1.1611328125,1.28125,
0.5195,-0.4404296875,-1.0009765625,1.4013671875,
0.52,-0.720703125,-0.720703125,1.521484375,
0.5205,-1.0009765625,-0.640625,1.5615234375,
0.521,-1.28125,-0.3203125,1.6015625,
0.5215,-1.44140625,0,1.521484375,
0.522,-1.6416015625,0.3603515625,1.361328125,
0.5225,-1.76171875,0.6806640625,1.1611328125,
0.523,-1.8017578125,1.0009765625,0.880859375,
0.5235,-1.8818359375,1.28125,0.6005859375,
0.524,-1.8017578125,1.4013671875,0.2802734375,
0.5245,-1.681640625,1.5615234375,0,
0.525,-1.44140625,1.5615234375,-0.400390625,
0.5255,-1.201171875,1.5615234375,-0.80078125,
0.526,-0.9609375,1.521484375,-1.041015625,
0.5265,-0.640625,1.4013671875,-1.3212890625,
0.527,-0.3603515625,1.28125,-1.521484375,
0.5275,0,1.201171875,-1.76171875,
0.528,0.240234375,1.041015625,-1.8818359375,
0.5285,0.560546875,0.7607421875,-2.001953125,
0.529,0.80078125,0.5205078125,-2.08203125,
0.5295,1.1611328125,0.1201171875,-2.08203125,
0.53,1.44140625,-0.16015625,-2.0419921875,
0.5305,1.6416015625,-0.5205078125,-1.8818359375,
0.531,1.76171875,-0.80078125,-1.7216796875,
0.5315,1.76171875,-1.041015625,-1.44140625,
0.532,1.76171875,-1.28125,-1.12109375,
0.5325,1.6416015625,-1.44140625,-0.80078125,
0.533,1.5615234375,-1.6015625,-0.4404296875,
0.5335,1.361328125,-1.6015625,-0.16015625,
0.534,1.201171875,-1.681640625,0.240234375,
0.5345,0.9609375,-1.6416015625,0.48046875,
0.535,0.640625,-1.5615234375,0.80078125,
0.5355,0.3603515625,-1.44140625,1.0009765625,
0.536,0,-1.28125,1.2412109375,
0.5365,-0.3203125,-1.12109375,1.4013671875,
0.537,-0.6806640625,-0.8408203125,1.521484375,
0.5375,-1.0009765625,-0.640625,1.5615234375,
0.538,-1.28125,-0.240234375,1.5615234375,
0.5385,-1.4814453125,0.080078125,1.521484375,
0.539,-1.6416015625,0.4404296875,1.3212890625,
0.5395,-1.8017578125,0.720703125,1.12109375,
0.54,-1.8017578125,0.9609375,0.8408203125,
0.5405,-1.8017578125,1.201171875,0.560546875,
0.541,-1.681640625,1.3212890625,0.2802734375,
0.5415,-1.6015625,1.4814453125,-0.16015625,
0.542,-1.4013671875,1.521484375,-0.400390625,
0.5425,-1.201171875,1.5615234375,-0.7607421875,
0.543,-0.9609375,1.521484375,-1.041015625,
0.5435,-0.640625,1.4013671875,-1.3212890625,
0.544,-0.3603515625,1.28125,-1.521484375,
0.5445,0,1.0810546875,-1.7216796875,
0.545,0.2802734375,0.880859375,-1.841796875,
0.5455,0.6005859375,0.6005859375,-1.9619140625,
0.546,0.8408203125,0.48046875,-2.001953125,
0.5465,1.12109375,0.16015625,-1.9619140625,
0.547,1.3212890625,-0.16015625,-1.9619140625,
0.5475,1.521484375,-0.5205078125,-1.8017578125,
0.548,1.6416015625,-0.720703125,-1.6416015625,
0.5485,1.681640625,-1.0009765625,-1.361328125,
0.549,1.7216796875,-1.201171875,-1.12109375,
0.5495,1.5615234375,-1.361328125,-0.80078125,
0.55,1.521484375,-1.521484375,-0.5205078125,
0.5505,1.3212890625,-1.5615234375,-0.16015625,
0.551,1.1611328125,-1.6015625,0.16015625,
0.5515,0.9208984375,-1.5615234375,0.4404296875,
0.552,0.640625,-1.4814453125,0.720703125,
0.5525,0.3603515625,-1.4013671875,0.9208984375,
0.553,0.0400390625,-1.28125,1.12109375,
0.5535,-0.2802734375,-1.12109375,1.2412109375,
0.554,-0.6005859375,-0.8408203125,1.4013671875,
0.5545,-0.80078125,-0.640625,1.44140625,
0.555,-1.1611328125,-0.3203125,1.4814453125,
0.5555,-1.361328125,0,1.44140625,
0.556,-1.6015625,0.3603515625,1.3212890625,
0.5565,-1.681640625,0.6005859375,1.1611328125,
0.557,-1.76171875,0.880859375,0.880859375,
0.5575,-1.76171875,1.12109375,0.6005859375,
0.558,-1.6416015625,1.28125,0.2802734375,
0.5585,-1.6015625,1.4013671875,0,
0.559,-1.4013671875,1.44140625,-0.3603515625,
0.5595,-1.2412109375,1.521484375,-0.640625,
0.56,-1.0009765625,1.4814453125,-1.0009765625,
0.5605,-0.6806640625,1.361328125,-1.2412109375,
0.561,-0.400390625,1.2412109375,-1.44140625,
0.5615,0,1.0810546875,-1.681640625,
0.562,0.2001953125,0.9609375,-1.8017578125,
0.5625,0.5205078125,0.7607421875,-1.921875,
0.563,0.7607421875,0.5205078125,-1.9619140625,
0.5635,1.0810546875,0.240234375,-1.9619140625,
0.564,1.28125,0,-1.9619140625,
0.5645,1.521484375,-0.48046875,-1.8017578125,
0.565,1.6015625,-0.6806640625,-1.6416015625,
0.5655,1.6416015625,-1.0009765625,-1.361328125,
0.566,1.6416015625,-1.1611328125,-1.12109375,
0.5665,1.5615234375,-1.3212890625,-0.80078125,
0.567,1.44140625,-1.44140625,-0.5205078125,
0.5675,1.28125,-1.521484375,-0.2001953125,
0.568,1.12109375,-1.5615234375,0.16015625,
0.5685,0.880859375,-1.5615234375,0.400390625,
0.569,0.640625,-1.4814453125,0.640625,
0.5695,0.3603515625,-1.361328125,0.80078125,
0.57,0.080078125,-1.201171875,1.041015625,
0.5705,-0.2001953125,-1.0009765625,1.12109375,
0.571,-0.5205078125,-0.8408203125,1.28125,
0.5715,-0.720703125,-0.640625,1.361328125,
0.572,-1.0009765625,-0.3603515625,1.4013671875,
0.5725,-1.2412109375,-0.16015625,1.361328125,
0.573,-1.44140625,0.2802734375,1.28125,
0.5735,-1.5615234375,0.48046875,1.12109375,
0.574,-1.6416015625,0.80078125,0.880859375,
0.5745,-1.6416015625,0.9609375,0.640625,
0.575,-1.6015625,1.1611328125,0.3603515625,
0.5755,-1.521484375,1.2412109375,0.1201171875,
0.576,-1.361328125,1.361328125,-0.2802734375,
0.5765,-1.2412109375,1.361328125,-0.560546875,
0.577,-1.0009765625,1.361328125,-0.80078125,
0.5775,-0.80078125,1.3212890625,-1.041015625,
0.578,-0.5205078125,1.2412109375,-1.28125,
0.5785,-0.2802734375,1.1611328125,-1.44140625,
0.579,0.1201171875,0.9609375,-1.6416015625,
0.5795,0.3203125,0.8408203125,-1.8017578125,
0.58,0.6005859375,0.6005859375,-1.8818359375,
0.5805,0.880859375,0.3603515625,-1.921875,
0.581,1.12109375,0.080078125,-1.921875,
0.5815,1.361328125,-0.2802734375,-1.841796875,
0.582,1.521484375,-0.5205078125,-1.681640625,
0.5825,1.6015625,-0.8408203125,-1.4814453125,
0.583,1.6015625,-1.041015625,-1.2412109375,
0.5835,1.5615234375,-1.2412109375,-0.9208984375,
0.584,1.521484375,-1.361328125,-0.640625,
0.5845,1.3212890625,-1.521484375,-0.3603515625,
0.585,1.2412109375,-1.5615234375,0,
0.5855,0.9609375,-1.6015625,0.2802734375,
0.586,0.7607421875,-1.4814453125,0.5205078125,
0.5865,0.48046875,-1.361328125,0.7607421875,
0.587,0.240234375,-1.2412109375,0.9208984375,
0.5875,-0.16015625,-1.041015625,1.12109375,
0.588,-0.3603515625,-0.9208984375,1.2412109375,
0.5885,-0.640625,-0.6806640625,1.28125,
0.589,-0.8408203125,-0.5205078125,1.361328125,
0.5895,-1.1611328125,-0.2001953125,1.3212890625,
0.59,-1.3212890625,0.1201171875,1.28125,
0.5905,-1.4814453125,0.400390625,1.12109375,
0.591,-1.6015625,0.6806640625,0.9609375,
0.5915,-1.6015625,0.880859375,0.6806640625,
0.592,-1.6015625,1.0810546875,0.4404296875,
0.5925,-1.4814453125,1.12109375,0.16015625,
0.593,-1.3212890625,1.28125,-0.2001953125,
0.5935,-1.2412109375,1.28125,-0.4404296875,
0.594,-1.041015625,1.3212890625,-0.720703125,
0.5945,-0.8408203125,1.28125,-0.9609375,
0.595,-0.6005859375,1.2412109375,-1.1611328125,
0.5955,-0.3603515625,1.12109375,-1.3212890625,
0.596,0,0.9609375,-1.521484375,
0.5965,0.2001953125,0.880859375,-1.6416015625,
0.597,0.48046875,0.640625,-1.76171875,
0.5975,0.6806640625,0.48046875,-1.8017578125,
0.598,0.9609375,0.2001953125,-1.8017578125,
0.5985,1.12109375,0,-1.8017578125,
0.599,1.361328125,-0.400390625,-1.681640625,
0.5995,1.4814453125,-0.640625,-1.5615234375,
0.6,1.521484375,-0.880859375,-1.28125,
0.6005,1.5615234375,-1.0810546875,-1.0810546875,
0.601,1.44140625,-1.2412109375,-0.80078125,
0.6015,1.361328125,-1.361328125,-0.560546875,
0.602,1.2412109375,-1.4013671875,-0.240234375,
0.6025,1.0810546875,-1.44140625,0.0400390625,
0.603,0.880859375,-1.44140625,0.3203125,
0.6035,0.640625,-1.361328125,0.560546875,
0.604,0.3603515625,-1.28125,0.7607421875,
0.6045,0.1201171875,-1.1611328125,0.9609375,
0.605,-0.16015625,-1.0009765625,1.0810546875,
0.6055,-0.4404296875,-0.80078125,1.201171875,
0.606,-0.640625,-0.640625,1.28125,
0.6065,-1.0009765625,-0.3603515625,1.3212890625,
0.607,-1.1611328125,-0.16015625,1.28125,
0.6075,-1.361328125,0.240234375,1.201171875,
0.608,-1.4814453125,0.48046875,1.0810546875,
0.6085,-1.6015625,0.720703125,0.8408203125,
0.609,-1.6015625,0.880859375,0.6005859375,
0.6095,-1.521484375,1.041015625,0.2802734375,
0.61,-1.44140625,1.201171875,0.080078125,
0.6105,-1.28125,1.28125,-0.2802734375,
0.611,-1.1611328125,1.3212890625,-0.5205078125,
0.6115,-0.9208984375,1.28125,-0.80078125,
0.612,-0.7607421875,1.28125,-1.0009765625,
0.6125,-0.5205078125,1.1611328125,-1.2412109375,
0.613,-0.2802734375,1.0810546875,-1.361328125,
0.6135,0.080078125,0.880859375,-1.521484375,
0.614,0.2802734375,0.7607421875,-1.6416015625,
0.6145,0.560546875,0.560546875,-1.7216796875,
0.615,0.7607421875,0.400390625,-1.76171875,
0.6155,1.0009765625,0.1201171875,-1.76171875,
0.616,1.201171875,-0.2001953125,-1.681640625,
0.6165,1.3212890625,-0.5205078125,-1.5615234375,
0.617,1.44140625,-0.720703125,-1.4013671875,
0.6175,1.4013671875,-0.9609375,-1.201171875,
0.618,1.44140625,-1.12109375,-0.9609375,
0.6185,1.3212890625,-1.1611328125,-0.6806640625,
0.619,1.2412109375,-1.28125,-0.400390625,
0.6195,1.12109375,-1.3212890625,-0.2001953125,
0.62,0.9609375,-1.361328125,0.1201171875,
0.6205,0.7607421875,-1.3212890625,0.3603515625,
0.621,0.560546875,-1.28125,0.560546875,
0.6215,0.3203125,-1.1611328125,0.720703125,
0.622,0.0400390625,-1.041015625,0.9208984375,
0.6225,-0.2001953125,-0.9208984375,1.0009765625,
0.623,-0.4404296875,-0.720703125,1.12109375,
0.6235,-0.640625,-0.6005859375,1.201171875,
0.624,-0.9208984375,-0.3203125,1.2412109375,
0.6245,-1.12109375,-0.16015625,1.2412109375,
0.625,-1.3212890625,0.240234375,1.12109375,
0.6255,-1.44140625,0.4404296875,0.9609375,
0.626,-1.4814453125,0.720703125,0.7607421875,
0.6265,-1.4814453125,0.880859375,0.560546875,
0.627,-1.44140625,1.041015625,0.2802734375,
0.6275,-1.361328125,1.12109375,0.080078125,
0.628,-1.2412109375,1.2412109375,-0.2802734375,
0.6285,-1.1611328125,1.28125,-0.5205078125,
0.629,-0.9208984375,1.28125,-0.80078125,
0.6295,-0.720703125,1.2412109375,-1.0009765625,
0.63,-0.48046875,1.12109375,-1.201171875,
0.6305,-0.240234375,1.0009765625,-1.3212890625,
0.631,0.080078125,0.880859375,-1.4814453125,
0.6315,0.2802734375,0.7607421875,-1.6015625,
0.632,0.5205078125,0.560546875,-1.681640625,
0.6325,0.7607421875,0.3203125,-1.7216796875,
0.633,0.9609375,0.080078125,-1.7216796875,
0.6335,1.201171875,-0.2802734375,-1.681640625,
0.634,1.3212890625,-0.48046875,-1.5615234375,
0.6345,1.44140625,-0.720703125,-1.361328125,
0.635,1.44140625,-0.9208984375,-1.1611328125,
0.6355,1.4013671875,-1.12109375,-0.9208984375,
0.636,1.3212890625,-1.1611328125,-0.640625,
0.6365,1.201171875,-1.28125,-0.3603515625,
0.637,1.0810546875,-1.28125,-0.16015625,
0.6375,0.9208984375,-1.361328125,0.16015625,
0.638,0.720703125,-1.3212890625,0.3603515625,
0.6385,0.48046875,-1.2412109375,0.560546875,
0.639,0.2802734375,-1.12109375,0.720703125,
0.6395,0,-1.0009765625,0.880859375,
0.64,-0.2001953125,-0.80078125,0.9609375,
0.6405,-0.48046875,-0.6806640625,1.0810546875,
0.641,-0.640625,-0.6005859375,1.12109375,
0.6415,-0.9208984375,-0.3603515625,1.12109375,
0.642,-1.041015625,0,1.12109375,
0.6425,-1.28125,0.2802734375,1.0009765625,
0.643,-1.361328125,0.4404296875,0.9208984375,
0.6435,-1.44140625,0.6806640625,0.6806640625,
0.644,-1.44140625,0.80078125,0.5205078125,
0.6445,-1.3212890625,0.9609375,0.2802734375,
0.645,-1.28125,1.041015625,0.0400390625,
0.6455,-1.1611328125,1.12109375,-0.2802734375,
0.646,-1.041015625,1.201171875,-0.48046875,
0.6465,-0.8408203125,1.201171875,-0.720703125,
0.647,-0.720703125,1.1611328125,-0.880859375,
0.6475,-0.48046875,1.0810546875,-1.12109375,
0.648,-0.2802734375,0.9609375,-1.2412109375,
0.6485,0.0400390625,0.80078125,-1.4013671875,
0.649,0.240234375,0.720703125,-1.521484375,
0.6495,0.48046875,0.48046875,-1.6416015625,
0.65,0.640625,0.400390625,-1.681640625,
0.6505,0.9208984375,0.1201171875,-1.681640625,
0.651,1.0810546875,-0.1201171875,-1.6416015625,
0.6515,1.2412109375,-0.400390625,-1.521484375,
0.652,1.361328125,-0.640625,-1.361328125,
0.6525,1.4013671875,-0.8408203125,-1.1611328125,
0.653,1.4013671875,-1.0009765625,-0.9609375,
0.6535,1.28125,-1.12109375,-0.6806640625,
0.654,1.2412109375,-1.2412109375,-0.4404296875,
0.6545,1.0810546875,-1.28125,-0.2001953125,
0.655,0.9609375,-1.3212890625,0.1201171875,
0.6555,0.7607421875,-1.28125,0.2802734375,
0.656,0.560546875,-1.2412109375,0.5205078125,
0.6565,0.2802734375,-1.1611328125,0.6806640625,
0.657,0.0400390625,-1.0009765625,0.8408203125,
0.6575,-0.2001953125,-0.9208984375,0.9208984375,
0.658,-0.4404296875,-0.6806640625,1.0810546875,
0.6585,-0.640625,-0.5205078125,1.12109375,
0.659,-0.8408203125,-0.3203125,1.12109375,
0.6595,-1.0009765625,-0.1201171875,1.0810546875,
0.66,-1.2412109375,0.240234375,1.0009765625,
0.6605,-1.3212890625,0.4404296875,0.880859375,
0.661,-1.361328125,0.6806640625,0.6806640625,
0.6615,-1.361328125,0.80078125,0.48046875,
0.662,-1.3212890625,0.9609375,0.2802734375,
0.6625,-1.2412109375,1.0009765625,0.0400390625,
0.663,-1.12109375,1.12109375,-0.3203125,
0.6635,-1.0009765625,1.12109375,-0.48046875,
0.664,-0.8408203125,1.12109375,-0.720703125,
0.6645,-0.640625,1.0810546875,-0.8408203125,
0.665,-0.4404296875,0.9609375,-1.041015625,
0.6655,-0.3203125,0.8408203125,-1.1611328125,
0.666,0,0.7607421875,-1.3212890625,
0.6665,0.16015625,0.6806640625,-1.4013671875,
0.667,0.4404296875,0.5205078125,-1.521484375,
0.6675,0.560546875,0.400390625,-1.5615234375,
0.668,0.80078125,0.16015625,-1.6015625,
0.6685,0.9609375,0,-1.5615234375,
0.669,1.1611328125,-0.3203125,-1.44140625,
0.6695,1.28125,-0.5205078125,-1.361328125,
0.67,1.28125,-0.720703125,-1.1611328125,
0.6705,1.28125,-0.9208984375,-1.0009765625,
0.671,1.2412109375,-1.0009765625,-0.720703125,
0.6715,1.201171875,-1.12109375,-0.560546875,
0.672,1.0810546875,-1.1611328125,-0.2802734375,
0.6725,0.9609375,-1.28125,0,
0.673,0.7607421875,-1.28125,0.2001953125,
0.6735,0.6005859375,-1.28125,0.3603515625,
0.674,0.3603515625,-1.12109375,0.560546875,
0.6745,0.2001953125,-1.0009765625,0.6806640625,
0.675,0,-0.880859375,0.8408203125,
0.6755,-0.3203125,-0.80078125,0.9609375,
0.676,-0.5205078125,-0.6005859375,1.041015625,
0.6765,-0.720703125,-0.48046875,1.0810546875,
0.677,-0.9208984375,-0.2001953125,1.0810546875,
0.6775,-1.12109375,0.1201171875,1.041015625,
0.678,-1.2412109375,0.3203125,0.9208984375,
0.6785,-1.3212890625,0.560546875,0.7607421875,
0.679,-1.3212890625,0.6806640625,0.6005859375,
0.6795,-1.3212890625,0.880859375,0.3603515625,
0.68,-1.2412109375,0.9609375,0.1201171875,
0.6805,-1.1611328125,1.041015625,-0.16015625,
0.681,-1.0009765625,1.0810546875,-0.3603515625,
0.6815,-0.9208984375,1.0810546875,-0.640625,
0.682,-0.720703125,1.0810546875,-0.80078125,
0.6825,-0.560546875,1.041015625,-1.0009765625,
0.683,-0.3203125,0.9609375,-1.12109375,
0.6835,-0.1201171875,0.80078125,-1.28125,
0.684,0.1201171875,0.6806640625,-1.361328125,
0.6845,0.3203125,0.560546875,-1.4814453125,
0.685,0.5205078125,0.4404296875,-1.4814453125,
0.6855,0.720703125,0.240234375,-1.5615234375,
0.686,0.880859375,0.0400390625,-1.521484375,
0.6865,1.0810546875,-0.2802734375,-1.44140625,
0.687,1.1611328125,-0.4404296875,-1.3212890625,
0.6875,1.28125,-0.6806640625,-1.201171875,
0.688,1.2412109375,-0.80078125,-1.041015625,
0.6885,1.2412109375,-1.0009765625,-0.80078125,
0.689,1.12109375,-1.041015625,-0.640625,
0.6895,1.0009765625,-1.1611328125,-0.3603515625,
0.69,0.9609375,-1.1611328125,-0.16015625,
0.6905,0.80078125,-1.201171875,0.1201171875,
0.691,0.6806640625,-1.1611328125,0.2802734375,
0.6915,0.48046875,-1.0810546875,0.48046875,
0.692,0.2802734375,-1.0009765625,0.6005859375,
0.6925,0.0400390625,-0.9208984375,0.720703125,
0.693,-0.16015625,-0.7607421875,0.80078125,
0.6935,-0.400390625,-0.640625,0.9609375,
0.694,-0.6005859375,-0.5205078125,0.9609375,
0.6945,-0.80078125,-0.3203125,1.0009765625,
0.695,-0.9208984375,-0.1201171875,0.9609375,
0.6955,-1.1611328125,0.2001953125,0.9208984375,
0.696,-1.2412109375,0.3603515625,0.80078125,
0.6965,-1.28125,0.6005859375,0.640625,
0.697,-1.28125,0.720703125,0.48046875,
0.6975,-1.28125,0.80078125,0.240234375,
0.698,-1.201171875,0.9609375,0.0400390625,
0.6985,-1.041015625,1.0009765625,-0.2802734375,
0.699,-1.0009765625,1.0810546875,-0.48046875,
0.6995,-0.80078125,1.0810546875,-0.640625,
0.7,-0.640625,1.0810546875,-0.80078125,
0.7005,-0.400390625,0.9609375,-1.0009765625,
0.701,-0.2802734375,0.880859375,-1.12109375,
0.7015,0.0400390625,0.720703125,-1.28125,
0.702,0.2001953125,0.640625,-1.361328125,
0.7025,0.4404296875,0.48046875,-1.44140625,
0.703,0.560546875,0.3603515625,-1.521484375,
0.7035,0.7607421875,0.1201171875,-1.521484375,
0.704,0.9208984375,0,-1.4814453125,
0.7045,1.12109375,-0.3603515625,-1.361328125,
0.705,1.201171875,-0.6005859375,-1.28125,
0.7055,1.201171875,-0.80078125,-1.12109375,
0.706,1.2412109375,-0.8408203125,-0.9609375,
0.7065,1.12109375,-1.0009765625,-0.6806640625,
0.707,1.12109375,-1.041015625,-0.5205078125,
0.7075,0.9609375,-1.12109375,-0.2802734375,
0.708,0.880859375,-1.1611328125,0,
0.7085,0.6806640625,-1.1611328125,0.16015625,
0.709,0.560546875,-1.12109375,0.3203125,
0.7095,0.3203125,-1.0009765625,0.48046875,
0.71,0.16015625,-0.9208984375,0.6005859375,
0.7105,0,-0.80078125,0.720703125,
0.711,-0.2802734375,-0.6806640625,0.80078125,
0.7115,-0.48046875,-0.560546875,0.9208984375,
0.712,-0.640625,-0.4404296875,0.9609375,
0.7125,-0.80078125,-0.240234375,0.9609375,
0.713,-0.9609375,0,0.9208984375,
0.7135,-1.12109375,0.2001953125,0.7607421875,
0.714,-1.201171875,0.48046875,0.6806640625,
0.7145,-1.2412109375,0.6005859375,0.560546875,
0.715,-1.2412109375,0.7607421875,0.3603515625,
0.7155,-1.1611328125,0.8408203125,0.16015625,
0.716,-1.0810546875,0.9208984375,0,
0.7165,-1.0009765625,0.9609375,-0.3203125,
0.717,-0.880859375,1.0009765625,-0.5205078125,
0.7175,-0.720703125,1.0009765625,-0.6806640625,
0.718,-0.640625,1.0009765625,-0.8408203125,
0.7185,-0.3603515625,0.880859375,-1.0009765625,
0.719,-0.240234375,0.80078125,-1.12109375,
0.7195,0.0400390625,0.6806640625,-1.2412109375,
0.72,0.240234375,0.6005859375,-1.3212890625,
0.7205,0.4404296875,0.4404296875,-1.4013671875,
0.721,0.560546875,0.2802734375,-1.44140625,
0.7215,0.7607421875,0.0400390625,-1.4814453125,
0.722,0.9208984375,-0.16015625,-1.44140625,
0.7225,1.041015625,-0.3603515625,-1.3212890625,
0.723,1.1611328125,-0.560546875,-1.2412109375,
0.7235,1.1611328125,-0.6806640625,-1.041015625,
0.724,1.201171875,-0.8408203125,-0.880859375,
0.7245,1.12109375,-0.9609375,-0.640625,
0.725,1.041015625,-1.041015625,-0.48046875,
0.7255,0.9208984375,-1.041015625,-0.240234375,
0.726,0.80078125,-1.12109375,0,
0.7265,0.640625,-1.0810546875,0.16015625,
0.727,0.5205078125,-1.041015625,0.3603515625,
0.7275,0.2802734375,-1.0009765625,0.48046875,
0.728,0.1201171875,-0.8408203125,0.6005859375,
0.7285,-0.16015625,-0.7607421875,0.720703125,
0.729,-0.3203125,-0.6806640625,0.8408203125,
0.7295,-0.48046875,-0.560546875,0.880859375,
0.73,-0.640625,-0.3603515625,0.9208984375,
0.7305,-0.80078125,-0.2001953125,0.9208984375,
0.731,-1.0009765625,0.080078125,0.880859375,
0.7315,-1.0810546875,0.2802734375,0.7607421875,
0.732,-1.201171875,0.48046875,0.640625,
0.7325,-1.201171875,0.6005859375,0.48046875,
0.733,-1.1611328125,0.7607421875,0.2802734375,
0.7335,-1.12109375,0.8408203125,0.1201171875,
0.734,-1.0009765625,0.9208984375,-0.16015625,
0.7345,-0.9208984375,0.9208984375,-0.3203125,
0.735,-0.80078125,0.9609375,-0.5205078125,
0.7355,-0.640625,0.9609375,-0.6806640625,
0.736,-0.5205078125,0.9208984375,-0.8408203125,
0.7365,-0.3203125,0.80078125,-0.9609375,
0.737,-0.16015625,0.6806640625,-1.0810546875,
0.7375,0.080078125,0.6005859375,-1.2412109375,
0.738,0.240234375,0.560546875,-1.28125,
0.7385,0.400390625,0.4404296875,-1.361328125,
0.739,0.560546875,0.2802734375,-1.4013671875,
0.7395,0.7607421875,0.080078125,-1.4013671875,
0.74,0.880859375,-0.16015625,-1.361328125,
0.7405,1.0009765625,-0.3603515625,-1.28125,
0.741,1.12109375,-0.5205078125,-1.1611328125,
0.7415,1.12109375,-0.6806640625,-1.0009765625,
0.742,1.12109375,-0.80078125,-0.80078125,
0.7425,1.041015625,-0.880859375,-0.640625,
0.743,0.9609375,-1.0009765625,-0.4404296875,
0.7435,0.880859375,-1.0009765625,-0.2802734375,
0.744,0.7607421875,-1.041015625,0,
0.7445,0.640625,-1.0810546875,0.16015625,
0.745,0.5205078125,-1.041015625,0.3203125,
0.7455,0.2802734375,-1.0009765625,0.4404296875,
0.746,0.1201171875,-0.8408203125,0.560546875,
0.7465,-0.1201171875,-0.720703125,0.6806640625,
0.747,-0.2802734375,-0.640625,0.80078125,
0.7475,-0.4404296875,-0.5205078125,0.8408203125,
0.748,-0.6005859375,-0.3603515625,0.880859375,
0.7485,-0.7607421875,-0.2001953125,0.880859375,
0.749,-0.9609375,0.080078125,0.8408203125,
0.7495,-1.041015625,0.2802734375,0.7607421875,
0.75,-1.1611328125,0.48046875,0.6005859375,
0.7505,-1.1611328125,0.6005859375,0.48046875,
0.751,-1.1611328125,0.720703125,0.2802734375,
0.7515,-1.041015625,0.7607421875,0.080078125,
0.752,-1.0009765625,0.9208984375,-0.16015625,
0.7525,-0.9208984375,0.880859375,-0.3203125,
0.753,-0.80078125,0.9208984375,-0.5205078125,
0.7535,-0.640625,0.880859375,-0.6806640625,
0.754,-0.5205078125,0.9208984375,-0.8408203125,
0.7545,-0.3203125,0.80078125,-1.0009765625,
0.755,-0.16015625,0.6806640625,-1.0810546875,
0.7555,0.080078125,0.6005859375,-1.1611328125,
0.756,0.240234375,0.5205078125,-1.28125,
0.7565,0.400390625,0.400390625,-1.3212890625,
0.757,0.560546875,0.2802734375,-1.361328125,
0.7575,0.6806640625,0.080078125,-1.3212890625,
0.758,0.8408203125,-0.16015625,-1.3212890625,
0.7585,0.9609375,-0.3603515625,-1.2412109375,
0.759,1.0810546875,-0.5205078125,-1.1611328125,
0.7595,1.0810546875,-0.640625,-1.0009765625,
0.76,1.0810546875,-0.80078125,-0.80078125,
0.7605,0.9609375,-0.880859375,-0.640625,
0.761,0.9208984375,-1.0009765625,-0.4404296875,
0.7615,0.80078125,-1.0009765625,-0.2802734375,
0.762,0.7607421875,-1.0009765625,0,
0.7625,0.6005859375,-1.0009765625,0.16015625,
0.763,0.48046875,-1.0009765625,0.2802734375,
0.7635,0.2802734375,-0.880859375,0.400390625,
0.764,0.16015625,-0.80078125,0.48046875,
0.7645,0,-0.640625,0.6005859375,
0.765,-0.240234375,-0.640625,0.720703125,
0.7655,-0.400390625,-0.5205078125,0.7607421875,
0.766,-0.560546875,-0.400390625,0.80078125,
0.7665,-0.720703125,-0.2001953125,0.80078125,
0.767,-0.80078125,0,0.80078125,
0.7675,-1.0009765625,0.240234375,0.6806640625,
0.768,-1.0810546875,0.3603515625,0.6005859375,
0.7685,-1.12109375,0.5205078125,0.48046875,
0.769,-1.12109375,0.6005859375,0.3203125,
0.7695,-1.041015625,0.6806640625,0.1201171875,
0.77,-1.0009765625,0.80078125,0,
0.7705,-0.880859375,0.880859375,-0.3203125,
0.771,-0.80078125,0.9208984375,-0.48046875,
0.7715,-0.640625,0.9208984375,-0.640625,
0.772,-0.560546875,0.880859375,-0.80078125,
0.7725,-0.3603515625,0.7607421875,-0.9208984375,
0.773,-0.240234375,0.720703125,-1.0009765625,
0.7735,0.0400390625,0.6005859375,-1.1611328125,
0.774,0.16015625,0.560546875,-1.201171875,
0.7745,0.3603515625,0.400390625,-1.28125,
0.775,0.48046875,0.3203125,-1.3212890625,
0.7755,0.640625,0.1201171875,-1.3212890625,
0.776,0.7607421875,0,-1.28125,
0.7765,0.9208984375,-0.3203125,-1.2412109375,
0.777,0.9609375,-0.5205078125,-1.1611328125,
0.7775,1.0009765625,-0.6806640625,-1.0009765625,
0.778,1.041015625,-0.720703125,-0.8408203125,
0.7785,0.9609375,-0.80078125,-0.640625,
0.779,0.9208984375,-0.880859375,-0.5205078125,
0.7795,0.80078125,-0.9609375,-0.3203125,
0.78,0.7607421875,-1.0009765625,-0.16015625,
0.7805,0.6005859375,-1.0009765625,0.1201171875,
0.781,0.48046875,-1.0009765625,0.240234375,
0.7815,0.3203125,-0.880859375,0.3603515625,
0.782,0.2001953125,-0.80078125,0.4404296875,
0.7825,0,-0.6806640625,0.560546875,
0.783,-0.2001953125,-0.6005859375,0.640625,
0.7835,-0.3603515625,-0.5205078125,0.720703125,
0.784,-0.48046875,-0.400390625,0.7607421875,
0.7845,-0.640625,-0.2802734375,0.7607421875,
0.785,-0.80078125,-0.16015625,0.7607421875,
0.7855,-0.9208984375,0.1201171875,0.640625,
0.786,-1.0009765625,0.3203125,0.6005859375,
0.7865,-1.041015625,0.48046875,0.4404296875,
0.787,-1.041015625,0.6005859375,0.3203125,
0.7875,-1.0009765625,0.6806640625,0.16015625,
0.788,-0.9609375,0.720703125,0,
0.7885,-0.8408203125,0.80078125,-0.2802734375,
0.789,-0.80078125,0.8408203125,-0.3603515625,
0.7895,-0.6806640625,0.880859375,-0.6005859375,
0.79,-0.6005859375,0.8408203125,-0.6806640625,
0.7905,-0.400390625,0.80078125,-0.8408203125,
0.791,-0.2802734375,0.6806640625,-0.9208984375,
0.7915,0,0.6005859375,-1.041015625,
0.792,0.1201171875,0.5205078125,-1.12109375,
0.7925,0.2802734375,0.400390625,-1.2412109375,
0.793,0.400390625,0.2802734375,-1.28125,
0.7935,0.560546875,0.1201171875,-1.3212890625,
0.794,0.6806640625,0.0400390625,-1.28125,
0.7945,0.8408203125,-0.2001953125,-1.2412109375,
0.795,0.9208984375,-0.3603515625,-1.1611328125,
0.7955,1.0009765625,-0.560546875,-1.0009765625,
0.796,0.9609375,-0.640625,-0.9208984375,
0.7965,0.9609375,-0.7607421875,-0.720703125,
0.797,0.9208984375,-0.80078125,-0.560546875,
0.7975,0.8408203125,-0.880859375,-0.3603515625,
0.798,0.7607421875,-0.9208984375,-0.2001953125,
0.7985,0.640625,-1.0009765625,0,
0.799,0.560546875,-0.9609375,0.1201171875,
0.7995,0.400390625,-0.9208984375,0.2802734375,
0.8,0.240234375,-0.80078125,0.400390625,
0.8005,0.0400390625,-0.7607421875,0.48046875,
0.801,-0.16015625,-0.640625,0.560546875,
0.8015,-0.3203125,-0.6005859375,0.640625,
0.802,-0.400390625,-0.4404296875,0.720703125,
0.8025,-0.560546875,-0.3203125,0.7607421875,
0.803,-0.6806640625,-0.16015625,0.720703125,
0.8035,-0.80078125,0.0400390625,0.6806640625,
0.804,-0.9208984375,0.240234375,0.6005859375,
0.8045,-1.0009765625,0.400390625,0.48046875,
0.805,-1.0009765625,0.5205078125,0.3603515625,
0.8055,-1.0009765625,0.6005859375,0.240234375,
0.806,-0.9208984375,0.6806640625,0.080078125,
0.8065,-0.880859375,0.720703125,-0.16015625,
0.807,-0.80078125,0.7607421875,-0.3203125,
0.8075,-0.6806640625,0.8408203125,-0.48046875,
0.808,-0.6005859375,0.80078125,-0.640625,
0.8085,-0.5205078125,0.7607421875,-0.720703125,
0.809,-0.3203125,0.640625,-0.880859375,
0.8095,-0.2001953125,0.6005859375,-0.9609375,
0.81,0.0400390625,0.560546875,-1.041015625,
0.8105,0.16015625,0.48046875,-1.12109375,
0.811,0.3203125,0.3603515625,-1.201171875,
0.8115,0.4404296875,0.2802734375,-1.2412109375,
0.812,0.6005859375,0.1201171875,-1.2412109375,
0.8125,0.6806640625,0,-1.201171875,
0.813,0.80078125,-0.2802734375,-1.1611328125,
0.8135,0.9208984375,-0.400390625,-1.041015625,
0.814,0.9609375,-0.6005859375,-0.9208984375,
0.8145,0.9609375,-0.640625,-0.80078125,
0.815,0.9208984375,-0.7607421875,-0.640625,
0.8155,0.8408203125,-0.80078125,-0.5205078125,
0.816,0.7607421875,-0.8408203125,-0.2802734375,
0.8165,0.6806640625,-0.9208984375,-0.16015625,
0.817,0.6005859375,-0.9609375,0.0400390625,
0.8175,0.48046875,-0.9208984375,0.1201171875,
0.818,0.3203125,-0.80078125,0.2802734375,
0.8185,0.2001953125,-0.720703125,0.3603515625,
0.819,0,-0.640625,0.48046875,
0.8195,-0.16015625,-0.560546875,0.560546875,
0.82,-0.3203125,-0.5205078125,0.640625,
0.8205,-0.400390625,-0.400390625,0.6806640625,
0.821,-0.6005859375,-0.2802734375,0.6806640625,
0.8215,-0.6806640625,-0.16015625,0.6806640625,
0.822,-0.80078125,0.1201171875,0.6005859375,
0.8225,-0.9208984375,0.240234375,0.560546875,
0.823,-1.0009765625,0.4404296875,0.4404296875,
0.8235,-1.0009765625,0.48046875,0.3203125,
0.824,-1.0009765625,0.640625,0.16015625,
0.8245,-0.9208984375,0.6005859375,0.0400390625,
0.825,-0.80078125,0.6806640625,-0.2001953125,
0.8255,-0.720703125,0.6806640625,-0.3603515625,
0.826,-0.640625,0.80078125,-0.5205078125,
0.8265,-0.560546875,0.7607421875,-0.640625,
0.827,-0.4404296875,0.7607421875,-0.7607421875,
0.8275,-0.2802734375,0.640625,-0.8408203125,
0.828,-0.16015625,0.6005859375,-0.9609375,
0.8285,0.0400390625,0.48046875,-1.041015625,
0.829,0.2001953125,0.4404296875,-1.12109375,
0.8295,0.3203125,0.3203125,-1.1611328125,
0.83,0.4404296875,0.240234375,-1.201171875,
0.8305,0.6005859375,0.080078125,-1.1611328125,
0.831,0.6806640625,-0.1201171875,-1.1611328125,
0.8315,0.80078125,-0.2802734375,-1.0810546875,
0.832,0.9208984375,-0.400390625,-1.0009765625,
0.8325,0.9208984375,-0.6005859375,-0.880859375,
0.833,0.9609375,-0.6806640625,-0.7607421875,
0.8335,0.8408203125,-0.80078125,-0.640625,
0.834,0.80078125,-0.80078125,-0.48046875,
0.8345,0.6806640625,-0.80078125,-0.2802734375,
0.835,0.6005859375,-0.8408203125,-0.16015625,
0.8355,0.560546875,-0.8408203125,0.0400390625,
0.836,0.4404296875,-0.80078125,0.1201171875,
0.8365,0.2802734375,-0.80078125,0.2802734375,
0.837,0.16015625,-0.6806640625,0.3203125,
0.8375,0,-0.640625,0.4404296875,
0.838,-0.16015625,-0.5205078125,0.5205078125,
0.8385,-0.3203125,-0.4404296875,0.6005859375,
0.839,-0.400390625,-0.400390625,0.640625,
0.8395,-0.560546875,-0.240234375,0.640625,
0.84,-0.640625,-0.1201171875,0.6005859375,
0.8405,-0.80078125,0.1201171875,0.6005859375,
0.841,-0.8408203125,0.2001953125,0.5205078125,
0.8415,-0.9609375,0.3603515625,0.3603515625,
0.842,-0.9208984375,0.48046875,0.2802734375,
0.8425,-0.9208984375,0.6005859375,0.16015625,
0.843,-0.8408203125,0.6005859375,0.0400390625,
0.8435,-0.80078125,0.6806640625,-0.2001953125,
0.844,-0.720703125,0.720703125,-0.3203125,
0.8445,-0.640625,0.7607421875,-0.5205078125,
0.845,-0.5205078125,0.720703125,-0.640625,
0.8455,-0.400390625,0.720703125,-0.720703125,
0.846,-0.3203125,0.6005859375,-0.80078125,
0.8465,-0.16015625,0.560546875,-0.9208984375,
0.847,0.0400390625,0.48046875,-1.0009765625,
0.8475,0.2001953125,0.4404296875,-1.0810546875,
0.848,0.2802734375,0.3203125,-1.12109375,
0.8485,0.4404296875,0.2001953125,-1.1611328125,
0.849,0.560546875,0.0400390625,-1.1611328125,
0.8495,0.640625,-0.16015625,-1.1611328125,
0.85,0.7607421875,-0.2802734375,-1.041015625,
0.8505,0.8408203125,-0.400390625,-1.0009765625,
0.851,0.880859375,-0.5205078125,-0.8408203125,
0.8515,0.880859375,-0.640625,-0.720703125,
0.852,0.80078125,-0.6806640625,-0.6005859375,
0.8525,0.7607421875,-0.7607421875,-0.48046875,
0.853,0.6806640625,-0.80078125,-0.3203125,
0.8535,0.6005859375,-0.8408203125,-0.16015625,
0.854,0.5205078125,-0.8408203125,0.0400390625,
0.8545,0.4404296875,-0.80078125,0.1201171875,
0.855,0.2802734375,-0.720703125,0.2802734375,
0.8555,0.16015625,-0.6806640625,0.2802734375,
0.856,0,-0.6005859375,0.4404296875,
0.8565,-0.16015625,-0.560546875,0.48046875,
0.857,-0.3203125,-0.48046875,0.6005859375,
0.8575,-0.400390625,-0.400390625,0.6005859375,
0.858,-0.5205078125,-0.240234375,0.6005859375,
0.8585,-0.640625,-0.1201171875,0.6005859375,
0.859,-0.720703125,0.1201171875,0.560546875,
0.8595,-0.80078125,0.240234375,0.48046875,
0.86,-0.9208984375,0.400390625,0.3603515625,
0.8605,-0.880859375,0.48046875,0.2802734375,
0.861,-0.880859375,0.6005859375,0.1201171875,
0.8615,-0.80078125,0.6005859375,0,
0.862,-0.720703125,0.640625,-0.2001953125,
0.8625,-0.640625,0.640625,-0.3203125,
0.863,-0.6005859375,0.720703125,-0.5205078125,
0.8635,-0.5205078125,0.6806640625,-0.6005859375,
0.864,-0.400390625,0.6806640625,-0.6806640625,
0.8645,-0.2802734375,0.560546875,-0.7607421875,
0.865,-0.16015625,0.48046875,-0.8408203125,
0.8655,0.0400390625,0.400390625,-1.0009765625,
0.866,0.16015625,0.4404296875,-1.0009765625,
0.8665,0.2802734375,0.2802734375,-1.0810546875,
0.867,0.3603515625,0.240234375,-1.12109375,
0.8675,0.48046875,0.1201171875,-1.12109375,
0.868,0.6005859375,0,-1.0810546875,
0.8685,0.6806640625,-0.2802734375,-1.0009765625,
0.869,0.7607421875,-0.3603515625,-1.0009765625,
0.8695,0.8408203125,-0.5205078125,-0.8408203125,
0.87,0.8408203125,-0.6005859375,-0.80078125,
0.8705,0.80078125,-0.640625,-0.640625,
0.871,0.7607421875,-0.6806640625,-0.5205078125,
0.8715,0.6806640625,-0.7607421875,-0.3203125,
0.872,0.6005859375,-0.80078125,-0.2001953125,
0.8725,0.5205078125,-0.8408203125,0,
0.873,0.4404296875,-0.8408203125,0.1201171875,
0.8735,0.2802734375,-0.80078125,0.240234375,
0.874,0.2001953125,-0.640625,0.2802734375,
0.8745,0,-0.640625,0.400390625,
0.875,-0.16015625,-0.5205078125,0.4404296875,
0.8755,-0.2802734375,-0.48046875,0.560546875,
0.876,-0.3603515625,-0.3603515625,0.560546875,
0.8765,-0.5205078125,-0.2802734375,0.6005859375,
0.877,-0.6005859375,-0.16015625,0.560546875,
0.8775,-0.6806640625,0.0400390625,0.560546875,
0.878,-0.80078125,0.240234375,0.48046875,
0.8785,-0.8408203125,0.3203125,0.3603515625,
0.879,-0.8408203125,0.4404296875,0.2802734375,
0.8795,-0.8408203125,0.5205078125,0.16015625,
0.88,-0.80078125,0.560546875,0,
0.8805,-0.720703125,0.560546875,-0.16015625,
0.881,-0.640625,0.6005859375,-0.3203125,
0.8815,-0.640625,0.6005859375,-0.48046875,
0.882,-0.5205078125,0.6806640625,-0.560546875,
0.8825,-0.4404296875,0.640625,-0.640625,
0.883,-0.3203125,0.6005859375,-0.720703125,
0.8835,-0.2001953125,0.560546875,-0.80078125,
0.884,0,0.48046875,-0.9208984375,
0.8845,0.1201171875,0.400390625,-0.9609375,
0.885,0.2802734375,0.3203125,-1.0009765625,
0.8855,0.3203125,0.2802734375,-1.041015625,
0.886,0.4404296875,0.1201171875,-1.0810546875,
0.8865,0.560546875,0.0400390625,-1.041015625,
0.887,0.640625,-0.2001953125,-1.0009765625,
0.8875,0.720703125,-0.3203125,-1.0009765625,
0.888,0.80078125,-0.48046875,-0.8408203125,
0.8885,0.80078125,-0.560546875,-0.80078125,
0.889,0.7607421875,-0.640625,-0.640625,
0.8895,0.6806640625,-0.6806640625,-0.560546875,
0.89,0.640625,-0.720703125,-0.3603515625,
0.8905,0.6005859375,-0.720703125,-0.2802734375,
0.891,0.560546875,-0.80078125,-0.1201171875,
0.8915,0.4404296875,-0.7607421875,0.0400390625,
0.892,0.3603515625,-0.720703125,0.16015625,
0.8925,0.240234375,-0.640625,0.240234375,
0.893,0.1201171875,-0.6005859375,0.2802734375,
0.8935,0,-0.5205078125,0.3603515625,
0.894,-0.2001953125,-0.5205078125,0.48046875,
0.8945,-0.3203125,-0.400390625,0.48046875,
0.895,-0.400390625,-0.3203125,0.560546875,
0.8955,-0.5205078125,-0.2001953125,0.560546875,
0.896,-0.6005859375,0,0.5205078125,
0.8965,-0.720703125,0.080078125,0.48046875,
0.897,-0.80078125,0.2001953125,0.400390625,
0.8975,-0.8408203125,0.3203125,0.2802734375,
0.898,-0.8408203125,0.48046875,0.240234375,
0.8985,-0.80078125,0.560546875,0.080078125,
0.899,-0.720703125,0.560546875,0,
0.8995,-0.640625,0.6005859375,-0.2802734375,
0.9,-0.6005859375,0.6005859375,-0.3603515625,
0.9005,-0.5205078125,0.640625,-0.5205078125,
0.901,-0.48046875,0.6005859375,-0.6005859375,
0.9015,-0.3603515625,0.6005859375,-0.6806640625,
0.902,-0.240234375,0.560546875,-0.7607421875,
0.9025,0,0.48046875,-0.8408203125,
0.903,0.0400390625,0.400390625,-0.9208984375,
0.9035,0.2001953125,0.3203125,-1.0009765625,
0.904,0.2802734375,0.2802734375,-1.0009765625,
0.9045,0.3603515625,0.16015625,-1.041015625,
0.905,0.48046875,0,-1.041015625,
0.9055,0.6005859375,-0.16015625,-1.0009765625,
0.906,0.640625,-0.2802734375,-0.9609375,
0.9065,0.720703125,-0.3603515625,-0.880859375,
0.907,0.7607421875,-0.48046875,-0.80078125,
0.9075,0.7607421875,-0.560546875,-0.6806640625,
0.908,0.6806640625,-0.640625,-0.560546875,
0.9085,0.6806640625,-0.640625,-0.48046875,
0.909,0.6005859375,-0.6806640625,-0.3203125,
0.9095,0.560546875,-0.720703125,-0.2001953125,
0.91,0.48046875,-0.720703125,0,
0.9105,0.400390625,-0.720703125,0.0400390625,
0.911,0.2802734375,-0.6806640625,0.2001953125,
0.9115,0.16015625,-0.6005859375,0.240234375,
0.912,0.0400390625,-0.560546875,0.3203125,
0.9125,-0.1201171875,-0.5205078125,0.3603515625,
0.913,-0.2802734375,-0.48046875,0.4404296875,
0.9135,-0.3603515625,-0.400390625,0.48046875,
0.914,-0.400390625,-0.2802734375,0.5205078125,
0.9145,-0.5205078125,-0.16015625,0.48046875,
0.915,-0.640625,0.0400390625,0.48046875,
0.9155,-0.6806640625,0.16015625,0.4404296875,
0.916,-0.80078125,0.2802734375,0.3203125,
0.9165,-0.80078125,0.3603515625,0.240234375,
0.917,-0.80078125,0.48046875,0.16015625,
0.9175,-0.720703125,0.48046875,0,
0.918,-0.6806640625,0.560546875,-0.16015625,
0.9185,-0.640625,0.6005859375,-0.2802734375,
0.919,-0.560546875,0.6005859375,-0.400390625,
0.9195,-0.5205078125,0.6005859375,-0.5205078125,
0.92,-0.4404296875,0.6005859375,-0.6005859375,
0.9205,-0.3203125,0.5205078125,-0.6806640625,
0.921,-0.2001953125,0.48046875,-0.720703125,
0.9215,0,0.3603515625,-0.8408203125,
0.922,0.080078125,0.3603515625,-0.9208984375,
0.9225,0.240234375,0.2802734375,-0.9609375,
0.923,0.2802734375,0.240234375,-1.0009765625,
0.9235,0.400390625,0.1201171875,-1.0009765625,
0.924,0.48046875,0.0400390625,-1.0009765625,
0.9245,0.560546875,-0.16015625,-1.0009765625,
0.925,0.640625,-0.2802734375,-0.9208984375,
0.9255,0.720703125,-0.3603515625,-0.80078125,
0.926,0.720703125,-0.5205078125,-0.720703125,
0.9265,0.7607421875,-0.6005859375,-0.640625,
0.927,0.6806640625,-0.6005859375,-0.5205078125,
0.9275,0.6005859375,-0.640625,-0.400390625,
0.928,0.560546875,-0.640625,-0.2802734375,
0.9285,0.48046875,-0.720703125,-0.16015625,
0.929,0.4404296875,-0.720703125,0,
0.9295,0.3603515625,-0.720703125,0.0400390625,
0.93,0.240234375,-0.640625,0.2001953125,
0.9305,0.16015625,-0.6005859375,0.240234375,
0.931,0,-0.5205078125,0.3203125,
0.9315,-0.16015625,-0.48046875,0.3603515625,
0.932,-0.2802734375,-0.3603515625,0.48046875,
0.9325,-0.3203125,-0.3203125,0.48046875,
0.933,-0.48046875,-0.2001953125,0.48046875,
0.9335,-0.5205078125,-0.16015625,0.4404296875,
0.934,-0.640625,0.080078125,0.4404296875,
0.9345,-0.640625,0.16015625,0.3603515625,
0.935,-0.7607421875,0.3203125,0.2802734375,
0.9355,-0.720703125,0.3603515625,0.240234375,
0.936,-0.80078125,0.48046875,0.1201171875,
0.9365,-0.6806640625,0.4404296875,0,
0.937,-0.640625,0.48046875,-0.2001953125,
0.9375,-0.6005859375,0.5205078125,-0.3203125,
0.938,-0.5205078125,0.6005859375,-0.400390625,
0.9385,-0.48046875,0.6005859375,-0.5205078125,
0.939,-0.400390625,0.6005859375,-0.6005859375,
0.9395,-0.2802734375,0.5205078125,-0.6806640625,
0.94,-0.16015625,0.48046875,-0.720703125,
0.9405,0,0.400390625,-0.80078125,
0.941,0.080078125,0.3203125,-0.880859375,
0.9415,0.240234375,0.2802734375,-0.9609375,
0.942,0.2802734375,0.240234375,-1.0009765625,
0.9425,0.400390625,0.1201171875,-1.0009765625,
0.943,0.4404296875,0,-0.9609375,
0.9435,0.560546875,-0.16015625,-0.9208984375,
0.944,0.6005859375,-0.2802734375,-0.880859375,
0.9445,0.6806640625,-0.5205078125,-0.80078125,
0.945,0.6806640625,-0.5205078125,-0.720703125,
0.9455,0.6806640625,-0.6005859375,-0.640625,
0.946,0.640625,-0.6005859375,-0.5205078125,
0.9465,0.6005859375,-0.640625,-0.400390625,
0.947,0.5205078125,-0.640625,-0.3203125,
0.9475,0.48046875,-0.640625,-0.2001953125,
0.948,0.400390625,-0.640625,0,
0.9485,0.3203125,-0.640625,0.080078125,
0.949,0.240234375,-0.6005859375,0.16015625,
0.9495,0.1201171875,-0.560546875,0.240234375,
0.95,0,-0.48046875,0.2802734375,
0.9505,-0.16015625,-0.4404296875,0.3603515625,
0.951,-0.2802734375,-0.3603515625,0.4404296875,
0.9515,-0.3203125,-0.3203125,0.4404296875,
0.952,-0.400390625,-0.2001953125,0.4404296875,
0.9525,-0.5205078125,-0.16015625,0.4404296875,
0.953,-0.640625,0,0.3603515625,
0.9535,-0.6806640625,0.1201171875,0.3203125,
0.954,-0.720703125,0.2802734375,0.2802734375,
0.9545,-0.720703125,0.3603515625,0.2001953125,
0.955,-0.720703125,0.4404296875,0.080078125,
0.9555,-0.640625,0.48046875,0,
0.956,-0.640625,0.5205078125,-0.2001953125,
0.9565,-0.560546875,0.560546875,-0.3203125,
0.957,-0.5205078125,0.560546875,-0.4404296875,
0.9575,-0.4404296875,0.560546875,-0.5205078125,
0.958,-0.3603515625,0.560546875,-0.640625,
0.9585,-0.2802734375,0.48046875,-0.640625,
0.959,-0.16015625,0.4404296875,-0.6806640625,
0.9595,0,0.3603515625,-0.80078125,
0.96,0.1201171875,0.3203125,-0.8408203125,
0.9605,0.240234375,0.240234375,-0.9208984375,
0.961,0.2802734375,0.16015625,-0.9609375,
0.9615,0.3603515625,0.0400390625,-1.0009765625,
0.962,0.4404296875,0,-0.9208984375,
0.9625,0.560546875,-0.2001953125,-0.880859375,
0.963,0.6005859375,-0.2802734375,-0.8408203125,
0.9635,0.640625,-0.3603515625,-0.80078125,
0.964,0.640625,-0.4404296875,-0.6806640625,
0.9645,0.640625,-0.5205078125,-0.640625,
0.965,0.6005859375,-0.560546875,-0.5205078125,
0.9655,0.6005859375,-0.6005859375,-0.3603515625,
0.966,0.48046875,-0.6005859375,-0.2802734375,
0.9665,0.4404296875,-0.640625,-0.16015625,
0.967,0.3603515625,-0.640625,0,
0.9675,0.3203125,-0.640625,0.0400390625,
0.968,0.240234375,-0.6005859375,0.1201171875,
0.9685,0.1201171875,-0.6005859375,0.16015625,
0.969,0,-0.5205078125,0.2802734375,
0.9695,-0.16015625,-0.48046875,0.2802734375,
0.97,-0.2802734375,-0.3603515625,0.3603515625,
0.9705,-0.3203125,-0.3203125,0.400390625,
0.971,-0.400390625,-0.2001953125,0.4404296875,
0.9715,-0.48046875,-0.16015625,0.3603515625,
0.972,-0.560546875,0.0400390625,0.3603515625,
0.9725,-0.6005859375,0.16015625,0.3203125,
0.973,-0.6806640625,0.2802734375,0.2802734375,
0.9735,-0.6806640625,0.3203125,0.16015625,
0.974,-0.6806640625,0.400390625,0.1201171875,
0.9745,-0.640625,0.4404296875,0,
0.975,-0.640625,0.48046875,-0.16015625,
0.9755,-0.560546875,0.5205078125,-0.3203125,
0.976,-0.5205078125,0.560546875,-0.3603515625,
0.9765,-0.4404296875,0.5205078125,-0.5205078125,
0.977,-0.400390625,0.48046875,-0.6005859375,
0.9775,-0.2802734375,0.4404296875,-0.640625,
0.978,-0.2001953125,0.4404296875,-0.6806640625,
0.9785,0,0.3603515625,-0.80078125,
0.979,0.080078125,0.3203125,-0.80078125,
0.9795,0.2001953125,0.2802734375,-0.9208984375,
0.98,0.240234375,0.2001953125,-0.9208984375,
0.9805,0.3203125,0.1201171875,-0.9609375,
0.981,0.400390625,0.0400390625,-0.9208984375,
0.9815,0.48046875,-0.16015625,-0.880859375,
0.982,0.560546875,-0.240234375,-0.80078125,
0.9825,0.6005859375,-0.3203125,-0.7607421875,
0.983,0.6005859375,-0.400390625,-0.6806640625,
0.9835,0.640625,-0.48046875,-0.640625,
0.984,0.6005859375,-0.5205078125,-0.5205078125,
0.9845,0.560546875,-0.6005859375,-0.400390625,
0.985,0.48046875,-0.640625,-0.2802734375,
0.9855,0.4404296875,-0.640625,-0.2001953125,
0.986,0.400390625,-0.640625,0,
0.9865,0.3203125,-0.640625,0,
0.987,0.240234375,-0.6005859375,0.1201171875,
0.9875,0.16015625,-0.5205078125,0.16015625,
0.988,0,-0.48046875,0.240234375,
0.9885,0,-0.400390625,0.2802734375,
0.989,-0.2001953125,-0.3603515625,0.3203125,
0.9895,-0.2802734375,-0.3203125,0.3603515625,
0.99,-0.3603515625,-0.2001953125,0.400390625,
0.9905,-0.4404296875,-0.16015625,0.3603515625,
0.991,-0.5205078125,0,0.3603515625,
0.9915,-0.6005859375,0.1201171875,0.2802734375,
0.992,-0.640625,0.240234375,0.240234375,
0.9925,-0.640625,0.2802734375,0.16015625,
0.993,-0.640625,0.2802734375,0.1201171875,
0.9935,-0.640625,0.3603515625,0,
0.994,-0.6005859375,0.4404296875,-0.16015625,
0.9945,-0.5205078125,0.48046875,-0.2802734375,
0.995,-0.48046875,0.48046875,-0.3203125,
0.9955,-0.400390625,0.48046875,-0.48046875,
0.996,-0.3603515625,0.48046875,-0.5205078125,
0.9965,-0.3203125,0.48046875,-0.640625,
0.997,-0.2001953125,0.4404296875,-0.640625,
0.9975,0,0.3603515625,-0.720703125,
0.998,0.0400390625,0.3203125,-0.7607421875,
0.9985,0.1201171875,0.2802734375,-0.80078125,
0.999,0.240234375,0.240234375,-0.880859375,
0.9995,0.2802734375,0.16015625,-0.880859375,