Date,2020-11-04 02:18:58
Filename,STFCB-20201012-0105-0137_20201104_021804_002.dat
Data Label,축정렬불량
Label No,03
Motor Spec,L-DSF-01,1730,2.2,8.6,
Period,1SEC
Sample Rate,2000
RMS,2.33969,2.14958,2.57761,
Data Length,2000,
0,-2.962890625,1.921875,1.28125,
0.0005,-3.203125,2.5625,0.7607421875,
0.001,-3.203125,2.8427734375,0.400390625,
0.0015,-2.8427734375,2.6826171875,0,
0.002,-2.2421875,2.5625,-0.6806640625,
0.0025,-1.5615234375,2.5625,-1.521484375,
0.003,-1.041015625,2.72265625,-2.322265625,
0.0035,-0.640625,2.8427734375,-2.962890625,
0.004,-0.2802734375,2.6826171875,-3.2431640625,
0.0045,0.2802734375,2.08203125,-3.283203125,
0.005,0.9609375,1.4013671875,-3.36328125,
0.0055,1.76171875,0.80078125,-3.603515625,
0.006,2.482421875,0.3203125,-3.8837890625,
0.0065,2.802734375,0.080078125,-3.9638671875,
0.007,2.8427734375,-0.3603515625,-3.6435546875,
0.0075,2.802734375,-0.8408203125,-3.0830078125,
0.008,2.802734375,-1.4814453125,-2.40234375,
0.0085,3.0029296875,-2.08203125,-1.8818359375,
0.009,3.1630859375,-2.6025390625,-1.4013671875,
0.0095,3.1630859375,-2.8427734375,-1.041015625,
0.01,2.72265625,-2.72265625,-0.560546875,
0.0105,2.2021484375,-2.6826171875,0.16015625,
0.011,1.5615234375,-2.72265625,0.9609375,
0.0115,1.12109375,-2.9228515625,1.76171875,
0.012,0.7607421875,-3.04296875,2.40234375,
0.0125,0.3203125,-2.7626953125,2.6025390625,
0.013,-0.2802734375,-2.2021484375,2.72265625,
0.0135,-1.0810546875,-1.4814453125,2.8828125,
0.014,-1.8818359375,-0.9609375,3.1630859375,
0.0145,-2.5625,-0.5205078125,3.4833984375,
0.015,-2.8828125,-0.2001953125,3.4833984375,
0.0155,-2.8427734375,0.2802734375,3.0029296875,
0.016,-2.8427734375,0.7607421875,2.482421875,
0.0165,-2.9228515625,1.521484375,1.7216796875,
0.017,-3.203125,2.2421875,1.2412109375,
0.0175,-3.36328125,2.6826171875,0.7607421875,
0.018,-3.1630859375,2.802734375,0.3603515625,
0.0185,-2.6025390625,2.6826171875,-0.3203125,
0.019,-1.9619140625,2.6826171875,-1.12109375,
0.0195,-1.3212890625,2.802734375,-1.9619140625,
0.02,-0.9208984375,3.0029296875,-2.802734375,
0.0205,-0.5205078125,2.8828125,-3.203125,
0.021,0.0400390625,2.40234375,-3.3232421875,
0.0215,0.7607421875,1.7216796875,-3.4033203125,
0.022,1.6416015625,0.9609375,-3.603515625,
0.0225,2.3623046875,0.48046875,-3.84375,
0.023,2.8828125,0.080078125,-4.0439453125,
0.0235,3.0029296875,-0.3203125,-3.8037109375,
0.024,2.802734375,-0.80078125,-3.123046875,
0.0245,2.802734375,-1.4013671875,-2.482421875,
0.025,2.9228515625,-2.08203125,-1.8017578125,
0.0255,3.1630859375,-2.6025390625,-1.3212890625,
0.026,3.123046875,-2.8427734375,-0.9609375,
0.0265,2.802734375,-2.7626953125,-0.5205078125,
0.027,2.2021484375,-2.642578125,0.1201171875,
0.0275,1.521484375,-2.642578125,0.9609375,
0.028,1.0009765625,-2.802734375,1.76171875,
0.0285,0.640625,-2.962890625,2.4423828125,
0.029,0.2802734375,-2.7626953125,2.6826171875,
0.0295,-0.2802734375,-2.2021484375,2.72265625,
0.03,-1.0009765625,-1.6015625,2.8828125,
0.0305,-1.841796875,-0.9208984375,3.123046875,
0.031,-2.5224609375,-0.5205078125,3.36328125,
0.0315,-2.8828125,-0.16015625,3.4833984375,
0.032,-2.9228515625,0.240234375,3.1630859375,
0.0325,-2.8427734375,0.6806640625,2.5625,
0.033,-2.8828125,1.4013671875,1.921875,
0.0335,-3.0830078125,2.0419921875,1.3212890625,
0.034,-3.36328125,2.6025390625,0.880859375,
0.0345,-3.2431640625,2.802734375,0.48046875,
0.035,-2.802734375,2.6826171875,0,
0.0355,-2.2421875,2.6826171875,-0.80078125,
0.036,-1.521484375,2.72265625,-1.7216796875,
0.0365,-1.041015625,2.9228515625,-2.5224609375,
0.037,-0.640625,3.04296875,-3.1630859375,
0.0375,-0.240234375,2.6826171875,-3.36328125,
0.038,0.48046875,1.9619140625,-3.4033203125,
0.0385,1.3212890625,1.28125,-3.603515625,
0.039,2.2021484375,0.640625,-3.8837890625,
0.0395,2.8427734375,0.2001953125,-4.1640625,
0.04,3.04296875,-0.2001953125,-4.00390625,
0.0405,2.962890625,-0.640625,-3.6435546875,
0.041,2.9228515625,-1.2412109375,-2.7626953125,
0.0415,3.0029296875,-1.9619140625,-2.001953125,
0.042,3.203125,-2.6025390625,-1.4814453125,
0.0425,3.3232421875,-3.0029296875,-1.0009765625,
0.043,3.04296875,-2.962890625,-0.6005859375,
0.0435,2.3623046875,-2.7626953125,0.0400390625,
0.044,1.7216796875,-2.802734375,0.8408203125,
0.0445,1.041015625,-2.8828125,1.76171875,
0.045,0.6005859375,-3.04296875,2.482421875,
0.0455,0.2802734375,-2.8828125,2.8427734375,
0.046,-0.2802734375,-2.40234375,2.8828125,
0.0465,-1.0009765625,-1.6015625,2.9228515625,
0.047,-1.8017578125,-0.9208984375,3.123046875,
0.0475,-2.5224609375,-0.4404296875,3.3232421875,
0.048,-3.0029296875,0,3.5234375,
0.0485,-2.9228515625,0.3203125,3.203125,
0.049,-2.8427734375,0.720703125,2.5625,
0.0495,-2.8427734375,1.28125,1.9619140625,
0.05,-2.962890625,2.001953125,1.28125,
0.0505,-3.203125,2.5224609375,0.8408203125,
0.051,-3.203125,2.802734375,0.4404296875,
0.0515,-2.8828125,2.72265625,0,
0.052,-2.2421875,2.5625,-0.640625,
0.0525,-1.6416015625,2.6025390625,-1.4013671875,
0.053,-1.12109375,2.7626953125,-2.2822265625,
0.0535,-0.7607421875,2.9228515625,-2.9228515625,
0.054,-0.3603515625,2.6826171875,-3.203125,
0.0545,0.16015625,2.2021484375,-3.283203125,
0.055,0.880859375,1.5615234375,-3.4033203125,
0.0555,1.76171875,0.880859375,-3.68359375,
0.056,2.4423828125,0.4404296875,-3.923828125,
0.0565,2.8427734375,0,-4.1240234375,
0.057,2.8828125,-0.3603515625,-3.7236328125,
0.0575,2.802734375,-0.880859375,-3.0830078125,
0.058,2.8828125,-1.4814453125,-2.482421875,
0.0585,3.123046875,-2.2421875,-1.8017578125,
0.059,3.3232421875,-2.72265625,-1.4013671875,
0.0595,3.1630859375,-2.8828125,-1.0009765625,
0.06,2.7626953125,-2.8427734375,-0.48046875,
0.0605,2.08203125,-2.7626953125,0.3203125,
0.061,1.44140625,-2.8828125,1.2412109375,
0.0615,0.9609375,-3.04296875,2.0419921875,
0.062,0.6005859375,-3.0830078125,2.6025390625,
0.0625,0.1201171875,-2.72265625,2.802734375,
0.063,-0.560546875,-2.001953125,2.8427734375,
0.0635,-1.361328125,-1.361328125,3.04296875,
0.064,-2.2421875,-0.7607421875,3.3232421875,
0.0645,-2.8828125,-0.2802734375,3.6435546875,
0.065,-3.04296875,0.080078125,3.4033203125,
0.0655,-2.962890625,0.5205078125,2.9228515625,
0.066,-2.8427734375,1.12109375,2.162109375,
0.0665,-2.962890625,1.76171875,1.521484375,
0.067,-3.203125,2.4423828125,0.9609375,
0.0675,-3.3232421875,2.802734375,0.560546875,
0.068,-3.0029296875,2.802734375,0.1201171875,
0.0685,-2.4423828125,2.642578125,-0.5205078125,
0.069,-1.8017578125,2.642578125,-1.3212890625,
0.0695,-1.1611328125,2.7626953125,-2.2021484375,
0.07,-0.6806640625,2.8828125,-2.9228515625,
0.0705,-0.3603515625,2.8427734375,-3.283203125,
0.071,0.2001953125,2.322265625,-3.36328125,
0.0715,0.880859375,1.521484375,-3.4033203125,
0.072,1.681640625,0.880859375,-3.603515625,
0.0725,2.5625,0.3603515625,-4.00390625,
0.073,2.9228515625,0.0400390625,-4.0439453125,
0.0735,2.962890625,-0.3603515625,-3.763671875,
0.074,2.8427734375,-0.80078125,-3.203125,
0.0745,2.8427734375,-1.44140625,-2.5625,
0.075,3.0029296875,-2.1220703125,-1.841796875,
0.0755,3.203125,-2.6826171875,-1.361328125,
0.076,3.2431640625,-2.962890625,-1.0009765625,
0.0765,2.8427734375,-2.8828125,-0.5205078125,
0.077,2.2021484375,-2.72265625,0.2001953125,
0.0775,1.5615234375,-2.7626953125,1.0009765625,
0.078,1.041015625,-2.9228515625,1.8818359375,
0.0785,0.6005859375,-3.04296875,2.5224609375,
0.079,0.240234375,-2.802734375,2.802734375,
0.0795,-0.3603515625,-2.2822265625,2.8427734375,
0.08,-1.1611328125,-1.4814453125,2.962890625,
0.0805,-1.921875,-1.0009765625,3.0830078125,
0.081,-2.642578125,-0.3603515625,3.4833984375,
0.0815,-3.04296875,0,3.5634765625,
0.082,-3.0029296875,0.3603515625,3.123046875,
0.0825,-2.8828125,0.9208984375,2.482421875,
0.083,-2.962890625,1.5615234375,1.76171875,
0.0835,-3.203125,2.2822265625,1.1611328125,
0.084,-3.36328125,2.7626953125,0.6806640625,
0.0845,-3.2431640625,2.9228515625,0.2802734375,
0.085,-2.72265625,2.802734375,-0.3203125,
0.0855,-2.001953125,2.6826171875,-1.0810546875,
0.086,-1.361328125,2.802734375,-1.9619140625,
0.0865,-0.8408203125,3.0029296875,-2.802734375,
0.087,-0.48046875,3.0029296875,-3.36328125,
0.0875,0.080078125,2.5224609375,-3.4833984375,
0.088,0.7607421875,1.8017578125,-3.5634765625,
0.0885,1.5615234375,1.0009765625,-3.603515625,
0.089,2.4423828125,0.48046875,-3.923828125,
0.0895,3.04296875,0,-4.1240234375,
0.09,3.203125,-0.3603515625,-4.00390625,
0.0905,3.04296875,-0.80078125,-3.36328125,
0.091,2.9228515625,-1.4013671875,-2.5625,
0.0915,3.04296875,-2.1220703125,-1.841796875,
0.092,3.2431640625,-2.7626953125,-1.28125,
0.0925,3.2431640625,-3.0830078125,-0.8408203125,
0.093,2.9228515625,-2.962890625,-0.4404296875,
0.0935,2.2822265625,-2.8427734375,0.2001953125,
0.094,1.521484375,-2.7626953125,1.0810546875,
0.0945,0.9609375,-2.8828125,1.921875,
0.095,0.5205078125,-3.0029296875,2.6025390625,
0.0955,0.1201171875,-2.8828125,2.9228515625,
0.096,-0.400390625,-2.2822265625,2.9228515625,
0.0965,-1.12109375,-1.6015625,2.8828125,
0.097,-1.9619140625,-0.80078125,3.1630859375,
0.0975,-2.6025390625,-0.3203125,3.4033203125,
0.098,-3.04296875,0.080078125,3.4833984375,
0.0985,-3.0830078125,0.3603515625,3.203125,
0.099,-2.962890625,0.80078125,2.5625,
0.0995,-2.8828125,1.44140625,1.8818359375,
0.1,-3.0830078125,2.0419921875,1.28125,
0.1005,-3.283203125,2.642578125,0.7607421875,
0.101,-3.2431640625,2.8828125,0.400390625,
0.1015,-2.8427734375,2.7626953125,0,
0.102,-2.2822265625,2.642578125,-0.720703125,
0.1025,-1.5615234375,2.6826171875,-1.6015625,
0.103,-1.041015625,2.8427734375,-2.4423828125,
0.1035,-0.640625,2.9228515625,-3.0830078125,
0.104,-0.3203125,2.6826171875,-3.36328125,
0.1045,0.2802734375,2.1220703125,-3.36328125,
0.105,1.12109375,1.4013671875,-3.5234375,
0.1055,1.921875,0.7607421875,-3.763671875,
0.106,2.6826171875,0.2802734375,-4.083984375,
0.1065,3.0029296875,0,-4.083984375,
0.107,3.0029296875,-0.5205078125,-3.68359375,
0.1075,2.9228515625,-1.0009765625,-3.04296875,
0.108,2.962890625,-1.76171875,-2.2822265625,
0.1085,3.1630859375,-2.40234375,-1.681640625,
0.109,3.3232421875,-2.8828125,-1.2412109375,
0.1095,3.203125,-3.04296875,-0.80078125,
0.11,2.6025390625,-2.8828125,-0.240234375,
0.1105,1.9619140625,-2.8427734375,0.6005859375,
0.111,1.28125,-2.9228515625,1.521484375,
0.1115,0.80078125,-3.123046875,2.2822265625,
0.112,0.3603515625,-3.0830078125,2.802734375,
0.1125,0,-2.642578125,2.8427734375,
0.113,-0.80078125,-1.841796875,3.0029296875,
0.1135,-1.681640625,-1.12109375,3.123046875,
0.114,-2.40234375,-0.5205078125,3.36328125,
0.1145,-3.0029296875,-0.16015625,3.5634765625,
0.115,-3.1630859375,0.240234375,3.36328125,
0.1155,-2.962890625,0.640625,2.802734375,
0.116,-2.8828125,1.2412109375,2.08203125,
0.1165,-3.0029296875,1.9619140625,1.3212890625,
0.117,-3.203125,2.5224609375,0.880859375,
0.1175,-3.203125,2.8427734375,0.4404296875,
0.118,-2.962890625,2.8427734375,0,
0.1185,-2.322265625,2.642578125,-0.640625,
0.119,-1.6416015625,2.6025390625,-1.44140625,
0.1195,-1.041015625,2.6826171875,-2.2822265625,
0.12,-0.6806640625,2.8828125,-2.962890625,
0.1205,-0.3603515625,2.6826171875,-3.3232421875,
0.121,0.240234375,2.2421875,-3.36328125,
0.1215,0.9208984375,1.5615234375,-3.4833984375,
0.122,1.76171875,0.80078125,-3.68359375,
0.1225,2.482421875,0.3603515625,-3.923828125,
0.123,2.9228515625,0,-4.0439453125,
0.1235,3.0029296875,-0.3603515625,-3.8037109375,
0.124,2.8427734375,-0.8408203125,-3.123046875,
0.1245,2.8828125,-1.4814453125,-2.482421875,
0.125,3.04296875,-2.162109375,-1.841796875,
0.1255,3.283203125,-2.72265625,-1.361328125,
0.126,3.203125,-2.9228515625,-1.0009765625,
0.1265,2.8427734375,-2.8828125,-0.5205078125,
0.127,2.2421875,-2.7626953125,0.240234375,
0.1275,1.5615234375,-2.8427734375,1.12109375,
0.128,1.0009765625,-3.0029296875,1.921875,
0.1285,0.640625,-3.123046875,2.5625,
0.129,0.240234375,-2.8427734375,2.8427734375,
0.1295,-0.400390625,-2.2021484375,2.8427734375,
0.13,-1.2412109375,-1.4814453125,3.04296875,
0.1305,-2.1220703125,-0.80078125,3.3232421875,
0.131,-2.7626953125,-0.3603515625,3.5634765625,
0.1315,-3.0830078125,0.0400390625,3.5234375,
0.132,-3.0830078125,0.4404296875,3.1630859375,
0.1325,-2.9228515625,0.9609375,2.40234375,
0.133,-3.04296875,1.7216796875,1.681640625,
0.1335,-3.203125,2.40234375,1.0810546875,
0.134,-3.443359375,2.8828125,0.6005859375,
0.1345,-3.203125,2.9228515625,0.2001953125,
0.135,-2.642578125,2.7626953125,-0.400390625,
0.1355,-1.9619140625,2.6826171875,-1.2412109375,
0.136,-1.2412109375,2.802734375,-2.162109375,
0.1365,-0.7607421875,2.8828125,-2.962890625,
0.137,-0.3603515625,2.9228515625,-3.4033203125,
0.1375,0.16015625,2.482421875,-3.5634765625,
0.138,0.880859375,1.6416015625,-3.5234375,
0.1385,1.7216796875,0.9609375,-3.7236328125,
0.139,2.5224609375,0.3203125,-3.8837890625,
0.1395,3.04296875,0,-4.1240234375,
0.14,3.0830078125,-0.400390625,-3.84375,
0.1405,2.962890625,-0.80078125,-3.2431640625,
0.141,2.8828125,-1.44140625,-2.5625,
0.1415,2.962890625,-2.1220703125,-1.8017578125,
0.142,3.1630859375,-2.642578125,-1.3212890625,
0.1425,3.203125,-2.962890625,-0.9208984375,
0.143,2.8828125,-2.8828125,-0.5205078125,
0.1435,2.2421875,-2.72265625,0.16015625,
0.144,1.6015625,-2.7626953125,0.9208984375,
0.1445,0.9609375,-2.9228515625,1.76171875,
0.145,0.640625,-2.962890625,2.482421875,
0.1455,0.2802734375,-2.7626953125,2.7626953125,
0.146,-0.240234375,-2.322265625,2.8427734375,
0.1465,-0.9609375,-1.6015625,2.8828125,
0.147,-1.76171875,-1.0009765625,3.123046875,
0.1475,-2.4423828125,-0.48046875,3.3232421875,
0.148,-2.9228515625,-0.16015625,3.5234375,
0.1485,-2.9228515625,0.240234375,3.2431640625,
0.149,-2.8828125,0.6806640625,2.642578125,
0.1495,-2.9228515625,1.28125,2.0419921875,
0.15,-3.0830078125,2.001953125,1.361328125,
0.1505,-3.283203125,2.5625,0.9609375,
0.151,-3.283203125,2.802734375,0.48046875,
0.1515,-2.9228515625,2.72265625,0.0400390625,
0.152,-2.2822265625,2.6025390625,-0.640625,
0.1525,-1.6416015625,2.6826171875,-1.521484375,
0.153,-1.12109375,2.8828125,-2.3623046875,
0.1535,-0.720703125,3.04296875,-3.04296875,
0.154,-0.3203125,2.72265625,-3.2431640625,
0.1545,0.2802734375,2.162109375,-3.36328125,
0.155,1.12109375,1.4013671875,-3.5634765625,
0.1555,1.9619140625,0.80078125,-3.8037109375,
0.156,2.6826171875,0.3203125,-4.0439453125,
0.1565,3.0029296875,0,-4.0439453125,
0.157,2.962890625,-0.5205078125,-3.603515625,
0.1575,2.8427734375,-1.0810546875,-2.8828125,
0.158,3.0029296875,-1.76171875,-2.2421875,
0.1585,3.203125,-2.482421875,-1.6015625,
0.159,3.3232421875,-2.9228515625,-1.1611328125,
0.1595,3.0830078125,-3.04296875,-0.720703125,
0.16,2.5625,-2.8828125,-0.16015625,
0.1605,1.8017578125,-2.8828125,0.6806640625,
0.161,1.201171875,-2.8828125,1.5615234375,
0.1615,0.6806640625,-3.04296875,2.40234375,
0.162,0.3203125,-2.962890625,2.8427734375,
0.1625,-0.240234375,-2.4423828125,2.9228515625,
0.163,-0.9208984375,-1.681640625,2.9228515625,
0.1635,-1.76171875,-1.0009765625,3.0830078125,
0.164,-2.482421875,-0.48046875,3.3232421875,
0.1645,-2.962890625,0,3.4833984375,
0.165,-3.0830078125,0.2802734375,3.2431640625,
0.1655,-2.9228515625,0.6806640625,2.72265625,
0.166,-2.8427734375,1.28125,1.921875,
0.1665,-2.962890625,1.921875,1.361328125,
0.167,-3.203125,2.5224609375,0.80078125,
0.1675,-3.2431640625,2.802734375,0.48046875,
0.168,-2.8828125,2.6826171875,0,
0.1685,-2.322265625,2.5625,-0.640625,
0.169,-1.6416015625,2.6025390625,-1.44140625,
0.1695,-1.12109375,2.72265625,-2.2421875,
0.17,-0.6806640625,2.8427734375,-2.9228515625,
0.1705,-0.3603515625,2.7626953125,-3.2431640625,
0.171,0.2001953125,2.2421875,-3.36328125,
0.1715,0.880859375,1.521484375,-3.4033203125,
0.172,1.681640625,0.9208984375,-3.6435546875,
0.1725,2.4423828125,0.400390625,-3.923828125,
0.173,2.8427734375,0.080078125,-4.0439453125,
0.1735,2.8828125,-0.3203125,-3.7236328125,
0.174,2.8427734375,-0.80078125,-3.203125,
0.1745,2.8828125,-1.4814453125,-2.482421875,
0.175,3.04296875,-2.162109375,-1.8818359375,
0.1755,3.283203125,-2.72265625,-1.4013671875,
0.176,3.2431640625,-2.962890625,-1.0009765625,
0.1765,2.8427734375,-2.8828125,-0.5205078125,
0.177,2.2021484375,-2.7626953125,0.240234375,
0.1775,1.5615234375,-2.8828125,1.12109375,
0.178,1.041015625,-3.0830078125,1.9619140625,
0.1785,0.6005859375,-3.0830078125,2.6025390625,
0.179,0.2001953125,-2.7626953125,2.8427734375,
0.1795,-0.48046875,-2.162109375,2.8828125,
0.18,-1.3212890625,-1.361328125,3.04296875,
0.1805,-2.1220703125,-0.80078125,3.283203125,
0.181,-2.802734375,-0.3203125,3.5234375,
0.1815,-3.0830078125,0.0400390625,3.5234375,
0.182,-2.962890625,0.48046875,2.962890625,
0.1825,-2.8828125,1.0009765625,2.2822265625,
0.183,-2.962890625,1.76171875,1.5615234375,
0.1835,-3.1630859375,2.3623046875,1.0009765625,
0.184,-3.2431640625,2.72265625,0.560546875,
0.1845,-3.0830078125,2.7626953125,0.16015625,
0.185,-2.5224609375,2.6826171875,-0.4404296875,
0.1855,-1.8017578125,2.5625,-1.201171875,
0.186,-1.201171875,2.6826171875,-2.0419921875,
0.1865,-0.80078125,2.8427734375,-2.7626953125,
0.187,-0.400390625,2.802734375,-3.203125,
0.1875,0.080078125,2.2822265625,-3.283203125,
0.188,0.720703125,1.681640625,-3.36328125,
0.1885,1.5615234375,0.9609375,-3.5234375,
0.189,2.2421875,0.48046875,-3.763671875,
0.1895,2.72265625,0.1201171875,-3.923828125,
0.19,2.8828125,-0.240234375,-3.8037109375,
0.1905,2.7626953125,-0.640625,-3.203125,
0.191,2.72265625,-1.201171875,-2.6025390625,
0.1915,2.8427734375,-1.8818359375,-2.001953125,
0.192,3.123046875,-2.5224609375,-1.521484375,
0.1925,3.1630859375,-2.7626953125,-1.1611328125,
0.193,2.8427734375,-2.72265625,-0.6806640625,
0.1935,2.40234375,-2.642578125,-0.16015625,
0.194,1.76171875,-2.6826171875,0.6806640625,
0.1945,1.28125,-2.8427734375,1.4814453125,
0.195,0.8408203125,-2.962890625,2.2021484375,
0.1955,0.5205078125,-2.8828125,2.5224609375,
0.196,0,-2.3623046875,2.6025390625,
0.1965,-0.720703125,-1.76171875,2.802734375,
0.197,-1.5615234375,-1.12109375,3.04296875,
0.1975,-2.2822265625,-0.6806640625,3.3232421875,
0.198,-2.72265625,-0.3203125,3.4833984375,
0.1985,-2.8427734375,0.1201171875,3.203125,
0.199,-2.802734375,0.6005859375,2.6826171875,
0.1995,-2.8427734375,1.2412109375,2.0419921875,
0.2,-3.0830078125,1.921875,1.4814453125,
0.2005,-3.3232421875,2.482421875,0.9609375,
0.201,-3.283203125,2.72265625,0.560546875,
0.2015,-2.8427734375,2.6826171875,0.080078125,
0.202,-2.2822265625,2.642578125,-0.640625,
0.2025,-1.6015625,2.72265625,-1.6015625,
0.203,-1.1611328125,2.9228515625,-2.40234375,
0.2035,-0.720703125,3.0029296875,-3.0029296875,
0.204,-0.3203125,2.72265625,-3.2431640625,
0.2045,0.4404296875,2.0419921875,-3.36328125,
0.205,1.2412109375,1.3212890625,-3.5234375,
0.2055,2.0419921875,0.6806640625,-3.763671875,
0.206,2.72265625,0.2802734375,-4.0439453125,
0.2065,2.9228515625,-0.1201171875,-3.923828125,
0.207,2.8427734375,-0.5205078125,-3.443359375,
0.2075,2.802734375,-1.12109375,-2.802734375,
0.208,2.8427734375,-1.841796875,-2.0419921875,
0.2085,3.04296875,-2.4423828125,-1.6015625,
0.209,3.1630859375,-2.802734375,-1.12109375,
0.2095,3.0029296875,-2.8828125,-0.6806640625,
0.21,2.40234375,-2.642578125,-0.16015625,
0.2105,1.76171875,-2.642578125,0.6005859375,
0.211,1.1611328125,-2.7626953125,1.521484375,
0.2115,0.80078125,-2.9228515625,2.2021484375,
0.212,0.400390625,-2.8427734375,2.5625,
0.2125,0,-2.4423828125,2.6826171875,
0.213,-0.6806640625,-1.8017578125,2.7626953125,
0.2135,-1.4814453125,-1.0810546875,2.9228515625,
0.214,-2.2021484375,-0.640625,3.203125,
0.2145,-2.72265625,-0.2802734375,3.4033203125,
0.215,-2.8828125,0.080078125,3.2431640625,
0.2155,-2.7626953125,0.48046875,2.72265625,
0.216,-2.8427734375,1.0009765625,2.162109375,
0.2165,-2.9228515625,1.7216796875,1.521484375,
0.217,-3.203125,2.322265625,1.0810546875,
0.2175,-3.2431640625,2.642578125,0.6806640625,
0.218,-3.0029296875,2.6826171875,0.240234375,
0.2185,-2.4423828125,2.5625,-0.48046875,
0.219,-1.8017578125,2.6025390625,-1.2412109375,
0.2195,-1.28125,2.802734375,-2.08203125,
0.22,-0.9208984375,3.0029296875,-2.802734375,
0.2205,-0.5205078125,2.8427734375,-3.1630859375,
0.221,0.080078125,2.2822265625,-3.203125,
0.2215,0.80078125,1.681640625,-3.4033203125,
0.222,1.7216796875,0.9609375,-3.68359375,
0.2225,2.4423828125,0.5205078125,-4.00390625,
0.223,2.8427734375,0.1201171875,-4.0439453125,
0.2235,2.9228515625,-0.3203125,-3.763671875,
0.224,2.8427734375,-0.9208984375,-3.0830078125,
0.2245,2.8828125,-1.6015625,-2.4423828125,
0.225,3.123046875,-2.2822265625,-1.8017578125,
0.2255,3.3232421875,-2.802734375,-1.3212890625,
0.226,3.1630859375,-2.9228515625,-0.880859375,
0.2265,2.72265625,-2.8427734375,-0.3603515625,
0.227,2.0419921875,-2.7626953125,0.4404296875,
0.2275,1.361328125,-2.8828125,1.3212890625,
0.228,0.880859375,-3.0029296875,2.162109375,
0.2285,0.48046875,-3.04296875,2.6826171875,
0.229,0.0400390625,-2.6025390625,2.8427734375,
0.2295,-0.640625,-1.921875,2.8427734375,
0.23,-1.44140625,-1.2412109375,3.04296875,
0.2305,-2.322265625,-0.6005859375,3.2431640625,
0.231,-2.8828125,-0.2001953125,3.4833984375,
0.2315,-3.04296875,0.16015625,3.283203125,
0.232,-2.8828125,0.48046875,2.8427734375,
0.2325,-2.8427734375,1.041015625,2.08203125,
0.233,-2.8828125,1.7216796875,1.44140625,
0.2335,-3.0830078125,2.322265625,0.9609375,
0.234,-3.203125,2.6826171875,0.560546875,
0.2345,-2.962890625,2.6826171875,0.16015625,
0.235,-2.40234375,2.5625,-0.400390625,
0.2355,-1.8818359375,2.5625,-1.12109375,
0.236,-1.2412109375,2.6826171875,-2.001953125,
0.2365,-0.880859375,2.8427734375,-2.642578125,
0.237,-0.5205078125,2.7626953125,-3.0830078125,
0.2375,0,2.40234375,-3.2431640625,
0.238,0.6005859375,1.7216796875,-3.283203125,
0.2385,1.4013671875,1.12109375,-3.5234375,
0.239,2.162109375,0.6005859375,-3.8037109375,
0.2395,2.6826171875,0.240234375,-4.00390625,
0.24,2.802734375,-0.2001953125,-3.84375,
0.2405,2.72265625,-0.640625,-3.3232421875,
0.241,2.8427734375,-1.201171875,-2.72265625,
0.2415,2.9228515625,-1.921875,-2.08203125,
0.242,3.203125,-2.4423828125,-1.6416015625,
0.2425,3.2431640625,-2.802734375,-1.201171875,
0.243,2.962890625,-2.8427734375,-0.720703125,
0.2435,2.40234375,-2.72265625,0,
0.244,1.841796875,-2.8427734375,0.720703125,
0.2445,1.28125,-2.962890625,1.6015625,
0.245,0.880859375,-3.123046875,2.322265625,
0.2455,0.4404296875,-2.8828125,2.6025390625,
0.246,-0.16015625,-2.40234375,2.72265625,
0.2465,-0.9609375,-1.681640625,2.9228515625,
0.247,-1.8017578125,-1.041015625,3.1630859375,
0.2475,-2.5224609375,-0.6005859375,3.443359375,
0.248,-2.9228515625,-0.240234375,3.5634765625,
0.2485,-2.962890625,0.2001953125,3.1630859375,
0.249,-2.8427734375,0.7607421875,2.5224609375,
0.2495,-2.9228515625,1.44140625,1.8818359375,
0.25,-3.1630859375,2.162109375,1.2412109375,
0.2505,-3.283203125,2.642578125,0.7607421875,
0.251,-3.203125,2.802734375,0.3203125,
0.2515,-2.72265625,2.6826171875,-0.2001953125,
0.252,-2.001953125,2.6025390625,-0.9609375,
0.2525,-1.4013671875,2.6826171875,-1.8017578125,
0.253,-0.9208984375,2.8427734375,-2.6025390625,
0.2535,-0.560546875,2.9228515625,-3.1630859375,
0.254,0,2.482421875,-3.283203125,
0.2545,0.6005859375,1.841796875,-3.283203125,
0.255,1.3212890625,1.1611328125,-3.5234375,
0.2555,2.162109375,0.5205078125,-3.763671875,
0.256,2.72265625,0.16015625,-3.9638671875,
0.2565,2.8828125,-0.2802734375,-3.84375,
0.257,2.8427734375,-0.6005859375,-3.4033203125,
0.2575,2.72265625,-1.1611328125,-2.642578125,
0.258,2.8828125,-1.8017578125,-2.08203125,
0.2585,3.123046875,-2.4423828125,-1.4814453125,
0.259,3.2431640625,-2.802734375,-1.1611328125,
0.2595,2.9228515625,-2.8427734375,-0.6806640625,
0.26,2.4423828125,-2.72265625,-0.16015625,
0.2605,1.841796875,-2.72265625,0.640625,
0.261,1.2412109375,-2.802734375,1.521484375,
0.2615,0.80078125,-2.962890625,2.2421875,
0.262,0.48046875,-2.9228515625,2.642578125,
0.2625,0,-2.482421875,2.7626953125,
0.263,-0.720703125,-1.76171875,2.8427734375,
0.2635,-1.5615234375,-1.201171875,3.04296875,
0.264,-2.322265625,-0.640625,3.3232421875,
0.2645,-2.8427734375,-0.3203125,3.5234375,
0.265,-2.9228515625,0.16015625,3.2431640625,
0.2655,-2.8828125,0.6005859375,2.7626953125,
0.266,-2.8828125,1.2412109375,2.0419921875,
0.2665,-3.0830078125,1.921875,1.44140625,
0.267,-3.283203125,2.5224609375,0.9208984375,
0.2675,-3.36328125,2.8427734375,0.560546875,
0.268,-2.9228515625,2.802734375,0.0400390625,
0.2685,-2.322265625,2.6826171875,-0.640625,
0.269,-1.6416015625,2.7626953125,-1.5615234375,
0.2695,-1.12109375,2.9228515625,-2.4423828125,
0.27,-0.640625,3.04296875,-3.123046875,
0.2705,-0.240234375,2.802734375,-3.4033203125,
0.271,0.400390625,2.162109375,-3.5234375,
0.2715,1.28125,1.3212890625,-3.603515625,
0.272,2.08203125,0.640625,-3.8837890625,
0.2725,2.8427734375,0.16015625,-4.1240234375,
0.273,3.1630859375,-0.2001953125,-4.1240234375,
0.2735,3.123046875,-0.640625,-3.603515625,
0.274,2.962890625,-1.1611328125,-2.8828125,
0.2745,3.04296875,-1.9619140625,-2.08203125,
0.275,3.203125,-2.5625,-1.4814453125,
0.2755,3.283203125,-3.0029296875,-1.0009765625,
0.276,3.123046875,-3.0830078125,-0.6005859375,
0.2765,2.5224609375,-2.9228515625,0,
0.277,1.76171875,-2.72265625,0.7607421875,
0.2775,1.12109375,-2.8427734375,1.6416015625,
0.278,0.6005859375,-2.962890625,2.4423828125,
0.2785,0.240234375,-2.8828125,2.8828125,
0.279,-0.2802734375,-2.4423828125,2.962890625,
0.2795,-0.880859375,-1.8017578125,2.962890625,
0.28,-1.76171875,-1.0009765625,3.0830078125,
0.2805,-2.4423828125,-0.5205078125,3.2431640625,
0.281,-2.962890625,0,3.443359375,
0.2815,-3.123046875,0.2802734375,3.3232421875,
0.282,-2.962890625,0.6806640625,2.7626953125,
0.2825,-2.8427734375,1.201171875,2.08203125,
0.283,-2.9228515625,1.841796875,1.44140625,
0.2835,-3.1630859375,2.4423828125,0.9208984375,
0.284,-3.2431640625,2.7626953125,0.5205078125,
0.2845,-2.962890625,2.802734375,0.1201171875,
0.285,-2.482421875,2.6826171875,-0.48046875,
0.2855,-1.8017578125,2.6025390625,-1.2412109375,
0.286,-1.28125,2.72265625,-2.0419921875,
0.2865,-0.80078125,2.8828125,-2.8427734375,
0.287,-0.5205078125,2.8427734375,-3.203125,
0.2875,0.080078125,2.2822265625,-3.3232421875,
0.288,0.6806640625,1.681640625,-3.4033203125,
0.2885,1.5615234375,0.9609375,-3.68359375,
0.289,2.322265625,0.560546875,-3.923828125,
0.2895,2.8427734375,0.16015625,-4.1240234375,
0.29,2.962890625,-0.2802734375,-3.8837890625,
0.2905,2.8828125,-0.7607421875,-3.283203125,
0.291,2.8828125,-1.361328125,-2.6025390625,
0.2915,3.0830078125,-2.08203125,-1.9619140625,
0.292,3.3232421875,-2.72265625,-1.44140625,
0.2925,3.3232421875,-2.962890625,-1.041015625,
0.293,2.8828125,-2.8828125,-0.5205078125,
0.2935,2.2822265625,-2.8427734375,0.2001953125,
0.294,1.5615234375,-2.8828125,1.12109375,
0.2945,1.041015625,-3.04296875,1.9619140625,
0.295,0.6005859375,-3.123046875,2.642578125,
0.2955,0.16015625,-2.8828125,2.9228515625,
0.296,-0.5205078125,-2.2021484375,2.9228515625,
0.2965,-1.3212890625,-1.44140625,3.04296875,
0.297,-2.2021484375,-0.6806640625,3.3232421875,
0.2975,-2.8828125,-0.3203125,3.5234375,
0.298,-3.123046875,0.1201171875,3.4833984375,
0.2985,-3.04296875,0.5205078125,3.0029296875,
0.299,-2.9228515625,1.041015625,2.322265625,
0.2995,-2.962890625,1.76171875,1.521484375,
0.3,-3.1630859375,2.322265625,1.0009765625,
0.3005,-3.283203125,2.802734375,0.5205078125,
0.301,-3.123046875,2.8427734375,0.16015625,
0.3015,-2.5224609375,2.6826171875,-0.4404296875,
0.302,-1.8818359375,2.5625,-1.1611328125,
0.3025,-1.1611328125,2.642578125,-2.0419921875,
0.303,-0.80078125,2.8427734375,-2.72265625,
0.3035,-0.3603515625,2.7626953125,-3.203125,
0.304,0.0400390625,2.40234375,-3.36328125,
0.3045,0.6806640625,1.681640625,-3.4033203125,
0.305,1.4814453125,1.0009765625,-3.5634765625,
0.3055,2.2421875,0.48046875,-3.8037109375,
0.306,2.8427734375,0.1201171875,-4.0439453125,
0.3065,2.962890625,-0.240234375,-3.8837890625,
0.307,2.8427734375,-0.640625,-3.36328125,
0.3075,2.8427734375,-1.1611328125,-2.7626953125,
0.308,2.9228515625,-1.9619140625,-2.001953125,
0.3085,3.1630859375,-2.482421875,-1.6015625,
0.309,3.2431640625,-2.8828125,-1.12109375,
0.3095,3.04296875,-2.9228515625,-0.720703125,
0.31,2.482421875,-2.7626953125,-0.1201171875,
0.3105,1.841796875,-2.7626953125,0.6806640625,
0.311,1.28125,-2.9228515625,1.5615234375,
0.3115,0.8408203125,-3.1630859375,2.3623046875,
0.312,0.4404296875,-3.0029296875,2.6826171875,
0.3125,-0.1201171875,-2.5625,2.802734375,
0.313,-0.80078125,-1.8017578125,2.9228515625,
0.3135,-1.76171875,-1.041015625,3.1630859375,
0.314,-2.4423828125,-0.6005859375,3.443359375,
0.3145,-2.962890625,-0.16015625,3.5634765625,
0.315,-3.0830078125,0.240234375,3.3232421875,
0.3155,-2.9228515625,0.7607421875,2.6826171875,
0.316,-2.962890625,1.361328125,2.001953125,
0.3165,-3.203125,2.162109375,1.3212890625,
0.317,-3.4033203125,2.6826171875,0.880859375,
0.3175,-3.283203125,2.8828125,0.400390625,
0.318,-2.8828125,2.8427734375,-0.16015625,
0.3185,-2.2021484375,2.72265625,-0.880859375,
0.319,-1.4814453125,2.7626953125,-1.76171875,
0.3195,-0.9609375,2.8427734375,-2.6025390625,
0.32,-0.560546875,3.0029296875,-3.203125,
0.3205,-0.16015625,2.6025390625,-3.4833984375,
0.321,0.560546875,1.9619140625,-3.443359375,
0.3215,1.3212890625,1.28125,-3.603515625,
0.322,2.2421875,0.560546875,-3.84375,
0.3225,2.8427734375,0.1201171875,-4.00390625,
0.323,3.04296875,-0.2802734375,-3.923828125,
0.3235,3.0029296875,-0.6005859375,-3.5634765625,
0.324,2.8427734375,-1.1611328125,-2.7626953125,
0.3245,2.8828125,-1.8017578125,-2.08203125,
0.325,3.0830078125,-2.4423828125,-1.4814453125,
0.3255,3.203125,-2.8828125,-1.0810546875,
0.326,3.0029296875,-2.9228515625,-0.6806640625,
0.3265,2.482421875,-2.72265625,-0.16015625,
0.327,1.8818359375,-2.72265625,0.6005859375,
0.3275,1.201171875,-2.7626953125,1.44140625,
0.328,0.80078125,-2.9228515625,2.162109375,
0.3285,0.4404296875,-2.962890625,2.642578125,
0.329,0.0400390625,-2.5625,2.802734375,
0.3295,-0.640625,-1.841796875,2.802734375,
0.33,-1.361328125,-1.2412109375,3.0029296875,
0.3305,-2.2021484375,-0.640625,3.203125,
0.331,-2.72265625,-0.3203125,3.4833984375,
0.3315,-2.8828125,0.080078125,3.3232421875,
0.332,-2.8828125,0.48046875,2.8828125,
0.3325,-2.8828125,1.0009765625,2.322265625,
0.333,-2.9228515625,1.7216796875,1.6015625,
0.3335,-3.203125,2.2822265625,1.12109375,
0.334,-3.36328125,2.72265625,0.6806640625,
0.3345,-3.123046875,2.7626953125,0.2802734375,
0.335,-2.5224609375,2.642578125,-0.3603515625,
0.3355,-1.9619140625,2.6826171875,-1.12109375,
0.336,-1.3212890625,2.802734375,-2.0419921875,
0.3365,-0.9609375,2.962890625,-2.7626953125,
0.337,-0.5205078125,2.8427734375,-3.203125,
0.3375,0,2.4423828125,-3.3232421875,
0.338,0.7607421875,1.7216796875,-3.443359375,
0.3385,1.6015625,1.0009765625,-3.68359375,
0.339,2.40234375,0.48046875,-4.00390625,
0.3395,2.8828125,0.16015625,-4.1240234375,
0.34,2.9228515625,-0.2802734375,-3.84375,
0.3405,2.8427734375,-0.80078125,-3.203125,
0.341,2.9228515625,-1.44140625,-2.5224609375,
0.3415,3.123046875,-2.2822265625,-1.8017578125,
0.342,3.3232421875,-2.7626953125,-1.3212890625,
0.3425,3.2431640625,-2.962890625,-0.880859375,
0.343,2.8427734375,-2.9228515625,-0.400390625,
0.3435,2.0419921875,-2.802734375,0.3603515625,
0.344,1.44140625,-2.8828125,1.2412109375,
0.3445,0.880859375,-3.0830078125,2.1220703125,
0.345,0.48046875,-3.0830078125,2.6826171875,
0.3455,0.0400390625,-2.642578125,2.8427734375,
0.346,-0.6005859375,-2.001953125,2.8828125,
0.3465,-1.4013671875,-1.2412109375,3.04296875,
0.347,-2.2021484375,-0.640625,3.203125,
0.3475,-2.802734375,-0.240234375,3.443359375,
0.348,-3.04296875,0.16015625,3.36328125,
0.3485,-2.9228515625,0.48046875,2.9228515625,
0.349,-2.802734375,1.0009765625,2.2421875,
0.3495,-2.8828125,1.6015625,1.5615234375,
0.35,-3.0830078125,2.2822265625,1.0009765625,
0.3505,-3.203125,2.6826171875,0.640625,
0.351,-3.04296875,2.72265625,0.240234375,
0.3515,-2.6025390625,2.5625,-0.3203125,
0.352,-1.9619140625,2.5224609375,-1.041015625,
0.3525,-1.361328125,2.6025390625,-1.8818359375,
0.353,-0.880859375,2.802734375,-2.6025390625,
0.3535,-0.6005859375,2.8427734375,-3.0830078125,
0.354,-0.16015625,2.482421875,-3.203125,
0.3545,0.5205078125,1.841796875,-3.2431640625,
0.355,1.28125,1.201171875,-3.5234375,
0.3555,2.08203125,0.6005859375,-3.8037109375,
0.356,2.642578125,0.2802734375,-4.0439453125,
0.3565,2.8427734375,-0.16015625,-3.8837890625,
0.357,2.8427734375,-0.5205078125,-3.4833984375,
0.3575,2.802734375,-1.1611328125,-2.7626953125,
0.358,2.962890625,-1.8017578125,-2.2021484375,
0.3585,3.203125,-2.482421875,-1.6416015625,
0.359,3.3232421875,-2.8427734375,-1.2412109375,
0.3595,3.04296875,-2.8828125,-0.7607421875,
0.36,2.482421875,-2.8427734375,-0.16015625,
0.3605,1.841796875,-2.8828125,0.720703125,
0.361,1.2412109375,-2.962890625,1.6015625,
0.3615,0.80078125,-3.123046875,2.40234375,
0.362,0.4404296875,-3.0029296875,2.72265625,
0.3625,-0.2001953125,-2.4423828125,2.8427734375,
0.363,-1.0009765625,-1.6416015625,2.9228515625,
0.3635,-1.8017578125,-1.0009765625,3.1630859375,
0.364,-2.6025390625,-0.5205078125,3.4833984375,
0.3645,-3.0029296875,-0.16015625,3.5234375,
0.365,-3.0029296875,0.2802734375,3.1630859375,
0.3655,-2.8828125,0.7607421875,2.5625,
0.366,-2.9228515625,1.4814453125,1.8017578125,
0.3665,-3.0830078125,2.1220703125,1.201171875,
0.367,-3.2431640625,2.6826171875,0.6806640625,
0.3675,-3.203125,2.8427734375,0.3203125,
0.368,-2.72265625,2.642578125,-0.240234375,
0.3685,-2.0419921875,2.5224609375,-0.9208984375,
0.369,-1.361328125,2.6025390625,-1.76171875,
0.3695,-0.9208984375,2.802734375,-2.5625,
0.37,-0.5205078125,2.8427734375,-3.0830078125,
0.3705,-0.1201171875,2.5224609375,-3.283203125,
0.371,0.48046875,1.921875,-3.283203125,
0.3715,1.28125,1.1611328125,-3.4033203125,
0.372,1.9619140625,0.640625,-3.6435546875,
0.3725,2.6025390625,0.240234375,-3.8837890625,
0.373,2.8427734375,-0.1201171875,-3.8837890625,
0.3735,2.802734375,-0.48046875,-3.443359375,
0.374,2.6826171875,-1.0009765625,-2.8427734375,
0.3745,2.802734375,-1.6015625,-2.2421875,
0.375,3.04296875,-2.2822265625,-1.6416015625,
0.3755,3.1630859375,-2.72265625,-1.3212890625,
0.376,3.04296875,-2.8427734375,-0.8408203125,
0.3765,2.5625,-2.7626953125,-0.400390625,
0.377,1.9619140625,-2.642578125,0.3603515625,
0.3775,1.44140625,-2.7626953125,1.1611328125,
0.378,1.0009765625,-2.962890625,1.9619140625,
0.3785,0.640625,-2.962890625,2.4423828125,
0.379,0.2001953125,-2.5625,2.6025390625,
0.3795,-0.400390625,-2.0419921875,2.6826171875,
0.38,-1.28125,-1.3212890625,2.9228515625,
0.3805,-2.001953125,-0.8408203125,3.203125,
0.381,-2.5625,-0.4404296875,3.443359375,
0.3815,-2.8427734375,0,3.36328125,
0.382,-2.802734375,0.3603515625,2.8828125,
0.3825,-2.802734375,0.9609375,2.2421875,
0.383,-2.962890625,1.6416015625,1.681640625,
0.3835,-3.2431640625,2.2822265625,1.1611328125,
0.384,-3.3232421875,2.6025390625,0.80078125,
0.3845,-3.04296875,2.642578125,0.2802734375,
0.385,-2.5224609375,2.6025390625,-0.3603515625,
0.3855,-1.841796875,2.6826171875,-1.2412109375,
0.386,-1.3212890625,2.8427734375,-2.0419921875,
0.3865,-0.880859375,3.0029296875,-2.802734375,
0.387,-0.5205078125,2.8427734375,-3.1630859375,
0.3875,0.1201171875,2.2822265625,-3.2431640625,
0.388,0.8408203125,1.6015625,-3.4033203125,
0.3885,1.76171875,0.9208984375,-3.6435546875,
0.389,2.482421875,0.48046875,-3.9638671875,
0.3895,2.8427734375,0.1201171875,-4.00390625,
0.39,2.8828125,-0.3203125,-3.68359375,
0.3905,2.802734375,-0.80078125,-3.0830078125,
0.391,2.8427734375,-1.4814453125,-2.322265625,
0.3915,3.0029296875,-2.2021484375,-1.76171875,
0.392,3.203125,-2.7626953125,-1.28125,
0.3925,3.123046875,-2.8828125,-0.9208984375,
0.393,2.5625,-2.72265625,-0.3603515625,
0.3935,2.0419921875,-2.642578125,0.2802734375,
0.394,1.361328125,-2.72265625,1.201171875,
0.3945,0.9208984375,-2.8828125,1.921875,
0.395,0.560546875,-2.8828125,2.482421875,
0.3955,0.16015625,-2.6025390625,2.6826171875,
0.396,-0.48046875,-2.001953125,2.72265625,
0.3965,-1.2412109375,-1.3212890625,2.8427734375,
0.397,-1.9619140625,-0.7607421875,3.0830078125,
0.3975,-2.6025390625,-0.3603515625,3.36328125,
0.398,-2.8427734375,0,3.3232421875,
0.3985,-2.802734375,0.3603515625,2.9228515625,
0.399,-2.7626953125,0.8408203125,2.3623046875,
0.3995,-2.8828125,1.521484375,1.681640625,
0.4,-3.0830078125,2.08203125,1.201171875,
0.4005,-3.2431640625,2.5224609375,0.7607421875,
0.401,-3.1630859375,2.6826171875,0.3603515625,
0.4015,-2.6025390625,2.6025390625,-0.2001953125,
0.402,-2.0419921875,2.5625,-0.9208984375,
0.4025,-1.44140625,2.72265625,-1.8017578125,
0.403,-1.0009765625,2.9228515625,-2.6025390625,
0.4035,-0.640625,2.8828125,-3.0830078125,
0.404,-0.16015625,2.5224609375,-3.2431640625,
0.4045,0.560546875,1.921875,-3.36328125,
0.405,1.4013671875,1.1611328125,-3.5634765625,
0.4055,2.2021484375,0.640625,-3.8837890625,
0.406,2.802734375,0.240234375,-4.083984375,
0.4065,2.9228515625,-0.16015625,-3.923828125,
0.407,2.8427734375,-0.640625,-3.3232421875,
0.4075,2.8427734375,-1.3212890625,-2.6826171875,
0.408,3.04296875,-2.08203125,-1.9619140625,
0.4085,3.283203125,-2.72265625,-1.4814453125,
0.409,3.283203125,-2.9228515625,-1.0009765625,
0.4095,2.9228515625,-2.9228515625,-0.6005859375,
0.41,2.2421875,-2.7626953125,0.16015625,
0.4105,1.5615234375,-2.8427734375,1.041015625,
0.411,1.0009765625,-2.9228515625,1.921875,
0.4115,0.6005859375,-3.0830078125,2.5625,
0.412,0.240234375,-2.802734375,2.8427734375,
0.4125,-0.400390625,-2.2021484375,2.8427734375,
0.413,-1.1611328125,-1.4814453125,2.962890625,
0.4135,-2.0419921875,-0.720703125,3.1630859375,
0.414,-2.6025390625,-0.3603515625,3.4033203125,
0.4145,-2.962890625,0.080078125,3.4033203125,
0.415,-2.962890625,0.3603515625,3.04296875,
0.4155,-2.802734375,0.80078125,2.3623046875,
0.416,-2.8427734375,1.44140625,1.7216796875,
0.4165,-3.04296875,2.08203125,1.12109375,
0.417,-3.203125,2.6025390625,0.6806640625,
0.4175,-3.123046875,2.72265625,0.3203125,
0.418,-2.642578125,2.6025390625,-0.2001953125,
0.4185,-2.08203125,2.5224609375,-0.80078125,
0.419,-1.44140625,2.5625,-1.6416015625,
0.4195,-1.0009765625,2.72265625,-2.40234375,
0.42,-0.640625,2.8427734375,-3.0029296875,
0.4205,-0.2802734375,2.5625,-3.203125,
0.421,0.3203125,1.921875,-3.203125,
0.4215,1.0810546875,1.361328125,-3.4033203125,
0.422,1.921875,0.720703125,-3.68359375,
0.4225,2.5224609375,0.3603515625,-4.00390625,
0.423,2.802734375,0.0400390625,-3.923828125,
0.4235,2.802734375,-0.48046875,-3.5634765625,
0.424,2.802734375,-1.0009765625,-2.962890625,
0.4245,2.8427734375,-1.6416015625,-2.322265625,
0.425,3.1630859375,-2.2822265625,-1.8017578125,
0.4255,3.3232421875,-2.7626953125,-1.3212890625,
0.426,3.1630859375,-2.8427734375,-0.9609375,
0.4265,2.5625,-2.72265625,-0.3603515625,
0.427,2.0419921875,-2.7626953125,0.400390625,
0.4275,1.4013671875,-2.8828125,1.3212890625,
0.428,0.9609375,-3.0830078125,2.08203125,
0.4285,0.6005859375,-3.04296875,2.5625,
0.429,0.1201171875,-2.6025390625,2.72265625,
0.4295,-0.640625,-1.921875,2.8427734375,
0.43,-1.4814453125,-1.2412109375,3.0830078125,
0.4305,-2.322265625,-0.640625,3.3232421875,
0.431,-2.8828125,-0.3203125,3.5634765625,
0.4315,-2.9228515625,0.080078125,3.3232421875,
0.432,-2.8828125,0.560546875,2.72265625,
0.4325,-2.8828125,1.12109375,2.08203125,
0.433,-3.04296875,1.921875,1.4013671875,
0.4335,-3.2431640625,2.482421875,0.9208984375,
0.434,-3.2431640625,2.802734375,0.48046875,
0.4345,-2.9228515625,2.72265625,0.080078125,
0.435,-2.2421875,2.5625,-0.640625,
0.4355,-1.6416015625,2.642578125,-1.44140625,
0.436,-1.041015625,2.802734375,-2.322265625,
0.4365,-0.6806640625,2.9228515625,-3.0029296875,
0.437,-0.2802734375,2.6826171875,-3.2431640625,
0.4375,0.2802734375,2.1220703125,-3.283203125,
0.438,1.0810546875,1.4013671875,-3.4033203125,
0.4385,1.921875,0.7607421875,-3.68359375,
0.439,2.5625,0.3203125,-3.923828125,
0.4395,2.9228515625,-0.1201171875,-4.00390625,
0.44,2.8828125,-0.48046875,-3.6435546875,
0.4405,2.7626953125,-1.0009765625,-2.962890625,
0.441,2.8427734375,-1.5615234375,-2.322265625,
0.4415,3.04296875,-2.2822265625,-1.681640625,
0.442,3.2431640625,-2.72265625,-1.28125,
0.4425,3.123046875,-2.8828125,-0.8408203125,
0.443,2.6826171875,-2.802734375,-0.3603515625,
0.4435,2.0419921875,-2.72265625,0.3603515625,
0.444,1.4013671875,-2.7626953125,1.201171875,
0.4445,0.9609375,-2.9228515625,2.001953125,
0.445,0.6005859375,-3.0830078125,2.6025390625,
0.4455,0.16015625,-2.6826171875,2.7626953125,
0.446,-0.5205078125,-2.0419921875,2.802734375,
0.4465,-1.28125,-1.361328125,3.0029296875,
0.447,-2.162109375,-0.720703125,3.2431640625,
0.4475,-2.72265625,-0.400390625,3.5234375,
0.448,-2.962890625,0.0400390625,3.443359375,
0.4485,-2.9228515625,0.3603515625,3.0029296875,
0.449,-2.8427734375,1.0009765625,2.2822265625,
0.4495,-2.962890625,1.6416015625,1.6416015625,
0.45,-3.203125,2.40234375,1.0810546875,
0.4505,-3.36328125,2.802734375,0.6806640625,
0.451,-3.0830078125,2.802734375,0.2802734375,
0.4515,-2.5625,2.6826171875,-0.400390625,
0.452,-1.8818359375,2.6826171875,-1.2412109375,
0.4525,-1.28125,2.8427734375,-2.1220703125,
0.453,-0.80078125,3.0029296875,-2.8828125,
0.4535,-0.4404296875,2.9228515625,-3.36328125,
0.454,0.1201171875,2.40234375,-3.443359375,
0.4545,0.880859375,1.6416015625,-3.4833984375,
0.455,1.76171875,0.9609375,-3.7236328125,
0.4555,2.5625,0.3603515625,-4.00390625,
0.456,3.04296875,0,-4.1640625,
0.4565,3.0830078125,-0.48046875,-3.84375,
0.457,3.0029296875,-0.8408203125,-3.203125,
0.4575,2.9228515625,-1.5615234375,-2.4423828125,
0.458,3.123046875,-2.2822265625,-1.76171875,
0.4585,3.283203125,-2.8828125,-1.2412109375,
0.459,3.283203125,-3.0830078125,-0.80078125,
0.4595,2.802734375,-2.9228515625,-0.3203125,
0.46,2.0419921875,-2.7626953125,0.4404296875,
0.4605,1.4013671875,-2.8427734375,1.28125,
0.461,0.80078125,-2.962890625,2.2021484375,
0.4615,0.3603515625,-2.962890625,2.7626953125,
0.462,0,-2.72265625,3.0029296875,
0.4625,-0.6005859375,-2.0419921875,3.0029296875,
0.463,-1.4013671875,-1.28125,3.04296875,
0.4635,-2.2021484375,-0.640625,3.203125,
0.464,-2.8828125,-0.2001953125,3.443359375,
0.4645,-3.203125,0.1201171875,3.4833984375,
0.465,-3.0830078125,0.560546875,3.0029296875,
0.4655,-2.8828125,1.0009765625,2.3623046875,
0.466,-2.9228515625,1.681640625,1.6015625,
0.4665,-3.123046875,2.322265625,1.0810546875,
0.467,-3.2431640625,2.7626953125,0.6005859375,
0.4675,-3.1630859375,2.8828125,0.240234375,
0.468,-2.6826171875,2.6826171875,-0.3203125,
0.4685,-1.9619140625,2.5625,-1.0009765625,
0.469,-1.361328125,2.6826171875,-1.841796875,
0.4695,-0.9208984375,2.8427734375,-2.642578125,
0.47,-0.5205078125,2.8828125,-3.203125,
0.4705,0,2.5224609375,-3.36328125,
0.471,0.5205078125,1.921875,-3.36328125,
0.4715,1.361328125,1.12109375,-3.5634765625,
0.472,2.162109375,0.6005859375,-3.84375,
0.4725,2.7626953125,0.1201171875,-4.1240234375,
0.473,3.04296875,-0.16015625,-4.0439453125,
0.4735,2.9228515625,-0.6005859375,-3.5634765625,
0.474,2.8828125,-1.2412109375,-2.8427734375,
0.4745,3.0029296875,-1.8818359375,-2.1220703125,
0.475,3.2431640625,-2.6025390625,-1.6015625,
0.4755,3.3232421875,-2.9228515625,-1.1611328125,
0.476,3.0830078125,-3.0029296875,-0.6806640625,
0.4765,2.5224609375,-2.8828125,-0.1201171875,
0.477,1.76171875,-2.8427734375,0.80078125,
0.4775,1.201171875,-2.962890625,1.681640625,
0.478,0.720703125,-3.1630859375,2.482421875,
0.4785,0.3203125,-3.04296875,2.8828125,
0.479,-0.2802734375,-2.4423828125,2.9228515625,
0.4795,-1.0009765625,-1.76171875,3.04296875,
0.48,-1.921875,-1.0009765625,3.203125,
0.4805,-2.642578125,-0.5205078125,3.4833984375,
0.481,-3.0830078125,0,3.5234375,
0.4815,-3.1630859375,0.3603515625,3.3232421875,
0.482,-2.962890625,0.8408203125,2.6025390625,
0.4825,-2.9228515625,1.4814453125,1.841796875,
0.483,-3.0830078125,2.162109375,1.2412109375,
0.4835,-3.283203125,2.72265625,0.6806640625,
0.484,-3.203125,2.8828125,0.3203125,
0.4845,-2.7626953125,2.7626953125,-0.2001953125,
0.485,-2.162109375,2.642578125,-0.8408203125,
0.4855,-1.44140625,2.642578125,-1.7216796875,
0.486,-0.9208984375,2.802734375,-2.5224609375,
0.4865,-0.5205078125,2.8427734375,-3.1630859375,
0.487,-0.16015625,2.642578125,-3.4033203125,
0.4875,0.4404296875,1.921875,-3.36328125,
0.488,1.201171875,1.28125,-3.5234375,
0.4885,2.001953125,0.6005859375,-3.7236328125,
0.489,2.6826171875,0.240234375,-4.00390625,
0.4895,3.0029296875,-0.16015625,-4.00390625,
0.49,2.962890625,-0.5205078125,-3.5634765625,
0.4905,2.8427734375,-1.0009765625,-2.962890625,
0.491,2.8427734375,-1.681640625,-2.2421875,
0.4915,3.123046875,-2.322265625,-1.681640625,
0.492,3.283203125,-2.8427734375,-1.201171875,
0.4925,3.1630859375,-2.962890625,-0.8408203125,
0.493,2.642578125,-2.8427734375,-0.3203125,
0.4935,2.0419921875,-2.7626953125,0.4404296875,
0.494,1.361328125,-2.8427734375,1.3212890625,
0.4945,0.9208984375,-3.0830078125,2.162109375,
0.495,0.5205078125,-3.04296875,2.6826171875,
0.4955,0.1201171875,-2.72265625,2.8828125,
0.496,-0.640625,-2.001953125,2.8828125,
0.4965,-1.44140625,-1.3212890625,3.04296875,
0.497,-2.2822265625,-0.6806640625,3.3232421875,
0.4975,-2.8828125,-0.2802734375,3.603515625,
0.498,-3.0830078125,0.1201171875,3.4833984375,
0.4985,-3.0029296875,0.6005859375,2.8828125,
0.499,-2.9228515625,1.12109375,2.2822265625,
0.4995,-3.0830078125,1.921875,1.521484375,
0.5,-3.283203125,2.5224609375,1.0009765625,
0.5005,-3.36328125,2.8828125,0.5205078125,
0.501,-3.123046875,2.9228515625,0.1201171875,
0.5015,-2.4423828125,2.72265625,-0.6005859375,
0.502,-1.76171875,2.72265625,-1.44140625,
0.5025,-1.12109375,2.8427734375,-2.322265625,
0.503,-0.6806640625,3.04296875,-3.0830078125,
0.5035,-0.3203125,2.8427734375,-3.4033203125,
0.504,0.2802734375,2.2421875,-3.4833984375,
0.5045,1.0009765625,1.4814453125,-3.5634765625,
0.505,1.921875,0.7607421875,-3.763671875,
0.5055,2.6826171875,0.2802734375,-4.00390625,
0.506,3.0830078125,-0.16015625,-4.1240234375,
0.5065,3.1630859375,-0.48046875,-3.8037109375,
0.507,2.8828125,-1.0009765625,-3.0830078125,
0.5075,2.8828125,-1.6015625,-2.40234375,
0.508,3.04296875,-2.322265625,-1.6416015625,
0.5085,3.283203125,-2.8828125,-1.201171875,
0.509,3.1630859375,-3.0029296875,-0.80078125,
0.5095,2.7626953125,-2.8828125,-0.3203125,
0.51,2.0419921875,-2.72265625,0.3603515625,
0.5105,1.4013671875,-2.7626953125,1.2412109375,
0.511,0.880859375,-2.8828125,2.0419921875,
0.5115,0.48046875,-3.0830078125,2.6826171875,
0.512,0.1201171875,-2.72265625,2.8828125,
0.5125,-0.5205078125,-2.1220703125,2.8427734375,
0.513,-1.2412109375,-1.4013671875,3.0029296875,
0.5135,-2.08203125,-0.6806640625,3.203125,
0.514,-2.72265625,-0.3203125,3.4833984375,
0.5145,-2.962890625,0.0400390625,3.443359375,
0.515,-3.0029296875,0.400390625,3.123046875,
0.5155,-2.8828125,0.9208984375,2.40234375,
0.516,-2.9228515625,1.5615234375,1.76171875,
0.5165,-3.123046875,2.2021484375,1.201171875,
0.517,-3.36328125,2.6826171875,0.7607421875,
0.5175,-3.203125,2.802734375,0.3603515625,
0.518,-2.72265625,2.6826171875,-0.2001953125,
0.5185,-2.1220703125,2.642578125,-0.880859375,
0.519,-1.4814453125,2.72265625,-1.76171875,
0.5195,-1.0009765625,2.8427734375,-2.5625,
0.52,-0.640625,2.8828125,-3.0830078125,
0.5205,-0.2802734375,2.5625,-3.3232421875,
0.521,0.48046875,1.921875,-3.3232421875,
0.5215,1.28125,1.28125,-3.5634765625,
0.522,2.162109375,0.640625,-3.84375,
0.5225,2.802734375,0.2802734375,-4.1640625,
0.523,2.9228515625,-0.16015625,-3.9638671875,
0.5235,2.9228515625,-0.6005859375,-3.4833984375,
0.524,2.8828125,-1.1611328125,-2.802734375,
0.5245,3.04296875,-1.921875,-2.08203125,
0.525,3.2431640625,-2.5625,-1.5615234375,
0.5255,3.36328125,-2.962890625,-1.12109375,
0.526,3.04296875,-2.9228515625,-0.640625,
0.5265,2.40234375,-2.802734375,0,
0.527,1.76171875,-2.8427734375,0.8408203125,
0.5275,1.12109375,-2.962890625,1.8818359375,
0.528,0.640625,-3.203125,2.5224609375,
0.5285,0.2802734375,-2.962890625,2.8427734375,
0.529,-0.3203125,-2.40234375,2.9228515625,
0.5295,-1.041015625,-1.6015625,2.962890625,
0.53,-1.921875,-0.9208984375,3.1630859375,
0.5305,-2.642578125,-0.3603515625,3.443359375,
0.531,-3.123046875,0.0400390625,3.5634765625,
0.5315,-3.0830078125,0.400390625,3.1630859375,
0.532,-2.8828125,0.8408203125,2.5224609375,
0.5325,-2.9228515625,1.44140625,1.841796875,
0.533,-3.0830078125,2.2021484375,1.1611328125,
0.5335,-3.2431640625,2.6826171875,0.6806640625,
0.534,-3.203125,2.8427734375,0.3203125,
0.5345,-2.802734375,2.7626953125,-0.16015625,
0.535,-2.08203125,2.5625,-0.8408203125,
0.5355,-1.4814453125,2.5625,-1.6416015625,
0.536,-0.9609375,2.72265625,-2.5224609375,
0.5365,-0.6005859375,2.8427734375,-3.1630859375,
0.537,-0.2001953125,2.5224609375,-3.283203125,
0.5375,0.3603515625,2.0419921875,-3.36328125,
0.538,1.12109375,1.3212890625,-3.4833984375,
0.5385,1.921875,0.6806640625,-3.7236328125,
0.539,2.5625,0.2802734375,-4.00390625,
0.5395,2.962890625,0,-4.00390625,
0.54,2.8828125,-0.48046875,-3.603515625,
0.5405,2.802734375,-1.0009765625,-2.9228515625,
0.541,2.8828125,-1.6015625,-2.322265625,
0.5415,3.123046875,-2.322265625,-1.681640625,
0.542,3.3232421875,-2.802734375,-1.3212890625,
0.5425,3.1630859375,-2.8828125,-0.880859375,
0.543,2.6826171875,-2.8427734375,-0.3603515625,
0.5435,2.0419921875,-2.802734375,0.4404296875,
0.544,1.4013671875,-2.9228515625,1.3212890625,
0.5445,0.9609375,-3.123046875,2.1220703125,
0.545,0.560546875,-3.123046875,2.6826171875,
0.5455,0.080078125,-2.642578125,2.8427734375,
0.546,-0.640625,-1.9619140625,2.8828125,
0.5465,-1.4814453125,-1.28125,3.123046875,
0.547,-2.322265625,-0.640625,3.36328125,
0.5475,-2.8828125,-0.2802734375,3.5634765625,
0.548,-3.0830078125,0.16015625,3.4033203125,
0.5485,-2.962890625,0.560546875,2.8828125,
0.549,-2.8828125,1.201171875,2.1220703125,
0.5495,-3.0830078125,1.8818359375,1.4814453125,
0.55,-3.283203125,2.5224609375,0.9208984375,
0.5505,-3.36328125,2.8828125,0.48046875,
0.551,-2.962890625,2.802734375,0,
0.5515,-2.3623046875,2.642578125,-0.6005859375,
0.552,-1.6416015625,2.6025390625,-1.44140625,
0.5525,-1.1611328125,2.72265625,-2.2822265625,
0.553,-0.640625,2.8828125,-2.962890625,
0.5535,-0.2802734375,2.72265625,-3.283203125,
0.554,0.2802734375,2.162109375,-3.36328125,
0.5545,0.9609375,1.4013671875,-3.4033203125,
0.555,1.76171875,0.80078125,-3.603515625,
0.5555,2.5224609375,0.3203125,-3.8837890625,
0.556,2.8828125,0,-4.00390625,
0.5565,2.8828125,-0.400390625,-3.6435546875,
0.557,2.802734375,-0.80078125,-3.0830078125,
0.5575,2.802734375,-1.44140625,-2.40234375,
0.558,2.9228515625,-2.08203125,-1.841796875,
0.5585,3.1630859375,-2.6025390625,-1.3212890625,
0.559,3.1630859375,-2.8828125,-1.0009765625,
0.5595,2.72265625,-2.802734375,-0.48046875,
0.56,2.1220703125,-2.72265625,0.16015625,
0.5605,1.5615234375,-2.7626953125,0.9609375,
0.561,1.0810546875,-2.8828125,1.76171875,
0.5615,0.6806640625,-2.962890625,2.40234375,
0.562,0.2802734375,-2.72265625,2.6826171875,
0.5625,-0.3203125,-2.2021484375,2.7626953125,
0.563,-1.041015625,-1.4814453125,2.8427734375,
0.5635,-1.8017578125,-0.9609375,3.123046875,
0.564,-2.5625,-0.5205078125,3.443359375,
0.5645,-2.8828125,-0.16015625,3.4833984375,
0.565,-2.8427734375,0.2802734375,3.0830078125,
0.5655,-2.802734375,0.80078125,2.482421875,
0.566,-2.8828125,1.44140625,1.841796875,
0.5665,-3.123046875,2.1220703125,1.28125,
0.567,-3.283203125,2.5625,0.880859375,
0.5675,-3.203125,2.72265625,0.4404296875,
0.568,-2.72265625,2.642578125,-0.16015625,
0.5685,-2.08203125,2.5625,-0.9208984375,
0.569,-1.4814453125,2.72265625,-1.76171875,
0.5695,-1.0009765625,2.962890625,-2.6025390625,
0.57,-0.640625,2.962890625,-3.1630859375,
0.5705,-0.16015625,2.5224609375,-3.2431640625,
0.571,0.560546875,1.921875,-3.36328125,
0.5715,1.44140625,1.1611328125,-3.5634765625,
0.572,2.2421875,0.6005859375,-3.8837890625,
0.5725,2.802734375,0.2001953125,-4.0439453125,
0.573,3.0029296875,-0.2001953125,-3.923828125,
0.5735,2.8828125,-0.640625,-3.36328125,
0.574,2.8427734375,-1.28125,-2.6025390625,
0.5745,2.962890625,-1.9619140625,-1.9619140625,
0.575,3.203125,-2.6025390625,-1.44140625,
0.5755,3.2431640625,-2.962890625,-1.0009765625,
0.576,2.8828125,-2.9228515625,-0.5205078125,
0.5765,2.2421875,-2.802734375,0.080078125,
0.577,1.5615234375,-2.72265625,0.9609375,
0.5775,1.0009765625,-2.8828125,1.76171875,
0.578,0.6005859375,-2.962890625,2.5224609375,
0.5785,0.240234375,-2.8427734375,2.8427734375,
0.579,-0.3603515625,-2.2021484375,2.802734375,
0.5795,-1.041015625,-1.5615234375,2.8828125,
0.58,-1.8818359375,-0.8408203125,3.04296875,
0.5805,-2.5625,-0.400390625,3.3232421875,
0.581,-2.9228515625,0,3.4033203125,
0.5815,-2.9228515625,0.2802734375,3.123046875,
0.582,-2.8427734375,0.7607421875,2.5224609375,
0.5825,-2.802734375,1.361328125,1.841796875,
0.583,-3.0029296875,1.9619140625,1.28125,
0.5835,-3.203125,2.5224609375,0.80078125,
0.584,-3.203125,2.72265625,0.4404296875,
0.5845,-2.7626953125,2.5625,0,
0.585,-2.2421875,2.5625,-0.720703125,
0.5855,-1.5615234375,2.6025390625,-1.5615234375,
0.586,-1.0810546875,2.8427734375,-2.322265625,
0.5865,-0.6806640625,2.8828125,-2.962890625,
0.587,-0.3203125,2.6826171875,-3.2431640625,
0.5875,0.3203125,2.0419921875,-3.283203125,
0.588,1.0810546875,1.4013671875,-3.4833984375,
0.5885,1.921875,0.7607421875,-3.763671875,
0.589,2.6025390625,0.3603515625,-4.083984375,
0.5895,2.8828125,0,-4.0439453125,
0.59,2.8828125,-0.48046875,-3.5634765625,
0.5905,2.8828125,-1.0009765625,-3.0029296875,
0.591,2.9228515625,-1.76171875,-2.2421875,
0.5915,3.203125,-2.4423828125,-1.7216796875,
0.592,3.36328125,-2.9228515625,-1.2412109375,
0.5925,3.1630859375,-3.0830078125,-0.80078125,
0.593,2.5625,-2.8427734375,-0.2001953125,
0.5935,1.921875,-2.8427734375,0.640625,
0.594,1.2412109375,-2.962890625,1.5615234375,
0.5945,0.80078125,-3.1630859375,2.3623046875,
0.595,0.3603515625,-3.04296875,2.8427734375,
0.5955,-0.16015625,-2.5625,2.962890625,
0.596,-0.9208984375,-1.8017578125,3.0029296875,
0.5965,-1.8017578125,-1.0009765625,3.1630859375,
0.597,-2.5224609375,-0.48046875,3.36328125,
0.5975,-3.0830078125,0,3.5634765625,
0.598,-3.123046875,0.3203125,3.3232421875,
0.5985,-2.9228515625,0.7607421875,2.642578125,
0.599,-2.8828125,1.3212890625,1.9619140625,
0.5995,-3.0029296875,2.001953125,1.2412109375,
0.6,-3.203125,2.5224609375,0.7607421875,
0.6005,-3.203125,2.802734375,0.3203125,
0.601,-2.8828125,2.7626953125,0,
0.6015,-2.2021484375,2.5625,-0.720703125,
0.602,-1.5615234375,2.5625,-1.521484375,
0.6025,-1.0009765625,2.72265625,-2.2822265625,
0.603,-0.640625,2.8427734375,-2.962890625,
0.6035,-0.2802734375,2.6826171875,-3.2431640625,
0.604,0.2802734375,2.1220703125,-3.283203125,
0.6045,0.9609375,1.44140625,-3.4033203125,
0.605,1.76171875,0.80078125,-3.5634765625,
0.6055,2.40234375,0.3603515625,-3.8837890625,
0.606,2.8427734375,0.0400390625,-4.00390625,
0.6065,2.8828125,-0.3603515625,-3.7236328125,
0.607,2.802734375,-0.8408203125,-3.0830078125,
0.6075,2.8427734375,-1.4814453125,-2.4423828125,
0.608,3.0029296875,-2.162109375,-1.841796875,
0.6085,3.2431640625,-2.72265625,-1.44140625,
0.609,3.203125,-2.8427734375,-1.041015625,
0.6095,2.802734375,-2.802734375,-0.5205078125,
0.61,2.2421875,-2.7626953125,0.16015625,
0.6105,1.5615234375,-2.802734375,1.041015625,
0.611,1.12109375,-3.0029296875,1.8818359375,
0.6115,0.6806640625,-3.0830078125,2.5224609375,
0.612,0.3203125,-2.8427734375,2.7626953125,
0.6125,-0.3603515625,-2.2021484375,2.802734375,
0.613,-1.1611328125,-1.521484375,3.0029296875,
0.6135,-2.0419921875,-0.8408203125,3.2431640625,
0.614,-2.6826171875,-0.4404296875,3.5234375,
0.6145,-2.962890625,0,3.4833984375,
0.615,-2.962890625,0.400390625,3.04296875,
0.6155,-2.8828125,0.9609375,2.3623046875,
0.616,-3.0029296875,1.6416015625,1.6416015625,
0.6165,-3.203125,2.2822265625,1.0810546875,
0.617,-3.4033203125,2.802734375,0.640625,
0.6175,-3.123046875,2.8427734375,0.240234375,
0.618,-2.5625,2.6826171875,-0.400390625,
0.6185,-1.921875,2.6826171875,-1.1611328125,
0.619,-1.2412109375,2.802734375,-2.08203125,
0.6195,-0.80078125,2.9228515625,-2.8427734375,
0.62,-0.400390625,2.8427734375,-3.2431640625,
0.6205,0.080078125,2.40234375,-3.36328125,
0.621,0.80078125,1.6416015625,-3.36328125,
0.6215,1.6015625,0.9609375,-3.603515625,
0.622,2.40234375,0.3603515625,-3.84375,
0.6225,2.8828125,0.080078125,-4.0439453125,
0.623,2.962890625,-0.3203125,-3.763671875,
0.6235,2.8427734375,-0.80078125,-3.203125,
0.624,2.8427734375,-1.4013671875,-2.5224609375,
0.6245,2.9228515625,-2.08203125,-1.8818359375,
0.625,3.1630859375,-2.6025390625,-1.361328125,
0.6255,3.203125,-2.8828125,-1.0009765625,
0.626,2.8828125,-2.8828125,-0.5205078125,
0.6265,2.2021484375,-2.6826171875,0.1201171875,
0.627,1.6416015625,-2.72265625,0.9208984375,
0.6275,1.041015625,-2.8828125,1.841796875,
0.628,0.640625,-3.04296875,2.482421875,
0.6285,0.2802734375,-2.802734375,2.7626953125,
0.629,-0.3203125,-2.2822265625,2.8427734375,
0.6295,-1.041015625,-1.5615234375,2.9228515625,
0.63,-1.8818359375,-0.9208984375,3.1630859375,
0.6305,-2.5625,-0.400390625,3.4033203125,
0.631,-2.962890625,-0.1201171875,3.5234375,
0.6315,-2.962890625,0.2802734375,3.203125,
0.632,-2.8828125,0.7607421875,2.5625,
0.6325,-2.962890625,1.4013671875,1.921875,
0.633,-3.1630859375,2.162109375,1.2412109375,
0.6335,-3.3232421875,2.642578125,0.8408203125,
0.634,-3.2431640625,2.8427734375,0.400390625,
0.6345,-2.8427734375,2.7626953125,-0.16015625,
0.635,-2.1220703125,2.6826171875,-0.880859375,
0.6355,-1.521484375,2.7626953125,-1.7216796875,
0.636,-1.0009765625,2.9228515625,-2.6025390625,
0.6365,-0.6005859375,3.04296875,-3.203125,
0.637,-0.1201171875,2.642578125,-3.4033203125,
0.6375,0.560546875,1.9619140625,-3.4833984375,
0.638,1.4013671875,1.2412109375,-3.68359375,
0.6385,2.2822265625,0.6005859375,-3.923828125,
0.639,2.8828125,0.16015625,-4.1640625,
0.6395,3.1630859375,-0.2802734375,-4.0439453125,
0.64,3.123046875,-0.6806640625,-3.5634765625,
0.6405,2.9228515625,-1.361328125,-2.72265625,
0.641,3.04296875,-2.001953125,-2.0419921875,
0.6415,3.283203125,-2.72265625,-1.4013671875,
0.642,3.4033203125,-3.0830078125,-1.0009765625,
0.6425,3.04296875,-3.0830078125,-0.5205078125,
0.643,2.40234375,-2.8828125,0.16015625,
0.6435,1.6015625,-2.8427734375,1.041015625,
0.644,1.0009765625,-2.9228515625,1.921875,
0.6445,0.48046875,-3.0830078125,2.6826171875,
0.645,0.1201171875,-2.9228515625,3.0830078125,
0.6455,-0.48046875,-2.322265625,3.123046875,
0.646,-1.201171875,-1.521484375,3.04296875,
0.6465,-2.001953125,-0.7607421875,3.203125,
0.647,-2.72265625,-0.2802734375,3.443359375,
0.6475,-3.1630859375,0.1201171875,3.5234375,
0.648,-3.1630859375,0.4404296875,3.203125,
0.6485,-3.04296875,0.80078125,2.5625,
0.649,-2.8828125,1.4814453125,1.8017578125,
0.6495,-3.0029296875,2.08203125,1.201171875,
0.65,-3.203125,2.6826171875,0.6806640625,
0.6505,-3.2431640625,2.8828125,0.3203125,
0.651,-2.802734375,2.802734375,-0.16015625,
0.6515,-2.2021484375,2.6025390625,-0.80078125,
0.652,-1.521484375,2.6025390625,-1.6015625,
0.6525,-1.0009765625,2.7626953125,-2.3623046875,
0.653,-0.640625,2.8427734375,-3.04296875,
0.6535,-0.2802734375,2.6826171875,-3.283203125,
0.654,0.2802734375,2.162109375,-3.36328125,
0.6545,1.0009765625,1.4013671875,-3.443359375,
0.655,1.76171875,0.8408203125,-3.68359375,
0.6555,2.5625,0.2802734375,-3.9638671875,
0.656,2.8828125,0,-4.083984375,
0.6565,2.9228515625,-0.48046875,-3.7236328125,
0.657,2.8828125,-0.9208984375,-3.1630859375,
0.6575,2.9228515625,-1.6015625,-2.4423828125,
0.658,3.123046875,-2.2822265625,-1.8818359375,
0.6585,3.3232421875,-2.7626953125,-1.361328125,
0.659,3.2431640625,-3.0029296875,-0.9609375,
0.6595,2.802734375,-2.8828125,-0.400390625,
0.66,2.1220703125,-2.8427734375,0.400390625,
0.6605,1.4814453125,-2.9228515625,1.28125,
0.661,0.9609375,-3.123046875,2.162109375,
0.6615,0.560546875,-3.1630859375,2.72265625,
0.662,0.1201171875,-2.7626953125,2.8828125,
0.6625,-0.640625,-2.08203125,3.04296875,
0.663,-1.5615234375,-1.28125,3.1630859375,
0.6635,-2.322265625,-0.720703125,3.4033203125,
0.664,-2.962890625,-0.240234375,3.603515625,
0.6645,-3.203125,0.1201171875,3.4833984375,
0.665,-3.04296875,0.640625,2.8828125,
0.6655,-2.962890625,1.2412109375,2.2021484375,
0.666,-3.0830078125,1.921875,1.4013671875,
0.6665,-3.283203125,2.5625,0.9208984375,
0.667,-3.283203125,2.8828125,0.4404296875,
0.6675,-3.04296875,2.8828125,0,
0.668,-2.40234375,2.6826171875,-0.640625,
0.6685,-1.6416015625,2.642578125,-1.4814453125,
0.669,-1.041015625,2.72265625,-2.2822265625,
0.6695,-0.640625,2.9228515625,-3.04296875,
0.67,-0.240234375,2.7626953125,-3.4033203125,
0.6705,0.2802734375,2.2021484375,-3.4033203125,
0.671,0.9609375,1.521484375,-3.4833984375,
0.6715,1.841796875,0.7607421875,-3.6435546875,
0.672,2.5224609375,0.2802734375,-3.8837890625,
0.6725,2.9228515625,-0.16015625,-4.00390625,
0.673,3.04296875,-0.400390625,-3.763671875,
0.6735,2.8427734375,-0.880859375,-3.1630859375,
0.674,2.8427734375,-1.44140625,-2.4423828125,
0.6745,2.962890625,-2.1220703125,-1.8017578125,
0.675,3.203125,-2.72265625,-1.3212890625,
0.6755,3.203125,-2.9228515625,-1.0009765625,
0.676,2.8427734375,-2.8828125,-0.5205078125,
0.6765,2.2421875,-2.7626953125,0.16015625,
0.677,1.5615234375,-2.7626953125,1.0009765625,
0.6775,1.0810546875,-2.9228515625,1.841796875,
0.678,0.640625,-3.04296875,2.5224609375,
0.6785,0.2802734375,-2.8828125,2.8427734375,
0.679,-0.3203125,-2.2822265625,2.8828125,
0.6795,-1.12109375,-1.6015625,3.04296875,
0.68,-1.9619140625,-0.9208984375,3.203125,
0.6805,-2.6826171875,-0.5205078125,3.5234375,
0.681,-3.04296875,0,3.5634765625,
0.6815,-3.0830078125,0.3203125,3.1630859375,
0.682,-2.962890625,0.9208984375,2.5625,
0.6825,-3.0029296875,1.6015625,1.76171875,
0.683,-3.203125,2.2822265625,1.2412109375,
0.6835,-3.443359375,2.802734375,0.720703125,
0.684,-3.283203125,2.962890625,0.3203125,
0.6845,-2.72265625,2.802734375,-0.3203125,
0.685,-2.08203125,2.72265625,-1.0810546875,
0.6855,-1.3212890625,2.8427734375,-2.001953125,
0.686,-0.9208984375,3.0029296875,-2.802734375,
0.6865,-0.4404296875,3.0029296875,-3.36328125,
0.687,0.0400390625,2.5625,-3.5234375,
0.6875,0.7607421875,1.76171875,-3.5634765625,
0.688,1.6015625,1.0009765625,-3.68359375,
0.6885,2.40234375,0.3603515625,-3.8837890625,
0.689,3.0029296875,0.0400390625,-4.1640625,
0.6895,3.123046875,-0.3603515625,-3.923828125,
0.69,2.962890625,-0.80078125,-3.3232421875,
0.6905,2.8828125,-1.361328125,-2.642578125,
0.691,2.962890625,-2.08203125,-1.8818359375,
0.6915,3.1630859375,-2.642578125,-1.361328125,
0.692,3.203125,-3.0029296875,-0.9208984375,
0.6925,2.9228515625,-2.9228515625,-0.5205078125,
0.693,2.2421875,-2.7626953125,0.1201171875,
0.6935,1.6416015625,-2.7626953125,0.9208984375,
0.694,0.9609375,-2.8427734375,1.8017578125,
0.6945,0.6005859375,-3.04296875,2.482421875,
0.695,0.240234375,-2.802734375,2.802734375,
0.6955,-0.240234375,-2.40234375,2.8828125,
0.696,-1.0009765625,-1.681640625,2.9228515625,
0.6965,-1.8017578125,-1.0009765625,3.0830078125,
0.697,-2.4423828125,-0.4404296875,3.3232421875,
0.6975,-2.9228515625,0,3.5234375,
0.698,-2.962890625,0.240234375,3.2431640625,
0.6985,-2.8828125,0.6806640625,2.6025390625,
0.699,-2.8828125,1.28125,2.0419921875,
0.6995,-3.04296875,2.001953125,1.3212890625,
0.7,-3.283203125,2.5224609375,0.9609375,
0.7005,-3.2431640625,2.802734375,0.560546875,
0.701,-2.9228515625,2.7626953125,0.1201171875,
0.7015,-2.322265625,2.6826171875,-0.640625,
0.702,-1.681640625,2.6826171875,-1.4013671875,
0.7025,-1.201171875,2.8427734375,-2.2421875,
0.703,-0.80078125,3.0029296875,-2.9228515625,
0.7035,-0.400390625,2.72265625,-3.203125,
0.704,0.2001953125,2.162109375,-3.283203125,
0.7045,0.9609375,1.521484375,-3.5234375,
0.705,1.841796875,0.880859375,-3.7236328125,
0.7055,2.5224609375,0.4404296875,-4.0439453125,
0.706,2.8828125,0.080078125,-4.0439453125,
0.7065,2.9228515625,-0.3603515625,-3.763671875,
0.707,2.8427734375,-1.0009765625,-3.04296875,
0.7075,2.962890625,-1.6416015625,-2.3623046875,
0.708,3.203125,-2.3623046875,-1.7216796875,
0.7085,3.4033203125,-2.8828125,-1.28125,
0.709,3.203125,-2.962890625,-0.8408203125,
0.7095,2.6826171875,-2.8828125,-0.2802734375,
0.71,2.001953125,-2.8427734375,0.6005859375,
0.7105,1.3212890625,-2.962890625,1.521484375,
0.711,0.80078125,-3.0830078125,2.2822265625,
0.7115,0.4404296875,-3.1630859375,2.8427734375,
0.712,-0.16015625,-2.6826171875,3.0029296875,
0.7125,-0.8408203125,-1.8818359375,2.9228515625,
0.713,-1.6416015625,-1.1611328125,3.123046875,
0.7135,-2.5224609375,-0.5205078125,3.4033203125,
0.714,-3.04296875,-0.16015625,3.5634765625,
0.7145,-3.123046875,0.2802734375,3.3232421875,
0.715,-3.0029296875,0.640625,2.802734375,
0.7155,-2.8828125,1.28125,2.0419921875,
0.716,-2.962890625,1.921875,1.3212890625,
0.7165,-3.203125,2.5224609375,0.7607421875,
0.717,-3.283203125,2.8427734375,0.4404296875,
0.7175,-2.9228515625,2.802734375,0,
0.718,-2.2822265625,2.6025390625,-0.640625,
0.7185,-1.6416015625,2.6025390625,-1.4013671875,
0.719,-1.0810546875,2.72265625,-2.2421875,
0.7195,-0.6806640625,2.802734375,-2.9228515625,
0.72,-0.3203125,2.6826171875,-3.283203125,
0.7205,0.16015625,2.2021484375,-3.36328125,
0.721,0.880859375,1.521484375,-3.36328125,
0.7215,1.6015625,0.9208984375,-3.5634765625,
0.722,2.40234375,0.3603515625,-3.84375,
0.7225,2.8427734375,0.1201171875,-4.0439453125,
0.723,2.8828125,-0.3203125,-3.7236328125,
0.7235,2.8427734375,-0.7607421875,-3.203125,
0.724,2.8427734375,-1.361328125,-2.6025390625,
0.7245,3.0029296875,-2.0419921875,-1.9619140625,
0.725,3.203125,-2.6025390625,-1.4814453125,
0.7255,3.2431640625,-2.9228515625,-1.041015625,
0.726,2.9228515625,-2.8828125,-0.640625,
0.7265,2.2421875,-2.7626953125,0.1201171875,
0.727,1.7216796875,-2.8427734375,0.9208984375,
0.7275,1.12109375,-3.0830078125,1.841796875,
0.728,0.7607421875,-3.203125,2.5224609375,
0.7285,0.2802734375,-2.8828125,2.7626953125,
0.729,-0.3203125,-2.2822265625,2.8828125,
0.7295,-1.1611328125,-1.521484375,3.04296875,
0.73,-2.001953125,-0.9208984375,3.283203125,
0.7305,-2.72265625,-0.400390625,3.5234375,
0.731,-3.0830078125,0,3.5634765625,
0.7315,-3.04296875,0.400390625,3.123046875,
0.732,-2.9228515625,0.9609375,2.40234375,
0.7325,-3.04296875,1.6416015625,1.76171875,
0.733,-3.203125,2.40234375,1.12109375,
0.7335,-3.36328125,2.802734375,0.640625,
0.734,-3.1630859375,2.8828125,0.2001953125,
0.7345,-2.6025390625,2.72265625,-0.3603515625,
0.735,-1.8818359375,2.6826171875,-1.201171875,
0.7355,-1.28125,2.6826171875,-2.001953125,
0.736,-0.7607421875,2.8427734375,-2.8427734375,
0.7365,-0.400390625,2.8427734375,-3.3232421875,
0.737,0.1201171875,2.3623046875,-3.36328125,
0.7375,0.7607421875,1.7216796875,-3.36328125,
0.738,1.5615234375,0.9609375,-3.5634765625,
0.7385,2.2822265625,0.48046875,-3.8037109375,
0.739,2.802734375,0.080078125,-3.9638671875,
0.7395,2.9228515625,-0.3203125,-3.8037109375,
0.74,2.8427734375,-0.6806640625,-3.2431640625,
0.7405,2.72265625,-1.28125,-2.5625,
0.741,2.8427734375,-1.8818359375,-1.9619140625,
0.7415,3.123046875,-2.5224609375,-1.44140625,
0.742,3.1630859375,-2.8427734375,-1.12109375,
0.7425,2.8828125,-2.802734375,-0.640625,
0.743,2.3623046875,-2.6826171875,-0.1201171875,
0.7435,1.7216796875,-2.72265625,0.720703125,
0.744,1.201171875,-2.8427734375,1.521484375,
0.7445,0.7607421875,-3.0029296875,2.2421875,
0.745,0.48046875,-2.9228515625,2.6025390625,
0.7455,0,-2.40234375,2.72265625,
0.746,-0.7607421875,-1.76171875,2.802734375,
0.7465,-1.521484375,-1.1611328125,3.04296875,
0.747,-2.2822265625,-0.640625,3.3232421875,
0.7475,-2.72265625,-0.3203125,3.4833984375,
0.748,-2.8828125,0.1201171875,3.2431640625,
0.7485,-2.8427734375,0.6005859375,2.72265625,
0.749,-2.8427734375,1.2412109375,2.0419921875,
0.7495,-3.04296875,1.8818359375,1.521484375,
0.75,-3.2431640625,2.482421875,1.0009765625,
0.7505,-3.283203125,2.72265625,0.640625,
0.751,-2.8828125,2.6826171875,0.16015625,
0.7515,-2.322265625,2.6025390625,-0.6005859375,
0.752,-1.681640625,2.6826171875,-1.4013671875,
0.7525,-1.2412109375,2.8427734375,-2.2822265625,
0.753,-0.80078125,3.0029296875,-2.8828125,
0.7535,-0.400390625,2.72265625,-3.203125,
0.754,0.2802734375,2.162109375,-3.283203125,
0.7545,1.0810546875,1.44140625,-3.4833984375,
0.755,1.841796875,0.8408203125,-3.7236328125,
0.7555,2.5625,0.400390625,-4.00390625,
0.756,2.8828125,0.080078125,-4.00390625,
0.7565,2.8427734375,-0.4404296875,-3.5634765625,
0.757,2.802734375,-1.0009765625,-2.9228515625,
0.7575,2.9228515625,-1.7216796875,-2.2021484375,
0.758,3.1630859375,-2.322265625,-1.6416015625,
0.7585,3.203125,-2.7626953125,-1.201171875,
0.759,3.123046875,-2.8828125,-0.80078125,
0.7595,2.5224609375,-2.8427734375,-0.240234375,
0.76,1.841796875,-2.72265625,0.6005859375,
0.7605,1.201171875,-2.8427734375,1.4013671875,
0.761,0.80078125,-3.0029296875,2.2421875,
0.7615,0.4404296875,-2.9228515625,2.642578125,
0.762,0,-2.482421875,2.7626953125,
0.7625,-0.720703125,-1.8017578125,2.8427734375,
0.763,-1.5615234375,-1.0810546875,2.962890625,
0.7635,-2.2822265625,-0.6005859375,3.2431640625,
0.764,-2.802734375,-0.2001953125,3.36328125,
0.7645,-2.9228515625,0.16015625,3.283203125,
0.765,-2.802734375,0.560546875,2.72265625,
0.7655,-2.7626953125,1.12109375,2.1220703125,
0.766,-2.9228515625,1.76171875,1.44140625,
0.7665,-3.203125,2.3623046875,1.0009765625,
0.767,-3.203125,2.6826171875,0.6005859375,
0.7675,-2.962890625,2.6826171875,0.16015625,
0.768,-2.4423828125,2.5625,-0.48046875,
0.7685,-1.8017578125,2.5625,-1.2412109375,
0.769,-1.28125,2.7626953125,-2.0419921875,
0.7695,-0.8408203125,2.9228515625,-2.7626953125,
0.77,-0.5205078125,2.8427734375,-3.1630859375,
0.7705,0.0400390625,2.2822265625,-3.203125,
0.771,0.7607421875,1.681640625,-3.4033203125,
0.7715,1.6416015625,0.9609375,-3.603515625,
0.772,2.3623046875,0.560546875,-3.9638671875,
0.7725,2.802734375,0.16015625,-4.0439453125,
0.773,2.9228515625,-0.2802734375,-3.84375,
0.7735,2.8427734375,-0.80078125,-3.203125,
0.774,2.8828125,-1.4814453125,-2.5224609375,
0.7745,3.123046875,-2.162109375,-1.921875,
0.775,3.36328125,-2.7626953125,-1.4013671875,
0.7755,3.283203125,-3.0029296875,-1.0009765625,
0.776,2.8427734375,-2.9228515625,-0.48046875,
0.7765,2.162109375,-2.8828125,0.2802734375,
0.777,1.44140625,-2.8828125,1.28125,
0.7775,0.9609375,-3.0830078125,2.08203125,
0.778,0.5205078125,-3.0830078125,2.6826171875,
0.7785,0.1201171875,-2.7626953125,2.9228515625,
0.779,-0.640625,-2.0419921875,2.9228515625,
0.7795,-1.44140625,-1.3212890625,3.123046875,
0.78,-2.2822265625,-0.640625,3.3232421875,
0.7805,-2.9228515625,-0.2001953125,3.5634765625,
0.781,-3.123046875,0.2001953125,3.4033203125,
0.7815,-3.04296875,0.560546875,2.9228515625,
0.782,-2.8828125,1.12109375,2.2021484375,
0.7825,-2.9228515625,1.841796875,1.44140625,
0.783,-3.0830078125,2.40234375,0.9609375,
0.7835,-3.2431640625,2.7626953125,0.48046875,
0.784,-3.04296875,2.7626953125,0.1201171875,
0.7845,-2.4423828125,2.5625,-0.5205078125,
0.785,-1.8017578125,2.5625,-1.201171875,
0.7855,-1.201171875,2.6826171875,-2.08203125,
0.786,-0.7607421875,2.8427734375,-2.72265625,
0.7865,-0.400390625,2.72265625,-3.203125,
0.787,0.0400390625,2.40234375,-3.283203125,
0.7875,0.6806640625,1.6416015625,-3.3232421875,
0.788,1.44140625,1.0009765625,-3.5234375,
0.7885,2.162109375,0.48046875,-3.7236328125,
0.789,2.72265625,0.16015625,-4.00390625,
0.7895,2.8427734375,-0.16015625,-3.84375,
0.79,2.802734375,-0.640625,-3.283203125,
0.7905,2.802734375,-1.1611328125,-2.72265625,
0.791,2.9228515625,-1.8818359375,-2.08203125,
0.7915,3.1630859375,-2.482421875,-1.6015625,
0.792,3.203125,-2.8427734375,-1.201171875,
0.7925,3.04296875,-2.9228515625,-0.80078125,
0.793,2.40234375,-2.72265625,-0.16015625,
0.7935,1.841796875,-2.802734375,0.640625,
0.794,1.28125,-2.9228515625,1.5615234375,
0.7945,0.880859375,-3.123046875,2.2822265625,
0.795,0.5205078125,-2.962890625,2.6025390625,
0.7955,0,-2.4423828125,2.7626953125,
0.796,-0.80078125,-1.8017578125,2.8828125,
0.7965,-1.7216796875,-1.0810546875,3.1630859375,
0.797,-2.4423828125,-0.6005859375,3.443359375,
0.7975,-2.9228515625,-0.240234375,3.5634765625,
0.798,-3.0029296875,0.2001953125,3.3232421875,
0.7985,-2.8828125,0.7607421875,2.5625,
0.799,-2.962890625,1.4013671875,1.9619140625,
0.7995,-3.1630859375,2.1220703125,1.28125,
0.8,-3.36328125,2.642578125,0.8408203125,
0.8005,-3.203125,2.802734375,0.400390625,
0.801,-2.802734375,2.7626953125,-0.16015625,
0.8015,-2.1220703125,2.642578125,-0.9208984375,
0.802,-1.44140625,2.72265625,-1.8017578125,
0.8025,-0.9609375,2.8427734375,-2.5625,
0.803,-0.6005859375,3.0029296875,-3.203125,
0.8035,-0.1201171875,2.5625,-3.36328125,
0.804,0.560546875,1.921875,-3.36328125,
0.8045,1.3212890625,1.201171875,-3.5634765625,
0.805,2.2021484375,0.560546875,-3.8037109375,
0.8055,2.7626953125,0.2001953125,-4.00390625,
0.806,2.962890625,-0.240234375,-3.8837890625,
0.8065,2.8828125,-0.6005859375,-3.4833984375,
0.807,2.802734375,-1.1611328125,-2.72265625,
0.8075,2.8828125,-1.841796875,-2.08203125,
0.808,3.123046875,-2.5224609375,-1.4814453125,
0.8085,3.2431640625,-2.9228515625,-1.1611328125,
0.809,3.04296875,-2.8828125,-0.6806640625,
0.8095,2.482421875,-2.72265625,-0.16015625,
0.81,1.841796875,-2.72265625,0.640625,
0.8105,1.201171875,-2.8427734375,1.5615234375,
0.811,0.7607421875,-2.962890625,2.2421875,
0.8115,0.400390625,-2.962890625,2.72265625,
0.812,0,-2.5625,2.8427734375,
0.8125,-0.7607421875,-1.8017578125,2.8427734375,
0.813,-1.5615234375,-1.1611328125,3.0830078125,
0.8135,-2.40234375,-0.560546875,3.36328125,
0.814,-2.9228515625,-0.2001953125,3.5634765625,
0.8145,-3.0029296875,0.2001953125,3.3232421875,
0.815,-2.9228515625,0.6005859375,2.8427734375,
0.8155,-2.8828125,1.201171875,2.08203125,
0.816,-3.0830078125,1.921875,1.44140625,
0.8165,-3.2431640625,2.482421875,0.9208984375,
0.817,-3.36328125,2.8427734375,0.560546875,
0.8175,-3.0029296875,2.8427734375,0.1201171875,
0.818,-2.3623046875,2.6826171875,-0.6005859375,
0.8185,-1.7216796875,2.6826171875,-1.4013671875,
0.819,-1.1611328125,2.8828125,-2.322265625,
0.8195,-0.720703125,3.0029296875,-3.04296875,
0.82,-0.3203125,2.7626953125,-3.3232421875,
0.8205,0.2802734375,2.2421875,-3.4033203125,
0.821,1.12109375,1.44140625,-3.5234375,
0.8215,1.921875,0.8408203125,-3.8037109375,
0.822,2.6826171875,0.2802734375,-4.00390625,
0.8225,3.0830078125,0,-4.1640625,
0.823,3.04296875,-0.5205078125,-3.7236328125,
0.8235,2.9228515625,-1.041015625,-2.962890625,
0.824,3.0029296875,-1.76171875,-2.2822265625,
0.8245,3.1630859375,-2.5224609375,-1.6416015625,
0.825,3.3232421875,-2.8828125,-1.1611328125,
0.8255,3.203125,-3.0830078125,-0.720703125,
0.826,2.72265625,-2.962890625,-0.2001953125,
0.8265,1.921875,-2.802734375,0.6005859375,
0.827,1.28125,-2.8828125,1.521484375,
0.8275,0.6806640625,-3.04296875,2.3623046875,
0.828,0.3203125,-3.0830078125,2.9228515625,
0.8285,-0.2001953125,-2.6025390625,3.04296875,
0.829,-0.80078125,-1.921875,3.04296875,
0.8295,-1.681640625,-1.041015625,3.123046875,
0.83,-2.4423828125,-0.5205078125,3.36328125,
0.8305,-3.04296875,0.0400390625,3.5234375,
0.831,-3.203125,0.2802734375,3.443359375,
0.8315,-3.0830078125,0.640625,2.8427734375,
0.832,-2.8828125,1.201171875,2.08203125,
0.8325,-3.0029296875,1.841796875,1.4013671875,
0.833,-3.203125,2.5224609375,0.880859375,
0.8335,-3.283203125,2.8828125,0.48046875,
0.834,-3.0029296875,2.8427734375,0.0400390625,
0.8345,-2.482421875,2.6826171875,-0.5205078125,
0.835,-1.7216796875,2.6025390625,-1.3212890625,
0.8355,-1.1611328125,2.6826171875,-2.1220703125,
0.836,-0.6806640625,2.8427734375,-2.8828125,
0.8365,-0.3603515625,2.8427734375,-3.36328125,
0.837,0.16015625,2.322265625,-3.36328125,
0.8375,0.7607421875,1.6416015625,-3.4033203125,
0.838,1.6015625,0.9609375,-3.603515625,
0.8385,2.40234375,0.48046875,-3.923828125,
0.839,2.8427734375,0.1201171875,-4.083984375,
0.8395,3.0029296875,-0.3603515625,-3.84375,
0.84,2.9228515625,-0.80078125,-3.36328125,
0.8405,2.8427734375,-1.44140625,-2.6025390625,
0.841,3.04296875,-2.001953125,-1.9619140625,
0.8415,3.283203125,-2.6826171875,-1.44140625,
0.842,3.36328125,-2.962890625,-1.041015625,
0.8425,2.9228515625,-2.9228515625,-0.6005859375,
0.843,2.3623046875,-2.8427734375,0.1201171875,
0.8435,1.6416015625,-2.8828125,1.0009765625,
0.844,1.12109375,-3.04296875,1.8818359375,
0.8445,0.640625,-3.123046875,2.5625,
0.845,0.2802734375,-2.9228515625,2.8828125,
0.8455,-0.400390625,-2.2822265625,2.962890625,
0.846,-1.201171875,-1.521484375,3.04296875,
0.8465,-2.0419921875,-0.8408203125,3.2431640625,
0.847,-2.7626953125,-0.3603515625,3.5634765625,
0.8475,-3.1630859375,0,3.603515625,
0.848,-3.123046875,0.400390625,3.1630859375,
0.8485,-3.0029296875,0.9208984375,2.482421875,
0.849,-2.962890625,1.7216796875,1.6416015625,
0.8495,-3.203125,2.2822265625,1.12109375,
0.85,-3.3232421875,2.802734375,0.6005859375,
0.8505,-3.2431640625,2.962890625,0.240234375,
0.851,-2.6025390625,2.72265625,-0.400390625,
0.8515,-1.9619140625,2.642578125,-1.12109375,
0.852,-1.28125,2.6826171875,-2.001953125,
0.8525,-0.80078125,2.8828125,-2.7626953125,
0.853,-0.400390625,2.8427734375,-3.2431640625,
0.8535,0.0400390625,2.482421875,-3.443359375,
0.854,0.6806640625,1.76171875,-3.4033203125,
0.8545,1.521484375,1.0009765625,-3.5634765625,
0.855,2.2421875,0.48046875,-3.763671875,
0.8555,2.8427734375,0.0400390625,-4.00390625,
0.856,3.04296875,-0.2802734375,-3.923828125,
0.8565,2.8427734375,-0.6806640625,-3.36328125,
0.857,2.802734375,-1.1611328125,-2.72265625,
0.8575,2.8828125,-1.8818359375,-2.001953125,
0.858,3.1630859375,-2.482421875,-1.5615234375,
0.8585,3.203125,-2.8427734375,-1.12109375,
0.859,3.04296875,-2.9228515625,-0.6806640625,
0.8595,2.482421875,-2.7626953125,-0.16015625,
0.86,1.841796875,-2.72265625,0.6806640625,
0.8605,1.2412109375,-2.8828125,1.5615234375,
0.861,0.80078125,-3.0830078125,2.322265625,
0.8615,0.4404296875,-2.962890625,2.72265625,
0.862,0,-2.482421875,2.8427734375,
0.8625,-0.7607421875,-1.8818359375,2.9228515625,
0.863,-1.681640625,-1.041015625,3.123046875,
0.8635,-2.4423828125,-0.640625,3.443359375,
0.864,-2.962890625,-0.2001953125,3.5634765625,
0.8645,-3.0830078125,0.1201171875,3.36328125,
0.865,-2.9228515625,0.6806640625,2.72265625,
0.8655,-2.962890625,1.28125,2.08203125,
0.866,-3.0830078125,2.0419921875,1.361328125,
0.8665,-3.36328125,2.642578125,0.880859375,
0.867,-3.36328125,2.8828125,0.48046875,
0.8675,-2.962890625,2.8427734375,0,
0.868,-2.322265625,2.72265625,-0.720703125,
0.8685,-1.5615234375,2.72265625,-1.6416015625,
0.869,-1.041015625,2.8828125,-2.482421875,
0.8695,-0.640625,3.04296875,-3.1630859375,
0.87,-0.2001953125,2.802734375,-3.4833984375,
0.8705,0.4404296875,2.08203125,-3.443359375,
0.871,1.201171875,1.4013671875,-3.5634765625,
0.8715,2.1220703125,0.6005859375,-3.84375,
0.872,2.802734375,0.16015625,-4.083984375,
0.8725,3.04296875,-0.2802734375,-4.0439453125,
0.873,3.04296875,-0.560546875,-3.68359375,
0.8735,2.9228515625,-1.12109375,-2.8828125,
0.874,2.9228515625,-1.8017578125,-2.162109375,
0.8745,3.123046875,-2.4423828125,-1.5615234375,
0.875,3.3232421875,-2.9228515625,-1.12109375,
0.8755,3.123046875,-3.0029296875,-0.6806640625,
0.876,2.5625,-2.8427734375,-0.16015625,
0.8765,1.921875,-2.7626953125,0.6005859375,
0.877,1.201171875,-2.802734375,1.521484375,
0.8775,0.7607421875,-2.962890625,2.2421875,
0.878,0.3603515625,-2.962890625,2.802734375,
0.8785,0,-2.6025390625,2.9228515625,
0.879,-0.720703125,-1.841796875,2.8828125,
0.8795,-1.4814453125,-1.201171875,3.04296875,
0.88,-2.2822265625,-0.6005859375,3.2431640625,
0.8805,-2.8828125,-0.2802734375,3.5234375,
0.881,-3.04296875,0.16015625,3.36328125,
0.8815,-2.9228515625,0.560546875,2.8828125,
0.882,-2.8828125,1.12109375,2.2421875,
0.8825,-2.9228515625,1.76171875,1.521484375,
0.883,-3.203125,2.3623046875,1.041015625,
0.8835,-3.283203125,2.7626953125,0.6005859375,
0.884,-3.0830078125,2.802734375,0.240234375,
0.8845,-2.5224609375,2.6025390625,-0.400390625,
0.885,-1.921875,2.642578125,-1.1611328125,
0.8855,-1.28125,2.7626953125,-2.0419921875,
0.886,-0.9208984375,2.9228515625,-2.72265625,
0.8865,-0.5205078125,2.8427734375,-3.1630859375,
0.887,0,2.40234375,-3.283203125,
0.8875,0.6806640625,1.7216796875,-3.36328125,
0.888,1.521484375,1.0009765625,-3.5634765625,
0.8885,2.2421875,0.48046875,-3.8837890625,
0.889,2.802734375,0.2001953125,-4.083984375,
0.8895,2.8828125,-0.2001953125,-3.84375,
0.89,2.802734375,-0.6806640625,-3.203125,
0.8905,2.8427734375,-1.28125,-2.642578125,
0.891,3.0029296875,-2.0419921875,-1.9619140625,
0.8915,3.283203125,-2.6025390625,-1.521484375,
0.892,3.2431640625,-2.8828125,-1.041015625,
0.8925,2.962890625,-2.8828125,-0.640625,
0.893,2.2421875,-2.7626953125,0.16015625,
0.8935,1.6416015625,-2.8828125,1.0009765625,
0.894,1.041015625,-3.0029296875,1.921875,
0.8945,0.640625,-3.203125,2.6025390625,
0.895,0.240234375,-2.8427734375,2.8427734375,
0.8955,-0.400390625,-2.2822265625,2.8828125,
0.896,-1.201171875,-1.5615234375,3.04296875,
0.8965,-2.1220703125,-0.8408203125,3.2431640625,
0.897,-2.7626953125,-0.3603515625,3.5234375,
0.8975,-3.0830078125,0.0400390625,3.5234375,
0.898,-3.0830078125,0.400390625,3.1630859375,
0.8985,-2.8828125,0.9609375,2.3623046875,
0.899,-2.962890625,1.6015625,1.681640625,
0.8995,-3.1630859375,2.3623046875,1.0009765625,
0.9,-3.36328125,2.802734375,0.6005859375,
0.9005,-3.0830078125,2.8427734375,0.16015625,
0.901,-2.6025390625,2.6826171875,-0.3603515625,
0.9015,-1.921875,2.6025390625,-1.12109375,
0.902,-1.28125,2.6826171875,-1.9619140625,
0.9025,-0.80078125,2.8427734375,-2.72265625,
0.903,-0.4404296875,2.8828125,-3.203125,
0.9035,0,2.40234375,-3.36328125,
0.904,0.640625,1.7216796875,-3.3232421875,
0.9045,1.4013671875,1.041015625,-3.5634765625,
0.905,2.2421875,0.48046875,-3.8037109375,
0.9055,2.802734375,0.16015625,-4.00390625,
0.906,2.9228515625,-0.240234375,-3.84375,
0.9065,2.8828125,-0.640625,-3.4033203125,
0.907,2.802734375,-1.1611328125,-2.72265625,
0.9075,2.8828125,-1.8017578125,-2.08203125,
0.908,3.1630859375,-2.482421875,-1.5615234375,
0.9085,3.283203125,-2.8828125,-1.1611328125,
0.909,3.04296875,-2.8828125,-0.7607421875,
0.9095,2.4423828125,-2.7626953125,-0.16015625,
0.91,1.8818359375,-2.7626953125,0.640625,
0.9105,1.28125,-2.8828125,1.5615234375,
0.911,0.80078125,-3.0830078125,2.2822265625,
0.9115,0.48046875,-3.04296875,2.72265625,
0.912,0,-2.5625,2.8427734375,
0.9125,-0.80078125,-1.841796875,2.8828125,
0.913,-1.6416015625,-1.1611328125,3.1630859375,
0.9135,-2.482421875,-0.560546875,3.443359375,
0.914,-2.962890625,-0.2001953125,3.6435546875,
0.9145,-3.04296875,0.240234375,3.3232421875,
0.915,-2.962890625,0.6806640625,2.72265625,
0.9155,-2.9228515625,1.361328125,2.001953125,
0.916,-3.123046875,2.08203125,1.3212890625,
0.9165,-3.3232421875,2.642578125,0.80078125,
0.917,-3.36328125,2.8828125,0.4404296875,
0.9175,-2.8828125,2.802734375,0,
0.918,-2.2021484375,2.642578125,-0.80078125,
0.9185,-1.521484375,2.6826171875,-1.6416015625,
0.919,-1.0009765625,2.8828125,-2.5224609375,
0.9195,-0.6005859375,2.8828125,-3.123046875,
0.92,-0.16015625,2.5625,-3.36328125,
0.9205,0.4404296875,1.9619140625,-3.4033203125,
0.921,1.28125,1.2412109375,-3.4833984375,
0.9215,2.0419921875,0.640625,-3.7236328125,
0.922,2.6826171875,0.2001953125,-3.923828125,
0.9225,2.962890625,-0.1201171875,-3.9638671875,
0.923,2.8427734375,-0.5205078125,-3.4833984375,
0.9235,2.7626953125,-1.0009765625,-2.8427734375,
0.924,2.8427734375,-1.6416015625,-2.2021484375,
0.9245,3.0029296875,-2.2822265625,-1.6015625,
0.925,3.1630859375,-2.72265625,-1.201171875,
0.9255,3.04296875,-2.8427734375,-0.80078125,
0.926,2.6025390625,-2.72265625,-0.3203125,
0.9265,1.921875,-2.6025390625,0.48046875,
0.927,1.3212890625,-2.7626953125,1.2412109375,
0.9275,0.880859375,-2.962890625,2.0419921875,
0.928,0.560546875,-3.04296875,2.5625,
0.9285,0.1201171875,-2.6025390625,2.6826171875,
0.929,-0.5205078125,-2.001953125,2.802734375,
0.9295,-1.28125,-1.28125,2.9228515625,
0.93,-2.08203125,-0.720703125,3.203125,
0.9305,-2.642578125,-0.3603515625,3.443359375,
0.931,-2.8828125,0,3.36328125,
0.9315,-2.8828125,0.400390625,2.9228515625,
0.932,-2.7626953125,0.9609375,2.2421875,
0.9325,-2.9228515625,1.6015625,1.681640625,
0.933,-3.203125,2.2822265625,1.12109375,
0.9335,-3.283203125,2.6826171875,0.7607421875,
0.934,-3.04296875,2.72265625,0.2802734375,
0.9345,-2.5625,2.642578125,-0.3203125,
0.935,-1.8818359375,2.642578125,-1.12109375,
0.9355,-1.361328125,2.7626953125,-1.9619140625,
0.936,-0.9208984375,2.9228515625,-2.72265625,
0.9365,-0.6005859375,2.8427734375,-3.203125,
0.937,0,2.40234375,-3.2431640625,
0.9375,0.720703125,1.7216796875,-3.36328125,
0.938,1.5615234375,1.041015625,-3.603515625,
0.9385,2.3623046875,0.560546875,-3.923828125,
0.939,2.802734375,0.2001953125,-4.0439453125,
0.9395,2.8828125,-0.240234375,-3.8037109375,
0.94,2.8427734375,-0.720703125,-3.203125,
0.9405,2.8427734375,-1.44140625,-2.482421875,
0.941,3.04296875,-2.08203125,-1.8818359375,
0.9415,3.283203125,-2.72265625,-1.361328125,
0.942,3.2431640625,-2.9228515625,-1.0009765625,
0.9425,2.802734375,-2.8427734375,-0.48046875,
0.943,2.162109375,-2.72265625,0.2802734375,
0.9435,1.44140625,-2.8427734375,1.201171875,
0.944,0.9609375,-3.04296875,2.001953125,
0.9445,0.5205078125,-3.0830078125,2.5625,
0.945,0.1201171875,-2.7626953125,2.8427734375,
0.9455,-0.5205078125,-2.08203125,2.8427734375,
0.946,-1.28125,-1.3212890625,2.962890625,
0.9465,-2.08203125,-0.720703125,3.1630859375,
0.947,-2.7626953125,-0.3203125,3.443359375,
0.9475,-3.04296875,0.0400390625,3.443359375,
0.948,-2.8828125,0.48046875,2.962890625,
0.9485,-2.8427734375,0.9609375,2.322265625,
0.949,-2.8828125,1.6416015625,1.5615234375,
0.9495,-3.0830078125,2.2421875,1.0810546875,
0.95,-3.203125,2.642578125,0.640625,
0.9505,-3.0830078125,2.7626953125,0.2802734375,
0.951,-2.5625,2.6025390625,-0.2802734375,
0.9515,-1.9619140625,2.5224609375,-1.0009765625,
0.952,-1.3212890625,2.5625,-1.8017578125,
0.9525,-0.9609375,2.802734375,-2.6025390625,
0.953,-0.6005859375,2.8427734375,-3.0830078125,
0.9535,-0.16015625,2.482421875,-3.203125,
0.954,0.48046875,1.8818359375,-3.3232421875,
0.9545,1.3212890625,1.1611328125,-3.4833984375,
0.955,2.0419921875,0.640625,-3.8037109375,
0.9555,2.6826171875,0.240234375,-4.00390625,
0.956,2.8828125,0,-3.923828125,
0.9565,2.802734375,-0.560546875,-3.36328125,
0.957,2.802734375,-1.1611328125,-2.802734375,
0.9575,2.9228515625,-1.841796875,-2.1220703125,
0.958,3.203125,-2.482421875,-1.6015625,
0.9585,3.283203125,-2.8427734375,-1.201171875,
0.959,3.04296875,-2.8828125,-0.720703125,
0.9595,2.482421875,-2.8427734375,-0.1201171875,
0.96,1.76171875,-2.8828125,0.7607421875,
0.9605,1.2412109375,-3.04296875,1.6015625,
0.961,0.7607421875,-3.1630859375,2.4423828125,
0.9615,0.400390625,-3.0029296875,2.802734375,
0.962,-0.240234375,-2.40234375,2.8427734375,
0.9625,-1.0009765625,-1.7216796875,3.0029296875,
0.963,-1.921875,-0.9609375,3.203125,
0.9635,-2.6025390625,-0.48046875,3.4833984375,
0.964,-3.0830078125,0,3.5234375,
0.9645,-3.0830078125,0.2802734375,3.2431640625,
0.965,-2.9228515625,0.8408203125,2.5224609375,
0.9655,-2.9228515625,1.521484375,1.8017578125,
0.966,-3.0830078125,2.2021484375,1.12109375,
0.9665,-3.3232421875,2.72265625,0.6806640625,
0.967,-3.203125,2.8427734375,0.2802734375,
0.9675,-2.6826171875,2.6826171875,-0.2802734375,
0.968,-2.08203125,2.5625,-0.9208984375,
0.9685,-1.361328125,2.5625,-1.8017578125,
0.969,-0.9208984375,2.802734375,-2.5625,
0.9695,-0.5205078125,2.8427734375,-3.123046875,
0.97,-0.16015625,2.5625,-3.3232421875,
0.9705,0.48046875,1.8818359375,-3.283203125,
0.971,1.2412109375,1.2412109375,-3.443359375,
0.9715,2.0419921875,0.6005859375,-3.68359375,
0.972,2.6025390625,0.240234375,-3.923828125,
0.9725,2.8427734375,-0.1201171875,-3.8837890625,
0.973,2.8427734375,-0.5205078125,-3.4833984375,
0.9735,2.7626953125,-1.0009765625,-2.8828125,
0.974,2.802734375,-1.6416015625,-2.2021484375,
0.9745,3.04296875,-2.2421875,-1.7216796875,
0.975,3.203125,-2.72265625,-1.28125,
0.9755,3.0830078125,-2.8828125,-0.9208984375,
0.976,2.5625,-2.802734375,-0.3603515625,
0.9765,2.0419921875,-2.7626953125,0.3603515625,
0.977,1.4013671875,-2.8427734375,1.28125,
0.9775,1.0009765625,-3.0029296875,2.001953125,
0.978,0.6005859375,-3.0029296875,2.5224609375,
0.9785,0.240234375,-2.6826171875,2.72265625,
0.979,-0.5205078125,-2.001953125,2.802734375,
0.9795,-1.3212890625,-1.3212890625,3.0029296875,
0.98,-2.1220703125,-0.7607421875,3.283203125,
0.9805,-2.7626953125,-0.400390625,3.5634765625,
0.981,-2.9228515625,0,3.443359375,
0.9815,-2.8828125,0.48046875,2.8828125,
0.982,-2.9228515625,1.0810546875,2.2822265625,
0.9825,-3.04296875,1.841796875,1.5615234375,
0.983,-3.283203125,2.482421875,1.12109375,
0.9835,-3.36328125,2.802734375,0.640625,
0.984,-3.0830078125,2.7626953125,0.2001953125,
0.9845,-2.4423828125,2.6025390625,-0.5205078125,
0.985,-1.8017578125,2.6826171875,-1.3212890625,
0.9855,-1.1611328125,2.8427734375,-2.2822265625,
0.986,-0.80078125,3.04296875,-2.9228515625,
0.9865,-0.3603515625,2.802734375,-3.2431640625,
0.987,0.2001953125,2.2421875,-3.36328125,
0.9875,0.9609375,1.521484375,-3.443359375,
0.988,1.841796875,0.8408203125,-3.68359375,
0.9885,2.5224609375,0.3603515625,-3.923828125,
0.989,2.9228515625,0,-4.00390625,
0.9895,2.9228515625,-0.3603515625,-3.7236328125,
0.99,2.7626953125,-0.880859375,-2.962890625,
0.9905,2.8427734375,-1.4814453125,-2.3623046875,
0.991,3.04296875,-2.2421875,-1.681640625,
0.9915,3.203125,-2.7626953125,-1.28125,
0.992,3.123046875,-2.8828125,-0.8408203125,
0.9925,2.6826171875,-2.8828125,-0.4404296875,
0.993,2.0419921875,-2.642578125,0.3203125,
0.9935,1.4013671875,-2.72265625,1.1611328125,
0.994,0.9208984375,-2.9228515625,2.001953125,
0.9945,0.560546875,-3.04296875,2.6025390625,
0.995,0.16015625,-2.72265625,2.802734375,
0.9955,-0.48046875,-2.0419921875,2.802734375,
0.996,-1.2412109375,-1.4013671875,2.962890625,
0.9965,-2.08203125,-0.720703125,3.203125,
0.997,-2.72265625,-0.3603515625,3.4833984375,
0.9975,-2.962890625,0.0400390625,3.443359375,
0.998,-2.962890625,0.400390625,3.04296875,
0.9985,-2.8427734375,0.9609375,2.322265625,
0.999,-2.9228515625,1.6015625,1.7216796875,
0.9995,-3.203125,2.2421875,1.12109375,