Date,2020-11-03 22:19:04
Filename,STFCB-20201012-0105-0125_20201103_221704_002.dat
Data Label,정상
Label No,00
Motor Spec,R-PAHU-04S,1760,55,105.3,
Period,1SEC
Sample Rate,2000
RMS,53.36464,52.82387,52.82245,
Data Length,2000,
0,-33.5927734375,-41.400390625,73.5517578125,
0.0005,-29.8291015625,-44.923828125,73.431640625,
0.001,-9.9296875,-57.81640625,67.265625,
0.0015,-3.443359375,-64.1025390625,67.3857421875,
0.002,13.4130859375,-72.470703125,59.2177734375,
0.0025,23.8232421875,-72.791015625,49.16796875,
0.003,32.3916015625,-74.8330078125,42.12109375,
0.0035,44.5634765625,-69.3876953125,24.7041015625,
0.004,49.48828125,-72.9111328125,22.3818359375,
0.0045,64.0625,-66.4248046875,1.5615234375,
0.005,67.3857421875,-65.2236328125,-3.5634765625,
0.0055,71.1494140625,-54.1728515625,-18.0576171875,
0.006,72.310546875,-43.802734375,-28.98828125,
0.0065,76.234375,-37.236328125,-38.677734375,
0.007,72.5107421875,-20.740234375,-50.3291015625,
0.0075,74.47265625,-16.736328125,-55.1337890625,
0.008,66.78515625,1.9619140625,-65.18359375,
0.0085,60.2587890625,10.169921875,-66.1845703125,
0.009,51.3701171875,22.341796875,-69.3876953125,
0.0095,38.4375,36.515625,-71.6298828125,
0.01,36.1552734375,44.1630859375,-77.515625,
0.0105,16.4560546875,55.6943359375,-70.62890625,
0.011,13.4130859375,57.4560546875,-70.1884765625,
0.0115,-5.0048828125,64.9833984375,-60.458984375,
0.012,-13.533203125,67.4658203125,-55.0537109375,
0.0125,-27.146484375,73.6318359375,-47.88671875,
0.013,-41.48046875,74.2724609375,-34.5537109375,
0.0135,-45.5244140625,74.953125,-30.830078125,
0.014,-55.6943359375,66.5849609375,-12.7724609375,
0.0145,-59.73828125,65.0634765625,-6.56640625,
0.015,-69.267578125,57.8564453125,10.2099609375,
0.0155,-74.3125,50.8095703125,22.3818359375,
0.016,-79.3974609375,45.6044921875,32.912109375,
0.0165,-73.9521484375,28.3876953125,44.0830078125,
0.017,-75.353515625,26.42578125,47.3662109375,
0.0175,-67.826171875,5.0048828125,60.859375,
0.018,-68.4267578125,0.400390625,65.82421875,
0.0185,-59.978515625,-16.8564453125,74.47265625,
0.019,-51.009765625,-27.947265625,77.115234375,
0.0195,-43.2421875,-35.5947265625,77.115234375,
0.02,-26.265625,-44.8837890625,69.908203125,
0.0205,-21.78125,-51.5703125,72.3505859375,
0.021,-1.8017578125,-64.5830078125,66.1044921875,
0.0215,6.005859375,-69.34765625,63.26171875,
0.022,19.4990234375,-72.2705078125,52.771484375,
0.0225,31.23046875,-71.0693359375,39.9990234375,
0.023,38.677734375,-74.8330078125,35.5146484375,
0.0235,52.8115234375,-69.7880859375,16.6162109375,
0.024,58.9775390625,-73.9521484375,13.4931640625,
0.0245,70.1484375,-65.103515625,-6.1259765625,
0.025,70.9091796875,-59.0576171875,-13.0927734375,
0.0255,74.1123046875,-49.2080078125,-25.625,
0.026,74.2724609375,-35.634765625,-38.2373046875,
0.0265,78.31640625,-31.390625,-45.484375,
0.027,71.9501953125,-13.5732421875,-55.6142578125,
0.0275,70.46875,-7.447265625,-58.8173828125,
0.028,61.01953125,9.529296875,-65.5439453125,
0.0285,52.9716796875,19.6591796875,-67.42578125,
0.029,46.8056640625,30.509765625,-72.5107421875,
0.0295,30.58984375,45.6845703125,-73.1513671875,
0.03,29.7490234375,48.6875,-76.07421875,
0.0305,8.3681640625,59.017578125,-66.625,
0.031,4.5244140625,60.298828125,-64.943359375,
0.0315,-12.97265625,68.0263671875,-56.4150390625,
0.032,-25.0244140625,73.4716796875,-50.0888671875,
0.0325,-36.435546875,78.7568359375,-43.482421875,
0.033,-47.005859375,73.111328125,-28.2275390625,
0.0335,-48.6875,71.4296875,-24.423828125,
0.034,-60.0986328125,63.5419921875,-5.125,
0.0345,-65.4638671875,62.0205078125,2.162109375,
0.035,-73.7119140625,54.4931640625,17.8974609375,
0.0355,-76.1943359375,44.283203125,30.4697265625,
0.036,-78.556640625,39.638671875,37.396484375,
0.0365,-70.1884765625,20.4599609375,48.0068359375,
0.037,-72.6708984375,18.3779296875,52.3310546875,
0.0375,-65.18359375,-2.6025390625,65.583984375,
0.038,-63.90234375,-9.0087890625,70.388671875,
0.0385,-54.373046875,-23.3828125,75.3935546875,
0.039,-41.80078125,-34.5537109375,74.3525390625,
0.0395,-36.3955078125,-40.6396484375,75.3935546875,
0.04,-18.9384765625,-51.1298828125,68.9072265625,
0.0405,-14.1337890625,-59.09765625,72.310546875,
0.041,5.044921875,-70.6689453125,65.4638671875,
0.0415,13.853515625,-72.3505859375,58.4169921875,
0.042,24.7841796875,-74.0322265625,49.0478515625,
0.0425,38.7578125,-72.4306640625,33.47265625,
0.043,44.3232421875,-76.7548828125,31.3505859375,
0.0435,60.138671875,-71.1494140625,10.2099609375,
0.044,63.0615234375,-71.1494140625,6.40625,
0.0445,69.4677734375,-60.1787109375,-10.650390625,
0.045,70.8291015625,-51.7705078125,-20.2197265625,
0.0455,74.6728515625,-43.8427734375,-31.23046875,
0.046,73.912109375,-27.70703125,-45.1640625,
0.0465,76.3544921875,-24.4638671875,-49.328125,
0.047,68.38671875,-5.28515625,-59.2177734375,
0.0475,65.103515625,1.7216796875,-61.1396484375,
0.048,56.455078125,16.9765625,-67.666015625,
0.0485,47.3662109375,28.66796875,-70.869140625,
0.049,43.7626953125,38.5576171875,-77.8759765625,
0.0495,25.224609375,50.4091796875,-73.111328125,
0.05,23.7431640625,52.2509765625,-74.4326171875,
0.0505,2.482421875,62.4208984375,-64.86328125,
0.051,-2.8828125,65.0234375,-63.021484375,
0.0515,-19.1787109375,72.310546875,-54.7734375,
0.052,-32.3115234375,75.59375,-45.2041015625,
0.0525,-39.9189453125,77.275390625,-38.9580078125,
0.053,-48.4873046875,68.146484375,-21.9814453125,
0.0535,-52.8515625,68.546875,-17.45703125,
0.054,-64.22265625,61.1396484375,1.201171875,
0.0545,-69.5478515625,58.216796875,9.9697265625,
0.055,-74.1923828125,50.1689453125,22.6220703125,
0.0555,-72.5908203125,35.9150390625,34.9541015625,
0.056,-75.3935546875,33.552734375,40.19921875,
0.0565,-68.146484375,13.7734375,52.4111328125,
0.057,-71.9501953125,11.4912109375,58.376953125,
0.0575,-64.462890625,-8.2080078125,70.1884765625,
0.058,-59.4580078125,-16.255859375,73.1513671875,
0.0585,-50.12890625,-27.4267578125,75.193359375,
0.059,-34.8740234375,-39.9189453125,73.0712890625,
0.0595,-31.9111328125,-44.8037109375,75.193359375,
0.06,-12.4521484375,-58.5771484375,70.2685546875,
0.0605,-6.6064453125,-63.4619140625,69.5078125,
0.061,9.7294921875,-70.1083984375,60.298828125,
0.0615,19.8193359375,-69.828125,50.12890625,
0.062,29.388671875,-73.751953125,44.123046875,
0.0625,44.7236328125,-71.5498046875,26.6259765625,
0.063,48.20703125,-75.11328125,25.865234375,
0.0635,61.0595703125,-66.9052734375,5.0048828125,
0.064,62.701171875,-64.3427734375,0.16015625,
0.0645,69.107421875,-54.9736328125,-15.3349609375,
0.065,72.9111328125,-45.64453125,-27.7470703125,
0.0655,78.8369140625,-40.0390625,-38.3974609375,
0.066,74.5927734375,-22.8623046875,-49.96875,
0.0665,73.8720703125,-19.37890625,-51.5703125,
0.067,65.103515625,0.2802734375,-61.5,
0.0675,61.66015625,8.328125,-65.2236328125,
0.068,53.8125,21.9814453125,-71.029296875,
0.0685,42.2412109375,35.5947265625,-73.912109375,
0.069,39.1982421875,41.9609375,-77.8759765625,
0.0695,18.73828125,51.2900390625,-68.2265625,
0.07,16.6162109375,53.8525390625,-69.5478515625,
0.0705,-4.083984375,64.8232421875,-61.1796875,
0.071,-11.931640625,69.427734375,-58.6572265625,
0.0715,-26.10546875,75.193359375,-50.44921875,
0.072,-38.4775390625,73.19140625,-36.67578125,
0.0725,-42.8818359375,73.3115234375,-32.19140625,
0.073,-54.7333984375,66.1044921875,-13.4130859375,
0.0735,-61.259765625,68.1064453125,-8.248046875,
0.074,-72.7509765625,61.33984375,9.9697265625,
0.0745,-75.6337890625,54.29296875,20.099609375,
0.075,-77.6357421875,46.7255859375,29.5888671875,
0.0755,-73.19140625,29.388671875,42.2412109375,
0.076,-76.314453125,28.9482421875,45.64453125,
0.0765,-70.5888671875,7.0869140625,61.4599609375,
0.077,-71.7099609375,3.36328125,65.984375,
0.0775,-61.5400390625,-13.4130859375,72.3505859375,
0.078,-52.130859375,-23.22265625,73.03125,
0.0785,-44.123046875,-32.83203125,75.0732421875,
0.079,-27.6669921875,-45.884765625,72.0703125,
0.0795,-24.7841796875,-51.25,74.79296875,
0.08,-4.4443359375,-64.6630859375,68.38671875,
0.0805,2.2421875,-65.6240234375,63.1416015625,
0.081,16.3359375,-69.66796875,53.4521484375,
0.0815,29.5888671875,-71.3896484375,41.880859375,
0.082,38.998046875,-78.236328125,38.59765625,
0.0825,52.69140625,-73.0712890625,19.9794921875,
0.083,55.2939453125,-74.7529296875,18.1376953125,
0.0835,65.0234375,-63.7421875,-1.9619140625,
0.084,66.9853515625,-59.9384765625,-8.6083984375,
0.0845,73.912109375,-51.7705078125,-23.1826171875,
0.085,76.71484375,-39.638671875,-37.15625,
0.0855,79.7578125,-34.9541015625,-43.9228515625,
0.086,70.3486328125,-16.65625,-51.6904296875,
0.0865,69.3876953125,-11.8115234375,-54.5732421875,
0.087,60.779296875,6.966796875,-63.9423828125,
0.0875,56.775390625,17.0166015625,-69.7080078125,
0.088,50.208984375,29.2685546875,-75.43359375,
0.0885,34.0732421875,42.521484375,-73.51171875,
0.089,32.671875,44.68359375,-74.712890625,
0.0895,10.73046875,56.4951171875,-66.0244140625,
0.09,7.9677734375,60.0986328125,-67.5458984375,
0.0905,-11.5712890625,71.109375,-60.0986328125,
0.091,-22.1015625,76.1142578125,-54.93359375,
0.0915,-32.03125,77.275390625,-46.044921875,
0.092,-43.001953125,71.26953125,-29.869140625,
0.0925,-46.6455078125,71.990234375,-26.6259765625,
0.093,-61.3798828125,66.1845703125,-6.3662109375,
0.0935,-67.2255859375,65.9443359375,0.3203125,
0.094,-74.232421875,57.3359375,15.85546875,
0.0945,-72.390625,45.1240234375,26.10546875,
0.095,-74.8330078125,39.8388671875,33.6728515625,
0.0955,-69.5078125,21.1005859375,46.765625,
0.096,-74.1923828125,20.4599609375,51.9306640625,
0.0965,-67.74609375,-1.2412109375,66.78515625,
0.097,-65.0634765625,-5.8056640625,68.466796875,
0.0975,-54.7333984375,-19.37890625,71.75,
0.098,-43.162109375,-31.390625,72.630859375,
0.0985,-38.7578125,-40.759765625,78.15625,
0.099,-21.140625,-53.0517578125,73.3115234375,
0.0995,-16.9765625,-58.9775390625,75.3935546875,
0.1,2.162109375,-67.9462890625,65.904296875,
0.1005,10.25,-69.2275390625,59.2177734375,
0.101,22.5419921875,-73.03125,50.609375,
0.1015,38.1572265625,-74.6728515625,36.595703125,
0.102,44.8037109375,-80.158203125,34.6337890625,
0.1025,55.8544921875,-70.5087890625,13.93359375,
0.103,57.6162109375,-70.548828125,11.2109375,
0.1035,65.7841796875,-60.0986328125,-7.4072265625,
0.104,69.8681640625,-55.25390625,-16.4560546875,
0.1045,76.234375,-48.046875,-29.46875,
0.105,75.59375,-32.671875,-42.921875,
0.1055,75.9140625,-29.3486328125,-45.64453125,
0.106,66.9052734375,-9.6494140625,-55.25390625,
0.1065,66.78515625,-4.5244140625,-59.2578125,
0.107,59.5380859375,13.0126953125,-68.8671875,
0.1075,52.451171875,24.3837890625,-73.03125,
0.108,47.166015625,33.79296875,-77.2353515625,
0.1085,28.1875,45.6845703125,-71.1494140625,
0.109,27.6669921875,46.8857421875,-72.310546875,
0.1095,5.845703125,60.298828125,-65.18359375,
0.11,1.28125,64.86328125,-65.8642578125,
0.1105,-15.0947265625,72.310546875,-57.65625,
0.111,-26.42578125,73.111328125,-47.6064453125,
0.1115,-34.033203125,74.0322265625,-40.759765625,
0.112,-45.4443359375,67.505859375,-23.462890625,
0.1125,-49.3681640625,69.3076171875,-20.900390625,
0.113,-63.7822265625,63.7421875,-1.28125,
0.1135,-67.1455078125,59.9384765625,6.40625,
0.114,-70.30859375,51.08984375,18.3779296875,
0.1145,-70.1884765625,37.63671875,31.5107421875,
0.115,-75.4736328125,35.7548828125,38.5576171875,
0.1155,-70.2685546875,15.8955078125,52.8515625,
0.116,-74.4326171875,14.4140625,58.216796875,
0.1165,-64.54296875,-5.2451171875,67.74609375,
0.117,-59.2578125,-12.01171875,69.02734375,
0.1175,-51.1298828125,-24.5439453125,73.591796875,
0.118,-37.31640625,-38.3974609375,74.1923828125,
0.1185,-34.994140625,-44.203125,78.3564453125,
0.119,-15.0546875,-56.455078125,70.94921875,
0.1195,-10.73046875,-59.1376953125,69.5078125,
0.12,6.806640625,-66.224609375,59.5380859375,
0.1205,17.13671875,-69.267578125,52.4111328125,
0.121,28.427734375,-74.9130859375,46.525390625,
0.1215,43.9228515625,-73.2314453125,29.1484375,
0.122,45.9248046875,-75.5537109375,28.427734375,
0.1225,57.6162109375,-65.34375,6.6865234375,
0.123,60.2587890625,-65.423828125,3.04296875,
0.1235,69.98828125,-57.0556640625,-14.7744140625,
0.124,75.353515625,-50.44921875,-26.265625,
0.1245,79.357421875,-43.9228515625,-35.9150390625,
0.125,72.9912109375,-26.2255859375,-46.1650390625,
0.1255,72.9111328125,-23.54296875,-47.7265625,
0.126,65.6640625,-3.0830078125,-59.7783203125,
0.1265,64.6630859375,3.8037109375,-64.6630859375,
0.127,57.1357421875,18.4580078125,-71.4697265625,
0.1275,44.9638671875,29.869140625,-71.109375,
0.128,40.919921875,36.3955078125,-73.7919921875,
0.1285,20.900390625,48.20703125,-66.8251953125,
0.129,20.1796875,51.5302734375,-69.98828125,
0.1295,-1.1611328125,65.1435546875,-63.58203125,
0.13,-7.6474609375,68.1064453125,-60.779296875,
0.1305,-20.33984375,71.7099609375,-52.0908203125,
0.131,-32.751953125,70.5087890625,-38.998046875,
0.1315,-40.0791015625,74.392578125,-35.314453125,
0.132,-52.2109375,68.546875,-17.8173828125,
0.1325,-58.6572265625,71.509765625,-13.853515625,
0.133,-68.306640625,63.1416015625,4.0439453125,
0.1335,-69.3876953125,55.89453125,12.65234375,
0.134,-72.470703125,48.6875,22.90234375,
0.1345,-72.470703125,32.7919921875,38.4375,
0.135,-78.3564453125,33.15234375,43.802734375,
0.1355,-71.3896484375,11.0908203125,58.45703125,
0.136,-71.4697265625,9.2490234375,60.21875,
0.1365,-60.37890625,-8.2080078125,66.2646484375,
0.137,-53.97265625,-17.9775390625,69.7080078125,
0.1375,-47.486328125,-29.708984375,75.11328125,
0.138,-31.3505859375,-43.72265625,73.6318359375,
0.1385,-29.228515625,-46.9658203125,75.11328125,
0.139,-8.728515625,-57.9765625,66.3046875,
0.1395,-3.5634765625,-60.619140625,64.0625,
0.14,12.65234375,-68.38671875,55.9345703125,
0.1405,25.5849609375,-72.4306640625,47.1259765625,
0.141,35.154296875,-79.27734375,43.482421875,
0.1415,47.0859375,-71.349609375,24.0234375,
0.142,48.6474609375,-72.791015625,22.90234375,
0.1425,61.66015625,-64.22265625,1.44140625,
0.143,65.6640625,-63.26171875,-4.1640625,
0.1435,74.3125,-55.9345703125,-19.8994140625,
0.144,75.59375,-44.283203125,-32.03125,
0.1445,76.07421875,-38.197265625,-37.7568359375,
0.145,67.666015625,-19.4189453125,-47.1259765625,
0.1455,68.9072265625,-17.056640625,-49.7685546875,
0.146,63.3818359375,2.8427734375,-62.9814453125,
0.1465,60.05859375,11.771484375,-67.9462890625,
0.147,52.53125,22.7421875,-71.26953125,
0.1475,36.515625,35.1142578125,-68.4267578125,
0.148,34.75390625,40.359375,-72.23046875,
0.1485,13.93359375,53.7724609375,-66.0244140625,
0.149,12.01171875,59.177734375,-70.1884765625,
0.1495,-7.3271484375,69.1875,-61.900390625,
0.15,-15.4951171875,70.2685546875,-55.4541015625,
0.1505,-25.5048828125,71.669921875,-47.0458984375,
0.151,-39.5986328125,69.3876953125,-31.150390625,
0.1515,-44.8837890625,73.6318359375,-29.7890625,
0.152,-58.6572265625,67.5458984375,-10.330078125,
0.1525,-61.66015625,66.78515625,-6.0458984375,
0.153,-67.025390625,56.4951171875,9.5693359375,
0.1535,-67.6259765625,47.24609375,19.37890625,
0.154,-73.3515625,43.0419921875,29.2685546875,
0.1545,-71.189453125,25.4248046875,44.4033203125,
0.155,-76.2744140625,25.7451171875,48.9677734375,
0.1555,-66.625,4.083984375,60.69921875,
0.156,-64.86328125,1.12109375,61.6201171875,
0.1565,-55.814453125,-14.4541015625,68.1064453125,
0.157,-47.56640625,-27.306640625,72.87109375,
0.1575,-43.4423828125,-37.5166015625,79.677734375,
0.158,-25.5849609375,-48.1669921875,72.630859375,
0.1585,-22.26171875,-51.169921875,72.630859375,
0.159,-2.482421875,-61.5400390625,63.90234375,
0.1595,4.8447265625,-65.263671875,60.5390625,
0.16,18.2978515625,-72.0302734375,53.8125,
0.1605,32.912109375,-73.7119140625,40.7998046875,
0.161,38.0771484375,-76.9951171875,38.197265625,
0.1615,49.2880859375,-67.1455078125,17.296875,
0.162,51.5703125,-68.8671875,15.5751953125,
0.1625,64.142578125,-61.3798828125,-4.4443359375,
0.163,68.8671875,-58.216796875,-12.5322265625,
0.1635,74.2724609375,-51.009765625,-24.7041015625,
0.164,71.7099609375,-35.39453125,-36.7158203125,
0.1645,73.5517578125,-31.87109375,-41.2001953125,
0.165,65.82421875,-13.3330078125,-51.009765625,
0.1655,68.8671875,-8.728515625,-57.3759765625,
0.166,62.4609375,9.048828125,-67.9462890625,
0.1665,55.1337890625,18.41796875,-69.5478515625,
0.167,49.16796875,26.826171875,-71.8701171875,
0.1675,30.7900390625,40.5595703125,-68.306640625,
0.168,31.0703125,44.763671875,-73.19140625,
0.1685,8.96875,59.578125,-67.2255859375,
0.169,6.2861328125,62.62109375,-68.2666015625,
0.1695,-9.76953125,67.2255859375,-57.736328125,
0.17,-20.0595703125,68.3466796875,-49.16796875,
0.1705,-29.7890625,72.0302734375,-43.2822265625,
0.171,-43.962890625,68.5869140625,-26.025390625,
0.1715,-48.4072265625,72.1103515625,-24.8642578125,
0.172,-60.779296875,64.1025390625,-4.5244140625,
0.1725,-61.900390625,60.5791015625,0.48046875,
0.173,-66.7451171875,51.810546875,14.0537109375,
0.1735,-69.7880859375,41.3603515625,27.38671875,
0.174,-77.1953125,39.9990234375,36.115234375,
0.1745,-71.26953125,20.0595703125,49.80859375,
0.175,-73.9521484375,19.4990234375,52.69140625,
0.1755,-64.22265625,-0.8408203125,63.021484375,
0.176,-61.2197265625,-6.7666015625,65.82421875,
0.1765,-54.453125,-21.140625,73.3916015625,
0.177,-41.48046875,-35.314453125,75.193359375,
0.1775,-38.197265625,-40.2392578125,77.1552734375,
0.178,-17.9775390625,-51.5302734375,68.70703125,
0.1785,-14.09375,-54.9736328125,68.546875,
0.179,4.64453125,-65.583984375,61.01953125,
0.1795,15.134765625,-70.46875,55.4541015625,
0.18,25.78515625,-75.8740234375,49.48828125,
0.1805,39.9990234375,-71.7900390625,31.6708984375,
0.181,42.201171875,-74.072265625,30.8701171875,
0.1815,56.85546875,-66.3447265625,8.6484375,
0.182,61.1796875,-68.70703125,5.685546875,
0.1825,71.8701171875,-60.619140625,-12.8125,
0.183,74.9130859375,-53.4521484375,-22.662109375,
0.1835,75.7138671875,-45.32421875,-31.1103515625,
0.184,70.8291015625,-27.1064453125,-43.2822265625,
0.1845,73.431640625,-25.14453125,-46.7255859375,
0.185,66.705078125,-4.5244140625,-59.3779296875,
0.1855,66.224609375,1.5615234375,-63.7822265625,
0.186,56.6953125,16.3759765625,-68.70703125,
0.1865,45.1240234375,26.90625,-67.986328125,
0.187,41.240234375,34.8740234375,-72.310546875,
0.1875,21.4609375,48.7275390625,-67.7060546875,
0.188,21.701171875,52.8115234375,-72.7509765625,
0.1885,-0.2802734375,64.22265625,-63.58203125,
0.189,-4.5244140625,64.703125,-60.5390625,
0.1895,-18.578125,68.9072265625,-51.25,
0.19,-31.951171875,70.46875,-39.87890625,
0.1905,-41.16015625,76.875,-36.7958984375,
0.191,-53.0517578125,70.0283203125,-18.578125,
0.1915,-56.2548828125,70.7490234375,-15.5751953125,
0.192,-65.82421875,61.1796875,3.4033203125,
0.1925,-68.70703125,56.0947265625,11.5712890625,
0.193,-74.47265625,49.568359375,23.86328125,
0.1935,-75.3134765625,34.59375,39.3583984375,
0.194,-78.7568359375,34.6337890625,42.6015625,
0.1945,-68.9072265625,12.33203125,54.8134765625,
0.195,-69.1875,10.8505859375,56.294921875,
0.1955,-60.619140625,-8.328125,66.6650390625,
0.196,-56.0146484375,-18.0576171875,71.75,
0.1965,-49.80859375,-29.6689453125,77.5556640625,
0.197,-32.7919921875,-41.9609375,73.1513671875,
0.1975,-30.3095703125,-43.7626953125,72.7509765625,
0.198,-8.80859375,-57.3759765625,65.583984375,
0.1985,-3.8037109375,-62.7412109375,66.224609375,
0.199,13.7333984375,-73.03125,59.3779296875,
0.1995,24.8642578125,-74.4326171875,49.568359375,
0.2,32.3515625,-76.9150390625,44.0029296875,
0.2005,44.84375,-69.267578125,24.0234375,
0.201,48.3671875,-73.03125,23.2626953125,
0.2015,64.142578125,-66.14453125,0.6806640625,
0.202,68.38671875,-66.8251953125,-3.5234375,
0.2025,73.3115234375,-56.4150390625,-18.4580078125,
0.203,72.791015625,-45.0439453125,-28.66796875,
0.2035,74.953125,-38.7177734375,-36.2353515625,
0.204,69.0673828125,-19.8193359375,-48.0869140625,
0.2045,72.5107421875,-17.6572265625,-52.2109375,
0.205,65.423828125,3.123046875,-64.5830078125,
0.2055,60.619140625,9.6494140625,-65.5439453125,
0.206,51.3701171875,21.140625,-67.666015625,
0.2065,37.5166015625,34.7138671875,-68.306640625,
0.207,36.6357421875,42.201171875,-75.3134765625,
0.2075,15.0546875,56.21484375,-69.34765625,
0.208,14.25390625,58.9775390625,-72.0703125,
0.2085,-5.28515625,66.2646484375,-61.0595703125,
0.209,-12.33203125,66.9853515625,-55.4541015625,
0.2095,-25.064453125,72.7109375,-48.84765625,
0.21,-40.6796875,73.1513671875,-34.11328125,
0.2105,-45.0439453125,76.5947265625,-32.7119140625,
0.211,-56.85546875,67.42578125,-12.2919921875,
0.2115,-57.9365234375,65.34375,-8.6484375,
0.212,-66.2646484375,56.375,8.6083984375,
0.2125,-70.30859375,49.3681640625,19.779296875,
0.213,-77.3955078125,45.6044921875,30.58984375,
0.2135,-73.2314453125,27.3466796875,44.443359375,
0.214,-75.193359375,26.826171875,46.7255859375,
0.2145,-65.8642578125,4.404296875,59.5380859375,
0.215,-66.384765625,1.521484375,62.7412109375,
0.2155,-59.4580078125,-16.1357421875,73.19140625,
0.216,-51.650390625,-28.3876953125,78.4365234375,
0.2165,-45.8046875,-36.35546875,80.318359375,
0.217,-26.8662109375,-46.0048828125,71.58984375,
0.2175,-23.703125,-50.3291015625,73.111328125,
0.218,-2.001953125,-64.0625,65.7041015625,
0.2185,5.0048828125,-69.7880859375,64.623046875,
0.219,19.4189453125,-75.2333984375,55.654296875,
0.2195,31.390625,-73.3515625,41.7607421875,
0.22,37.236328125,-75.7939453125,37.5966796875,
0.2205,50.4892578125,-67.42578125,16.0556640625,
0.221,55.734375,-72.2705078125,14.4541015625,
0.2215,69.6279296875,-63.6220703125,-7.20703125,
0.222,71.669921875,-60.37890625,-13.3330078125,
0.2225,74.0322265625,-50.0888671875,-25.3447265625,
0.223,72.0703125,-35.234375,-37.1162109375,
0.2235,76.5546875,-31.470703125,-43.9228515625,
0.224,69.98828125,-11.8115234375,-55.6142578125,
0.2245,72.630859375,-7.3271484375,-60.8193359375,
0.225,63.181640625,11.1708984375,-69.0673828125,
0.2255,55.333984375,19.9794921875,-69.5478515625,
0.226,48.6875,29.5888671875,-72.7509765625,
0.2265,30.75,44.5234375,-71.669921875,
0.227,31.3505859375,48.287109375,-76.8349609375,
0.2275,8.0078125,61.2998046875,-68.1865234375,
0.228,5.92578125,61.419921875,-67.1455078125,
0.2285,-11.8115234375,67.8662109375,-56.8955078125,
0.229,-22.58203125,70.548828125,-49.48828125,
0.2295,-33.1123046875,75.8740234375,-44.2431640625,
0.23,-46.845703125,71.6298828125,-26.7861328125,
0.2305,-48.3671875,71.990234375,-25.2646484375,
0.231,-60.8193359375,63.1015625,-4.2041015625,
0.2315,-63.8623046875,61.3798828125,1.1611328125,
0.232,-71.830078125,53.8125,16.736328125,
0.2325,-74.953125,43.5625,29.94921875,
0.233,-79.91796875,40.919921875,37.5166015625,
0.2335,-71.1494140625,20.1796875,49.2880859375,
0.234,-73.7119140625,19.3388671875,52.4111328125,
0.2345,-65.3037109375,-2.72265625,65.82421875,
0.235,-64.22265625,-8.087890625,69.8681640625,
0.2355,-56.3349609375,-22.7421875,76.875,
0.236,-43.2021484375,-34.59375,75.8740234375,
0.2365,-38.837890625,-39.23828125,76.4345703125,
0.237,-18.9384765625,-49.2080078125,67.10546875,
0.2375,-15.935546875,-55.2939453125,70.4287109375,
0.238,4.9248046875,-68.0263671875,62.9013671875,
0.2385,13.373046875,-71.5498046875,58.0966796875,
0.239,24.423828125,-74.0322265625,49.4482421875,
0.2395,38.2373046875,-71.1494140625,32.591796875,
0.24,42.921875,-75.6337890625,31.5908203125,
0.2405,57.49609375,-67.986328125,9.4892578125,
0.241,62.140625,-71.3095703125,7.287109375,
0.2415,70.94921875,-60.5791015625,-11.8515625,
0.242,72.3505859375,-53.3720703125,-20.33984375,
0.2425,75.59375,-45.6845703125,-30.8701171875,
0.243,73.1513671875,-27.7470703125,-44.603515625,
0.2435,76.8349609375,-25.9853515625,-48.52734375,
0.244,68.70703125,-4.8447265625,-60.37890625,
0.2445,66.2646484375,0.240234375,-61.4599609375,
0.245,56.775390625,15.9755859375,-67.345703125,
0.2455,46.8056640625,27.06640625,-68.9072265625,
0.246,43.8427734375,36.0751953125,-75.3935546875,
0.2465,23.703125,49.8486328125,-70.869140625,
0.247,23.783203125,51.6103515625,-73.431640625,
0.2475,0.9609375,62.9013671875,-63.501953125,
0.248,-3.04296875,64.1826171875,-61.66015625,
0.2485,-19.21875,71.75,-53.8125,
0.249,-33.1923828125,75.513671875,-43.8828125,
0.2495,-40.9599609375,79.5576171875,-39.6787109375,
0.25,-50.5693359375,69.3076171875,-20.740234375,
0.2505,-53.8525390625,70.30859375,-17.9775390625,
0.251,-65.82421875,61.8203125,2.5224609375,
0.2515,-71.26953125,59.498046875,10.5302734375,
0.252,-77.275390625,52.2109375,23.6630859375,
0.2525,-75.4736328125,37.076171875,36.8359375,
0.253,-77.1552734375,35.154296875,40.279296875,
0.2535,-67.185546875,13.373046875,51.890625,
0.254,-70.708984375,12.2119140625,56.2548828125,
0.2545,-62.7412109375,-8.9287109375,69.2275390625,
0.255,-59.017578125,-16.81640625,73.271484375,
0.2555,-50.2890625,-27.546875,75.5537109375,
0.256,-33.072265625,-40.119140625,71.4296875,
0.2565,-31.5107421875,-44.1630859375,74.1123046875,
0.257,-9.8896484375,-58.6171875,67.826171875,
0.2575,-6.1259765625,-64.703125,70.388671875,
0.258,11.8916015625,-73.0712890625,61.259765625,
0.2585,20.8203125,-71.7900390625,51.0498046875,
0.259,29.46875,-74.712890625,45.0439453125,
0.2595,45.404296875,-71.3896484375,25.7451171875,
0.26,48.7275390625,-76.474609375,26.42578125,
0.2605,64.0224609375,-68.466796875,3.4033203125,
0.261,64.9033203125,-66.9453125,0.2802734375,
0.2615,69.1875,-55.734375,-14.974609375,
0.262,70.5888671875,-45.4443359375,-26.1455078125,
0.2625,76.5947265625,-40.759765625,-35.9150390625,
0.263,72.5107421875,-21.8212890625,-49.568359375,
0.2635,74.072265625,-20.2998046875,-51.490234375,
0.264,64.8232421875,0.6005859375,-62.140625,
0.2645,60.619140625,6.6064453125,-63.1015625,
0.265,52.9716796875,19.859375,-68.466796875,
0.2655,41.16015625,34.5537109375,-72.0302734375,
0.266,40.3994140625,41.6806640625,-79.0771484375,
0.2665,18.41796875,52.931640625,-69.3076171875,
0.267,17.77734375,54.1728515625,-70.708984375,
0.2675,-3.7236328125,64.5029296875,-60.619140625,
0.268,-10.5302734375,68.1865234375,-58.3369140625,
0.2685,-24.984375,75.75390625,-51.6904296875,
0.269,-38.91796875,74.953125,-37.4365234375,
0.2695,-41.80078125,75.033203125,-34.43359375,
0.27,-53.171875,64.943359375,-13.453125,
0.2705,-57.4560546875,66.46484375,-10.169921875,
0.271,-69.267578125,58.857421875,9.2490234375,
0.2715,-74.1923828125,54.1728515625,18.9384765625,
0.272,-77.7158203125,47.8466796875,28.748046875,
0.2725,-71.7900390625,29.1083984375,41.240234375,
0.273,-74.072265625,29.388671875,43.08203125,
0.2735,-66.9453125,6.1259765625,58.9775390625,
0.274,-70.6689453125,3.84375,64.623046875,
0.2745,-62.0205078125,-14.5341796875,74.2724609375,
0.275,-53.572265625,-24.3037109375,75.75390625,
0.2755,-46.4853515625,-32.51171875,77.2353515625,
0.276,-27.306640625,-45.1240234375,71.109375,
0.2765,-26.265625,-49.48828125,74.7529296875,
0.277,-3.4033203125,-65.3037109375,68.546875,
0.2775,1.76171875,-67.7861328125,66.0244140625,
0.278,15.9755859375,-71.7900390625,56.0146484375,
0.2785,27.546875,-70.30859375,42.9619140625,
0.279,35.39453125,-75.59375,39.7587890625,
0.2795,51.08984375,-70.4287109375,18.8583984375,
0.28,54.453125,-74.79296875,18.73828125,
0.2805,66.4248046875,-64.623046875,-3.203125,
0.281,66.9052734375,-60.5390625,-8.328125,
0.2815,72.7109375,-52.1708984375,-22.1015625,
0.282,74.4326171875,-38.91796875,-36.0751953125,
0.2825,80.1982421875,-36.1552734375,-44.0830078125,
0.283,72.5107421875,-16.015625,-54.8134765625,
0.2835,72.5107421875,-12.7724609375,-57.015625,
0.284,62.78125,6.88671875,-66.1845703125,
0.2845,57.6162109375,15.7353515625,-69.34765625,
0.285,51.73046875,27.306640625,-75.2333984375,
0.2855,34.7939453125,43.0419921875,-74.712890625,
0.286,34.994140625,45.32421875,-77.8359375,
0.2865,10.8505859375,57.2158203125,-66.6650390625,
0.287,9.609375,58.8974609375,-67.90625,
0.2875,-10.6103515625,68.9873046875,-58.7373046875,
0.288,-20.7001953125,74.1123046875,-54.212890625,
0.2885,-31.7509765625,78.15625,-47.0859375,
0.289,-43.802734375,71.669921875,-29.2685546875,
0.2895,-46.044921875,72.2705078125,-27.3466796875,
0.29,-60.619140625,64.22265625,-5.0048828125,
0.2905,-65.82421875,65.34375,-0.4404296875,
0.291,-75.2734375,57.3359375,16.9365234375,
0.2915,-75.3935546875,46.7255859375,27.6669921875,
0.292,-78.4365234375,42.28125,34.9140625,
0.2925,-70.7890625,22.0615234375,47.24609375,
0.293,-75.193359375,22.421875,51.0498046875,
0.2935,-67.7861328125,-1.0009765625,66.705078125,
0.294,-66.78515625,-5.125,69.587890625,
0.2945,-56.8955078125,-19.298828125,73.8720703125,
0.295,-43.8828125,-31.150390625,73.1513671875,
0.2955,-39.7587890625,-38.4375,76.6748046875,
0.296,-19.5390625,-51.0498046875,69.66796875,
0.2965,-17.0166015625,-56.4951171875,73.03125,
0.297,3.8837890625,-68.06640625,64.3828125,
0.2975,10.890625,-68.8271484375,58.3369140625,
0.298,22.5419921875,-72.390625,50.208984375,
0.2985,38.2373046875,-72.9912109375,34.9541015625,
0.299,44.203125,-79.91796875,34.7939453125,
0.2995,57.7763671875,-70.8291015625,12.4921875,
0.3,59.3779296875,-72.1103515625,11.2109375,
0.3005,68.1865234375,-60.939453125,-8.6083984375,
0.301,70.7490234375,-55.734375,-16.65625,
0.3015,77.0751953125,-49.0478515625,-28.828125,
0.302,75.8740234375,-32.4716796875,-43.3623046875,
0.3025,77.5556640625,-30.7900390625,-45.7646484375,
0.303,67.3857421875,-8.96875,-56.4951171875,
0.3035,66.9853515625,-5.205078125,-58.9775390625,
0.304,58.296875,12.65234375,-67.6259765625,
0.3045,50.9296875,23.6630859375,-71.109375,
0.305,46.845703125,33.1123046875,-76.474609375,
0.3055,26.3857421875,45.96484375,-69.8681640625,
0.306,26.666015625,47.88671875,-72.55078125,
0.3065,2.802734375,61.8203125,-63.822265625,
0.307,0.2802734375,65.583984375,-65.6240234375,
0.3075,-17.3369140625,74.4326171875,-57.576171875,
0.308,-28.7880859375,76.2744140625,-48.3271484375,
0.3085,-35.71484375,77.4755859375,-42.44140625,
0.309,-46.8857421875,68.6669921875,-23.142578125,
0.3095,-52.4111328125,72.390625,-20.9404296875,
0.31,-67.5859375,65.7041015625,0.6806640625,
0.3105,-71.3095703125,63.4619140625,7.046875,
0.311,-74.392578125,54.3330078125,19.21875,
0.3115,-71.75,39.2783203125,31.390625,
0.312,-75.9140625,37.5166015625,37.076171875,
0.3125,-69.0673828125,15.375,52.130859375,
0.313,-74.1923828125,15.2548828125,57.015625,
0.3135,-65.423828125,-5.765625,69.0673828125,
0.314,-60.298828125,-11.611328125,69.587890625,
0.3145,-52.53125,-22.9423828125,73.2314453125,
0.315,-36.515625,-37.396484375,72.3505859375,
0.3155,-35.4345703125,-43.8828125,78.5966796875,
0.316,-14.3740234375,-56.4951171875,70.388671875,
0.3165,-11.451171875,-59.337890625,70.7490234375,
0.317,7.3271484375,-67.3857421875,60.5791015625,
0.3175,16.9365234375,-69.5078125,53.171875,
0.318,27.5068359375,-75.11328125,47.966796875,
0.3185,44.763671875,-73.912109375,29.4287109375,
0.319,47.24609375,-78.3564453125,30.189453125,
0.3195,59.2177734375,-66.7451171875,6.88671875,
0.32,59.818359375,-66.4248046875,5.0048828125,
0.3205,68.2265625,-57.015625,-12.7724609375,
0.321,73.03125,-50.3291015625,-23.9833984375,
0.3215,78.9169921875,-45.32421875,-34.2734375,
0.322,72.8310546875,-26.3857421875,-46.1650390625,
0.3225,72.6708984375,-25.14453125,-46.4853515625,
0.323,63.58203125,-3.0830078125,-58.7373046875,
0.3235,63.7421875,2.2421875,-63.3017578125,
0.324,56.85546875,18.0576171875,-71.7900390625,
0.3245,45.6845703125,30.7900390625,-73.5517578125,
0.325,43.001953125,36.8359375,-77.0751953125,
0.3255,20.6201171875,48.447265625,-67.185546875,
0.326,20.7001953125,51.490234375,-70.7490234375,
0.3265,-2.4423828125,66.1044921875,-63.3017578125,
0.327,-7.8876953125,70.1484375,-62.380859375,
0.3275,-21.30078125,75.2333984375,-54.3330078125,
0.328,-33.1123046875,71.7900390625,-39.6787109375,
0.3285,-37.3564453125,72.8310546875,-36.275390625,
0.329,-49.1279296875,64.1826171875,-16.2958984375,
0.3295,-55.4541015625,68.4267578125,-13.61328125,
0.33,-68.5068359375,61.419921875,6.2060546875,
0.3305,-70.1884765625,55.0537109375,14.3740234375,
0.331,-72.390625,48.0869140625,23.4228515625,
0.3315,-69.587890625,30.189453125,38.27734375,
0.332,-75.59375,31.630859375,42.6015625,
0.3325,-69.66796875,7.7275390625,60.21875,
0.333,-71.91015625,7.046875,62.9013671875,
0.3335,-60.8994140625,-11.05078125,69.7880859375,
0.334,-53.4921875,-19.7392578125,71.2294921875,
0.3345,-47.7265625,-29.30859375,75.2333984375,
0.335,-29.46875,-44.203125,72.630859375,
0.3355,-29.388671875,-48.4873046875,77.4755859375,
0.336,-6.2861328125,-61.66015625,67.986328125,
0.3365,-3.04296875,-62.1005859375,65.50390625,
0.337,13.052734375,-67.666015625,55.4140625,
0.3375,24.82421875,-69.908203125,45.884765625,
0.338,34.3935546875,-77.3955078125,43.1220703125,
0.3385,48.7275390625,-71.189453125,22.58203125,
0.339,49.888671875,-73.751953125,22.8623046875,
0.3395,61.740234375,-62.8212890625,0.1201171875,
0.34,64.0625,-62.0205078125,-3.84375,
0.3405,72.55078125,-54.61328125,-19.5390625,
0.341,75.9140625,-44.203125,-32.751953125,
0.3415,79.7578125,-40.51953125,-39.478515625,
0.342,69.9482421875,-20.3798828125,-49.087890625,
0.3425,71.7099609375,-18.2177734375,-52.0908203125,
0.343,63.7822265625,2.72265625,-64.3828125,
0.3435,61.419921875,10.5302734375,-69.0673828125,
0.344,54.7734375,22.26171875,-74.2724609375,
0.3445,38.1171875,35.5146484375,-71.109375,
0.345,37.1962890625,39.3583984375,-74.1923828125,
0.3455,14.3740234375,52.130859375,-65.0634765625,
0.346,13.7734375,56.0146484375,-68.9072265625,
0.3465,-7.0869140625,68.38671875,-61.33984375,
0.347,-15.2548828125,70.9091796875,-56.134765625,
0.3475,-24.9443359375,73.03125,-48.447265625,
0.348,-39.158203125,68.9873046875,-30.8701171875,
0.3485,-43.08203125,72.9111328125,-30.669921875,
0.349,-58.3369140625,66.2646484375,-9.0888671875,
0.3495,-62.861328125,67.8662109375,-5.7255859375,
0.35,-70.6689453125,58.8974609375,11.0107421875,
0.3505,-70.228515625,48.84765625,20.6201171875,
0.351,-74.712890625,44.9638671875,28.828125,
0.3515,-70.62890625,25.14453125,44.3232421875,
0.352,-76.955078125,26.7060546875,48.767578125,
0.3525,-67.7861328125,2.8427734375,63.181640625,
0.353,-66.625,0.9208984375,63.7421875,
0.3535,-56.294921875,-14.4140625,68.70703125,
0.354,-46.5654296875,-26.185546875,70.94921875,
0.3545,-42.9619140625,-35.5146484375,77.115234375,
0.355,-23.1025390625,-48.126953125,70.46875,
0.3555,-21.8212890625,-51.41015625,72.87109375,
0.356,0.080078125,-62.62109375,62.861328125,
0.3565,5.4853515625,-65.3037109375,60.37890625,
0.357,19.21875,-71.4697265625,52.8115234375,
0.3575,34.033203125,-73.6318359375,40.0390625,
0.358,39.958984375,-79.3173828125,38.8779296875,
0.3585,51.2099609375,-67.986328125,16.65625,
0.359,52.8916015625,-70.1884765625,16.17578125,
0.3595,65.1435546875,-61.1796875,-5.1650390625,
0.36,69.1875,-58.45703125,-12.3720703125,
0.3605,75.8740234375,-52.0908203125,-24.984375,
0.361,72.9912109375,-35.4345703125,-37.9970703125,
0.3615,74.15234375,-33.3125,-40.51953125,
0.362,63.9423828125,-12.6923828125,-50.2890625,
0.3625,66.5849609375,-9.9697265625,-54.8134765625,
0.363,59.9384765625,9.0888671875,-66.46484375,
0.3635,53.171875,18.498046875,-68.6669921875,
0.364,48.287109375,26.5859375,-71.7900390625,
0.3645,28.2275390625,40.8798828125,-66.865234375,
0.365,29.94921875,43.7626953125,-71.669921875,
0.3655,6.005859375,59.73828125,-64.7431640625,
0.366,4.404296875,63.4619140625,-67.42578125,
0.3665,-12.5322265625,70.228515625,-57.9365234375,
0.367,-22.501953125,70.7890625,-49.0078125,
0.3675,-30.91015625,74.1923828125,-44.0029296875,
0.368,-45.0439453125,68.9072265625,-25.064453125,
0.3685,-48.8876953125,73.3916015625,-25.3447265625,
0.369,-63.4619140625,65.4638671875,-3.04296875,
0.3695,-64.1025390625,62.541015625,0.880859375,
0.37,-67.986328125,53.0517578125,14.173828125,
0.3705,-68.947265625,41.3203125,26.74609375,
0.371,-76.1142578125,40.439453125,34.5537109375,
0.3715,-69.427734375,19.3388671875,48.7275390625,
0.372,-73.0712890625,20.7802734375,50.609375,
0.3725,-62.0205078125,-1.44140625,61.580078125,
0.373,-59.8583984375,-5.92578125,63.662109375,
0.3735,-53.2119140625,-20.419921875,71.509765625,
0.374,-40.0390625,-35.234375,73.7119140625,
0.3745,-38.59765625,-41.3203125,79.2373046875,
0.375,-16.5361328125,-53.5322265625,69.4677734375,
0.3755,-14.4140625,-55.25390625,69.4677734375,
0.376,5.685546875,-65.7041015625,60.4990234375,
0.3765,14.654296875,-70.5888671875,56.375,
0.377,25.78515625,-76.875,51.2900390625,
0.3775,40.5595703125,-73.3115234375,32.912109375,
0.378,41.4404296875,-75.033203125,32.9521484375,
0.3785,55.013671875,-64.9033203125,9.2890625,
0.379,57.6962890625,-66.9052734375,7.6474609375,
0.3795,70.0283203125,-59.73828125,-11.8115234375,
0.38,74.552734375,-53.6123046875,-22.3017578125,
0.3805,76.9951171875,-47.4462890625,-30.4296875,
0.381,70.3486328125,-27.2265625,-43.1220703125,
0.3815,72.5107421875,-27.06640625,-44.603515625,
0.382,64.943359375,-4.5244140625,-58.697265625,
0.3825,66.8251953125,0.080078125,-64.22265625,
0.383,59.177734375,15.935546875,-71.91015625,
0.3835,46.8857421875,25.9052734375,-69.7080078125,
0.384,43.72265625,32.51171875,-73.2314453125,
0.3845,21.8212890625,47.166015625,-67.025390625,
0.385,23.462890625,51.1298828125,-73.03125,
0.3855,-0.640625,65.984375,-64.86328125,
0.386,-3.923828125,67.025390625,-63.181640625,
0.3865,-17.4169921875,69.66796875,-52.8916015625,
0.387,-29.708984375,68.70703125,-40.0791015625,
0.3875,-37.716796875,74.15234375,-37.4365234375,
0.388,-51.4501953125,67.3056640625,-17.2568359375,
0.3885,-56.0947265625,71.109375,-15.8955078125,
0.389,-66.3447265625,60.8193359375,4.9248046875,
0.3895,-67.3056640625,55.57421875,11.0107421875,
0.39,-71.7900390625,48.52734375,22.341796875,
0.3905,-73.111328125,33.47265625,38.5576171875,
0.391,-80.078125,35.3544921875,43.40234375,
0.3915,-70.9892578125,11.291015625,58.216796875,
0.392,-72.0302734375,11.2509765625,58.8974609375,
0.3925,-60.939453125,-8.888671875,67.90625,
0.393,-56.4150390625,-17.1767578125,71.4697265625,
0.3935,-50.9296875,-29.228515625,78.716796875,
0.394,-33.3525390625,-42.8818359375,74.9130859375,
0.3945,-32.0712890625,-44.283203125,75.43359375,
0.395,-8.48828125,-57.4560546875,65.583984375,
0.3955,-4.884765625,-59.7783203125,64.6630859375,
0.396,13.1328125,-69.66796875,56.935546875,
0.3965,25.1044921875,-72.9912109375,48.2470703125,
0.397,33.1123046875,-78.0361328125,44.5634765625,
0.3975,45.6845703125,-69.2275390625,23.302734375,
0.398,46.8857421875,-71.7900390625,23.623046875,
0.3985,62.4609375,-63.3818359375,-0.2802734375,
0.399,66.5849609375,-64.5029296875,-4.00390625,
0.3995,75.1533203125,-56.8955078125,-19.8994140625,
0.4,75.75390625,-45.244140625,-31.4306640625,
0.4005,77.4755859375,-40.51953125,-37.15625,
0.401,68.8271484375,-19.37890625,-48.6474609375,
0.4015,72.1103515625,-18.978515625,-51.25,
0.402,65.0234375,3.9638671875,-66.1044921875,
0.4025,62.4208984375,10.1298828125,-68.8671875,
0.403,53.4921875,21.78125,-71.4296875,
0.4035,37.95703125,34.43359375,-69.2275390625,
0.404,37.076171875,40.19921875,-74.4326171875,
0.4045,13.8935546875,54.693359375,-66.9453125,
0.405,14.57421875,58.537109375,-71.9501953125,
0.4055,-7.287109375,68.5068359375,-61.2197265625,
0.406,-12.9326171875,68.8671875,-56.53515625,
0.4065,-24.6640625,72.951171875,-49.328125,
0.407,-39.87890625,71.6298828125,-33.0322265625,
0.4075,-44.8837890625,76.9951171875,-32.8720703125,
0.408,-59.09765625,68.1865234375,-10.41015625,
0.4085,-60.7392578125,68.0263671875,-8.2080078125,
0.409,-69.0673828125,57.896484375,10.2099609375,
0.4095,-71.4296875,50.5693359375,19.939453125,
0.41,-77.67578125,46.685546875,30.029296875,
0.4105,-73.83203125,27.38671875,45.1240234375,
0.411,-77.67578125,28.4677734375,47.6064453125,
0.4115,-66.78515625,4.1240234375,60.8193359375,
0.412,-66.4248046875,2.6826171875,61.6201171875,
0.4125,-57.81640625,-14.89453125,70.548828125,
0.413,-49.8486328125,-26.7060546875,74.552734375,
0.4135,-45.5244140625,-35.1943359375,79.517578125,
0.414,-25.1845703125,-46.4453125,70.5087890625,
0.4145,-24.7041015625,-47.3662109375,71.26953125,
0.415,-1.3212890625,-62.0205078125,63.26171875,
0.4155,4.64453125,-66.9453125,62.4609375,
0.416,19.5390625,-74.6728515625,55.2939453125,
0.4165,32.7919921875,-74.15234375,41.560546875,
0.417,37.7568359375,-77.4755859375,39.1982421875,
0.4175,51.2099609375,-67.74609375,16.17578125,
0.418,54.7734375,-72.2705078125,16.17578125,
0.4185,69.34765625,-63.7822265625,-6.7265625,
0.419,72.23046875,-61.3798828125,-12.2919921875,
0.4195,75.5537109375,-52.37109375,-24.1435546875,
0.42,72.0302734375,-36.03515625,-36.275390625,
0.4205,75.7138671875,-33.79296875,-41.3203125,
0.421,66.9052734375,-12.0517578125,-53.2919921875,
0.4215,70.9091796875,-9.8095703125,-58.4169921875,
0.422,61.3798828125,10.6103515625,-68.6669921875,
0.4225,54.6533203125,18.2177734375,-69.1474609375,
0.423,48.0068359375,27.70703125,-72.0703125,
0.4235,29.46875,43.322265625,-70.1484375,
0.424,31.4306640625,47.2060546875,-76.4345703125,
0.4245,6.40625,62.5810546875,-68.0263671875,
0.425,5.4453125,63.5419921875,-68.626953125,
0.4255,-12.97265625,69.828125,-57.3759765625,
0.426,-22.7421875,72.0302734375,-50.3291015625,
0.4265,-32.9921875,77.5556640625,-45.4443359375,
0.427,-47.326171875,72.7109375,-26.8662109375,
0.4275,-49.087890625,74.712890625,-26.666015625,
0.428,-62.0205078125,64.22265625,-3.5634765625,
0.4285,-62.8212890625,61.5,0.4404296875,
0.429,-70.388671875,53.091796875,16.2958984375,
0.4295,-72.9111328125,42.521484375,29.3486328125,
0.43,-79.4375,41.1201171875,37.0361328125,
0.4305,-70.46875,18.7783203125,50.208984375,
0.431,-72.9912109375,19.3388671875,51.810546875,
0.4315,-63.26171875,-4.1240234375,65.3037109375,
0.432,-62.62109375,-8.6083984375,68.9072265625,
0.4325,-56.21484375,-23.623046875,78.0361328125,
0.433,-42.8818359375,-36.67578125,78.3564453125,
0.4335,-39.9990234375,-40.19921875,79.3974609375,
0.434,-17.216796875,-52.53125,69.0673828125,
0.4345,-15.455078125,-56.8955078125,71.990234375,
0.435,6.8466796875,-70.46875,64.0625,
0.4355,14.734375,-74.712890625,60.3388671875,
0.436,25.224609375,-77.595703125,52.451171875,
0.4365,38.27734375,-71.830078125,33.6728515625,
0.437,41.2802734375,-75.2734375,33.3125,
0.4375,55.6943359375,-65.82421875,9.44921875,
0.438,60.4990234375,-70.7490234375,8.6083984375,
0.4385,71.7900390625,-60.4990234375,-12.2919921875,
0.439,73.1513671875,-54.453125,-20.0595703125,
0.4395,75.11328125,-46.8056640625,-29.1884765625,
0.44,71.189453125,-27.6669921875,-43.40234375,
0.4405,76.4345703125,-27.9072265625,-47.2861328125,
0.441,68.70703125,-4.5244140625,-61.900390625,
0.4415,68.9873046875,-1.44140625,-64.1826171875,
0.442,58.296875,15.4150390625,-69.9482421875,
0.4425,47.88671875,25.1845703125,-69.34765625,
0.443,44.7236328125,33.953125,-75.1533203125,
0.4435,23.623046875,49.6484375,-70.94921875,
0.444,25.1044921875,52.7314453125,-76.0341796875,
0.4445,0.6806640625,64.86328125,-64.9833984375,
0.445,-2.2421875,64.4228515625,-62.4208984375,
0.4455,-17.6171875,70.2685546875,-53.4521484375,
0.446,-31.390625,72.6708984375,-42.5615234375,
0.4465,-39.55859375,79.27734375,-40.359375,
0.447,-51.41015625,69.9482421875,-20.01953125,
0.4475,-53.01171875,70.5087890625,-18.578125,
0.448,-64.9033203125,60.4990234375,3.1630859375,
0.4485,-68.4267578125,57.576171875,9.9296875,
0.449,-75.7939453125,51.6103515625,23.1025390625,
0.4495,-76.794921875,36.7958984375,38.7978515625,
0.45,-80.23828125,37.1962890625,41.560546875,
0.4505,-69.34765625,12.4921875,55.2138671875,
0.451,-71.7900390625,12.5322265625,57.255859375,
0.4515,-62.78125,-9.689453125,70.30859375,
0.452,-59.73828125,-17.45703125,74.9130859375,
0.4525,-52.8916015625,-29.068359375,80.0380859375,
0.453,-34.43359375,-41.2001953125,74.1123046875,
0.4535,-33.3525390625,-42.44140625,74.552734375,
0.454,-9.6494140625,-55.974609375,65.103515625,
0.4545,-6.88671875,-61.580078125,68.2265625,
0.455,13.212890625,-72.55078125,59.578125,
0.4555,22.5419921875,-73.271484375,50.9296875,
0.456,30.5498046875,-75.7939453125,45.00390625,
0.4565,45.2841796875,-69.5478515625,23.943359375,
0.457,47.5263671875,-74.47265625,25.6650390625,
0.4575,64.703125,-66.3046875,0.4404296875,
0.458,67.90625,-68.06640625,-1.8017578125,
0.4585,73.3916015625,-56.5751953125,-18.3779296875,
0.459,73.51171875,-46.2451171875,-28.34765625,
0.4595,77.755859375,-41.240234375,-36.67578125,
0.46,71.669921875,-20.7001953125,-50.0087890625,
0.4605,75.6337890625,-20.900390625,-52.53125,
0.461,66.2646484375,2.2822265625,-65.50390625,
0.4615,62.220703125,6.8466796875,-65.0634765625,
0.462,53.01171875,19.8994140625,-68.787109375,
0.4625,39.87890625,33.392578125,-69.7080078125,
0.463,39.55859375,40.3994140625,-76.7548828125,
0.4635,16.4560546875,54.29296875,-68.787109375,
0.464,16.9765625,55.5341796875,-71.2294921875,
0.4645,-5.365234375,65.984375,-60.4990234375,
0.465,-11.2109375,67.7060546875,-57.0556640625,
0.4655,-24.6240234375,75.2333984375,-51.330078125,
0.466,-40.2392578125,75.1533203125,-36.115234375,
0.4665,-43.2822265625,78.236328125,-35.6748046875,
0.467,-56.0546875,67.185546875,-12.572265625,
0.4675,-58.1767578125,68.0263671875,-10.890625,
0.468,-69.5478515625,59.2177734375,9.208984375,
0.4685,-74.0322265625,54.29296875,18.73828125,
0.469,-79.1572265625,49.4482421875,28.587890625,
0.4695,-73.19140625,29.7490234375,42.12109375,
0.47,-75.3134765625,31.3505859375,42.4013671875,
0.4705,-65.50390625,6.4462890625,57.255859375,
0.471,-68.70703125,5.4453125,61.0595703125,
0.4715,-60.21875,-14.173828125,72.1103515625,
0.472,-53.2119140625,-24.0634765625,75.11328125,
0.4725,-46.9658203125,-31.9111328125,77.115234375,
0.473,-26.42578125,-44.4833984375,69.6279296875,
0.4735,-26.8662109375,-47.6064453125,73.591796875,
0.474,-2.2021484375,-64.2626953125,66.3046875,
0.4745,1.8818359375,-68.6669921875,66.9453125,
0.475,17.2568359375,-74.15234375,57.17578125,
0.4755,28.107421875,-72.0302734375,44.1630859375,
0.476,34.9140625,-76.8349609375,41.560546875,
0.4765,50.2490234375,-69.7080078125,19.21875,
0.477,53.3720703125,-75.353515625,20.5400390625,
0.4775,67.74609375,-65.4638671875,-3.5234375,
0.478,67.74609375,-62.1005859375,-7.4072265625,
0.4785,72.23046875,-52.8916015625,-20.740234375,
0.479,71.830078125,-38.59765625,-33.953125,
0.4795,77.9560546875,-36.595703125,-41.080078125,
0.48,69.748046875,-15.0546875,-53.4521484375,
0.4805,71.3095703125,-13.29296875,-55.734375,
0.481,61.099609375,7.6474609375,-65.2236328125,
0.4815,56.4150390625,15.2548828125,-67.90625,
0.482,51.1298828125,26.505859375,-73.83203125,
0.4825,33.873046875,42.76171875,-73.671875,
0.483,35.5546875,45.6845703125,-78.9970703125,
0.4835,10.3701171875,58.6171875,-67.6259765625,
0.484,9.8896484375,59.1376953125,-68.38671875,
0.4845,-10.6904296875,69.5078125,-58.9775390625,
0.485,-20.900390625,74.232421875,-54.0927734375,
0.4855,-31.6708984375,79.9580078125,-48.8876953125,
0.486,-44.763671875,73.1513671875,-29.7490234375,
0.4865,-45.0439453125,73.3115234375,-29.3486328125,
0.487,-59.4580078125,62.9013671875,-4.8046875,
0.4875,-63.421875,64.1025390625,-1.6015625,
0.488,-73.51171875,55.6943359375,16.7763671875,
0.4885,-75.11328125,46.2451171875,27.9873046875,
0.489,-78.63671875,42.5615234375,34.833984375,
0.4895,-69.0673828125,20.9404296875,46.685546875,
0.49,-73.431640625,22.5419921875,49.1279296875,
0.4905,-65.34375,-2.8427734375,66.14453125,
0.491,-66.9052734375,-6.1259765625,70.7490234375,
0.4915,-57.2158203125,-21.5009765625,76.71484375,
0.492,-44.36328125,-32.9521484375,75.5537109375,
0.4925,-40.51953125,-38.9580078125,78.5166015625,
0.493,-18.7783203125,-51.1298828125,69.1875,
0.4935,-17.5771484375,-57.17578125,74.3525390625,
0.494,5.8857421875,-71.189453125,65.583984375,
0.4945,11.8115234375,-71.3095703125,59.8984375,
0.495,22.90234375,-73.19140625,50.609375,
0.4955,37.2763671875,-70.9892578125,33.873046875,
0.496,42.4013671875,-77.35546875,34.11328125,
0.4965,58.13671875,-68.9873046875,10.169921875,
0.497,60.21875,-72.0703125,10.08984375,
0.4975,69.66796875,-60.37890625,-10.8505859375,
0.498,70.4287109375,-54.2529296875,-17.8974609375,
0.4985,76.1943359375,-48.20703125,-29.1884765625,
0.499,74.9130859375,-30.3095703125,-44.68359375,
0.4995,79.5576171875,-30.5498046875,-47.8466796875,
0.5,69.1474609375,-7.046875,-60.0986328125,
0.5005,67.8662109375,-4.2841796875,-60.458984375,
0.501,58.2568359375,14.2138671875,-68.9072265625,
0.5015,50.44921875,24.984375,-71.75,
0.502,47.56640625,34.43359375,-78.8369140625,
0.5025,26.7060546875,48.2470703125,-72.4306640625,
0.503,28.02734375,48.8876953125,-74.953125,
0.5035,2.8427734375,61.2197265625,-63.26171875,
0.504,0.9208984375,62.9013671875,-63.662109375,
0.5045,-16.9765625,71.3095703125,-55.25390625,
0.505,-29.548828125,75.0732421875,-46.5654296875,
0.5055,-36.67578125,78.4365234375,-42.361328125,
0.506,-47.806640625,67.5859375,-21.220703125,
0.5065,-51.1298828125,70.7890625,-20.7001953125,
0.507,-66.14453125,61.9404296875,3.0029296875,
0.5075,-71.109375,62.1005859375,8.1279296875,
0.508,-77.2353515625,54.052734375,22.1416015625,
0.5085,-74.8330078125,39.478515625,34.2333984375,
0.509,-78.15625,38.1171875,38.677734375,
0.5095,-68.5869140625,14.974609375,52.05078125,
0.51,-74.232421875,16.095703125,56.2548828125,
0.5105,-65.4638671875,-7.1669921875,70.548828125,
0.511,-62.0205078125,-12.5322265625,72.23046875,
0.5115,-53.5322265625,-23.703125,75.2333984375,
0.512,-36.0751953125,-36.8759765625,71.349609375,
0.5125,-35.5546875,-41.640625,75.8740234375,
0.513,-11.8515625,-57.17578125,68.546875,
0.5135,-10.1298828125,-61.1796875,71.109375,
0.514,9.6494140625,-70.62890625,61.2197265625,
0.5145,18.09765625,-70.1884765625,52.6513671875,
0.515,27.06640625,-74.3125,47.5263671875,
0.5155,44.4833984375,-71.9501953125,27.5869140625,
0.516,47.24609375,-78.4365234375,30.1494140625,
0.5165,62.5009765625,-68.4267578125,5.1650390625,
0.517,62.62109375,-68.4267578125,4.244140625,
0.5175,70.1884765625,-57.896484375,-13.6533203125,
0.518,73.19140625,-50.0888671875,-24.34375,
0.5185,79.677734375,-46.1650390625,-34.033203125,
0.519,74.2724609375,-25.9052734375,-47.88671875,
0.5195,75.513671875,-26.025390625,-48.046875,
0.52,64.623046875,-2.2822265625,-60.1787109375,
0.5205,63.0615234375,1.9619140625,-61.900390625,
0.521,55.09375,17.6572265625,-69.3076171875,
0.5215,44.04296875,30.9501953125,-71.7900390625,
0.522,42.76171875,37.716796875,-77.515625,
0.5225,19.4990234375,49.16796875,-66.544921875,
0.523,21.380859375,49.6083984375,-69.5078125,
0.5235,-2.962890625,63.7421875,-60.4189453125,
0.524,-7.8876953125,68.4267578125,-60.859375,
0.5245,-22.5419921875,76.1943359375,-54.1328125,
0.525,-35.7548828125,74.2724609375,-39.478515625,
0.5255,-39.318359375,75.9541015625,-37.5166015625,
0.526,-50.6494140625,64.7431640625,-15.4951171875,
0.5265,-55.2939453125,69.02734375,-14.6943359375,
0.527,-69.748046875,61.1796875,7.6875,
0.5275,-72.7509765625,56.7353515625,15.21484375,
0.528,-75.11328125,49.6083984375,24.6240234375,
0.5285,-70.228515625,30.7900390625,38.2373046875,
0.529,-74.6328125,32.3115234375,40.7998046875,
0.5295,-67.1455078125,7.447265625,58.13671875,
0.53,-70.9892578125,7.287109375,61.66015625,
0.5305,-60.939453125,-12.0517578125,71.029296875,
0.531,-53.8525390625,-20.4599609375,72.23046875,
0.5315,-48.4072265625,-29.1884765625,75.6337890625,
0.532,-28.908203125,-43.642578125,71.349609375,
0.5325,-30.189453125,-47.56640625,77.03515625,
0.533,-5.4453125,-63.7021484375,68.8671875,
0.5335,-2.72265625,-64.0625,66.865234375,
0.534,13.7734375,-70.1484375,56.6953125,
0.5345,25.14453125,-70.5888671875,45.8046875,
0.535,33.5927734375,-77.7958984375,43.8828125,
0.5355,49.2080078125,-71.509765625,21.94140625,
0.536,50.4892578125,-75.5537109375,23.623046875,
0.5365,62.6611328125,-63.3017578125,-0.80078125,
0.537,63.2216796875,-61.580078125,-3.68359375,
0.5375,70.62890625,-53.33203125,-19.05859375,
0.538,73.3115234375,-42.0810546875,-32.19140625,
0.5385,78.63671875,-39.5185546875,-39.1181640625,
0.539,68.3466796875,-17.9375,-49.568359375,
0.5395,70.1884765625,-17.13671875,-50.9697265625,
0.54,60.8193359375,5.2451171875,-63.1015625,
0.5405,59.498046875,12.01171875,-67.7861328125,
0.541,53.9326171875,24.4638671875,-74.47265625,
0.5415,37.63671875,38.4775390625,-72.9111328125,
0.542,37.95703125,41.48046875,-76.5546875,
0.5425,13.7734375,53.251953125,-65.263671875,
0.543,14.6943359375,55.89453125,-69.5078125,
0.5435,-7.9677734375,69.2275390625,-61.33984375,
0.544,-15.85546875,73.0712890625,-57.81640625,
0.5445,-25.5048828125,75.673828125,-51.25,
0.545,-38.9580078125,69.66796875,-32.03125,
0.5455,-40.9599609375,72.470703125,-32.6318359375,
0.546,-56.134765625,63.8623046875,-9.12890625,
0.5465,-60.5390625,66.78515625,-7.20703125,
0.547,-70.5087890625,58.3369140625,11.1708984375,
0.5475,-69.748046875,48.607421875,20.2197265625,
0.548,-73.7119140625,45.0439453125,27.5869140625,
0.5485,-68.9072265625,24.1435546875,43.5224609375,
0.549,-75.3134765625,27.5869140625,46.125,
0.5495,-67.2255859375,2.802734375,62.701171875,
0.55,-67.3056640625,1.0009765625,64.22265625,
0.5505,-57.2958984375,-14.333984375,69.4677734375,
0.551,-46.4853515625,-26.2255859375,70.7890625,
0.5515,-44.4033203125,-34.7138671875,77.755859375,
0.552,-23.3427734375,-48.9677734375,71.2294921875,
0.5525,-23.4228515625,-52.5712890625,75.5537109375,
0.553,-0.2001953125,-64.142578125,64.2626953125,
0.5535,4.2841796875,-64.5830078125,60.5390625,
0.554,17.537109375,-69.3876953125,52.0908203125,
0.5545,32.7919921875,-71.3095703125,38.7177734375,
0.555,39.3583984375,-79.0771484375,39.0380859375,
0.5555,52.130859375,-67.90625,15.455078125,
0.556,53.0517578125,-70.6689453125,16.3359375,
0.5565,64.9833984375,-59.73828125,-6.40625,
0.557,68.787109375,-57.6162109375,-12.572265625,
0.5575,77.115234375,-51.8505859375,-26.10546875,
0.558,75.673828125,-35.2744140625,-40.359375,
0.5585,77.35546875,-34.4736328125,-41.9609375,
0.559,66.4248046875,-10.970703125,-53.7724609375,
0.5595,68.8271484375,-9.4091796875,-56.6552734375,
0.56,60.859375,11.05078125,-68.4267578125,
0.5605,55.4140625,20.740234375,-72.2705078125,
0.561,50.4892578125,28.9482421875,-75.7939453125,
0.5615,28.9482421875,42.0810546875,-68.3466796875,
0.562,30.990234375,42.5615234375,-71.4296875,
0.5625,5.5654296875,57.8564453125,-62.5009765625,
0.563,4.7646484375,61.1796875,-65.7041015625,
0.5635,-13.853515625,70.7490234375,-57.49609375,
0.564,-24.0634765625,71.5498046875,-48.6875,
0.5645,-30.990234375,73.7919921875,-44.0830078125,
0.565,-45.244140625,66.78515625,-23.142578125,
0.5655,-47.7265625,71.7099609375,-25.224609375,
0.566,-64.8232421875,64.6630859375,-1.2412109375,
0.5665,-67.025390625,63.9423828125,2.08203125,
0.567,-71.4296875,54.693359375,15.7353515625,
0.5675,-70.1884765625,41.560546875,27.546875,
0.568,-76.5146484375,41.1201171875,34.11328125,
0.5685,-69.6279296875,18.73828125,49.2880859375,
0.569,-75.0732421875,21.380859375,51.9306640625,
0.5695,-64.142578125,-1.9619140625,64.1025390625,
0.57,-61.01953125,-5.765625,64.4228515625,
0.5705,-53.251953125,-18.578125,69.98828125,
0.571,-39.0380859375,-33.1923828125,70.46875,
0.5715,-39.158203125,-39.7587890625,77.67578125,
0.572,-16.65625,-51.5703125,67.265625,
0.5725,-16.576171875,-52.8115234375,68.8271484375,
0.573,4.6044921875,-62.94140625,58.45703125,
0.5735,12.4921875,-66.9853515625,54.7734375,
0.574,23.703125,-73.6318359375,50.2490234375,
0.5745,40.279296875,-72.390625,32.3515625,
0.575,41.880859375,-76.9150390625,34.673828125,
0.5755,55.333984375,-65.263671875,9.689453125,
0.576,56.4150390625,-67.3056640625,10.0498046875,
0.5765,68.38671875,-58.5771484375,-10.330078125,
0.577,73.5517578125,-53.8125,-20.33984375,
0.5775,77.916015625,-48.6875,-29.30859375,
0.578,70.9091796875,-28.2275390625,-42.12109375,
0.5785,72.3505859375,-28.7080078125,-42.3212890625,
0.579,63.3017578125,-4.3642578125,-56.9755859375,
0.5795,65.1435546875,-1.28125,-61.01953125,
0.58,58.45703125,15.7353515625,-71.0693359375,
0.5805,47.2861328125,26.4658203125,-70.708984375,
0.581,44.9638671875,31.951171875,-74.072265625,
0.5815,22.021484375,45.64453125,-65.82421875,
0.582,24.82421875,47.806640625,-71.349609375,
0.5825,-0.560546875,64.703125,-64.0224609375,
0.583,-3.8837890625,68.1865234375,-64.7431640625,
0.5835,-17.8974609375,72.4306640625,-55.6142578125,
0.584,-29.8291015625,69.9482421875,-41.640625,
0.5845,-36.1953125,74.392578125,-39.6787109375,
0.585,-50.369140625,66.544921875,-17.8974609375,
0.5855,-55.4140625,72.0302734375,-17.8173828125,
0.586,-68.466796875,62.541015625,4.6044921875,
0.5865,-68.38671875,57.6162109375,9.8896484375,
0.587,-70.62890625,49.48828125,20.1396484375,
0.5875,-69.34765625,32.9921875,35.154296875,
0.588,-77.0751953125,34.75390625,40.83984375,
0.5885,-67.986328125,10.9306640625,55.4140625,
0.589,-71.1494140625,12.0517578125,57.1357421875,
0.5895,-59.73828125,-8.6884765625,66.3046875,
0.59,-54.8134765625,-16.3359375,68.8671875,
0.5905,-50.2890625,-27.8671875,76.07421875,
0.591,-31.951171875,-44.0029296875,74.5126953125,
0.5915,-33.47265625,-46.0048828125,78.9169921875,
0.592,-9.0087890625,-57.9765625,66.46484375,
0.5925,-7.2470703125,-59.5380859375,66.705078125,
0.593,12.01171875,-68.8671875,57.3359375,
0.5935,23.3427734375,-72.150390625,49.3681640625,
0.594,32.5517578125,-79.59765625,47.0859375,
0.5945,45.96484375,-70.869140625,25.2646484375,
0.595,45.6044921875,-72.9912109375,27.06640625,
0.5955,60.2587890625,-62.4208984375,1.921875,
0.596,62.701171875,-63.1015625,-0.2802734375,
0.5965,72.1103515625,-55.4541015625,-17.1767578125,
0.597,74.712890625,-44.84375,-29.9892578125,
0.5975,77.3154296875,-41.3203125,-35.4345703125,
0.598,66.6650390625,-19.21875,-46.4853515625,
0.5985,71.0693359375,-18.9384765625,-50.369140625,
0.599,63.8623046875,5.044921875,-66.5048828125,
0.5995,62.4609375,10.6904296875,-70.2685546875,
0.6,54.7734375,22.982421875,-74.953125,
0.6005,38.517578125,35.39453125,-71.4697265625,
0.601,38.4375,38.91796875,-75.3134765625,
0.6015,14.1337890625,53.171875,-66.384765625,
0.602,15.615234375,57.65625,-72.87109375,
0.6025,-7.84765625,70.068359375,-62.7412109375,
0.603,-13.453125,70.46875,-58.13671875,
0.6035,-24.3837890625,73.03125,-50.0087890625,
0.604,-38.3974609375,68.8271484375,-32.0712890625,
0.6045,-42.76171875,73.9921875,-32.7119140625,
0.605,-58.5771484375,65.6240234375,-8.6083984375,
0.6055,-60.779296875,67.42578125,-7.7275390625,
0.606,-69.2275390625,56.3349609375,11.6513671875,
0.6065,-69.98828125,48.6875,20.3798828125,
0.607,-75.3134765625,44.603515625,29.6689453125,
0.6075,-72.5107421875,25.224609375,45.96484375,
0.608,-78.6767578125,28.7880859375,48.20703125,
0.6085,-67.1455078125,3.603515625,61.6201171875,
0.609,-66.9853515625,3.1630859375,61.7001953125,
0.6095,-57.3759765625,-14.6142578125,69.828125,
0.61,-49.328125,-26.6259765625,73.8720703125,
0.6105,-46.6455078125,-35.875,80.7587890625,
0.611,-25.1845703125,-49.1279296875,73.1513671875,
0.6115,-26.3857421875,-48.0869140625,73.7119140625,
0.612,-1.7216796875,-61.0595703125,62.78125,
0.6125,2.6826171875,-64.0224609375,61.7802734375,
0.613,18.498046875,-72.7109375,54.61328125,
0.6135,32.591796875,-73.671875,41.8408203125,
0.614,37.796875,-78.556640625,40.919921875,
0.6145,50.7294921875,-67.345703125,17.0966796875,
0.615,52.05078125,-70.94921875,18.6982421875,
0.6155,67.5859375,-62.4208984375,-5.4052734375,
0.616,71.8701171875,-61.5400390625,-10.8505859375,
0.6165,77.8359375,-54.453125,-23.6630859375,
0.617,74.15234375,-37.3564453125,-36.4755859375,
0.6175,76.875,-36.3154296875,-39.638671875,
0.618,66.46484375,-13.3330078125,-51.8505859375,
0.6185,71.2294921875,-12.251953125,-56.8955078125,
0.619,63.181640625,9.849609375,-70.548828125,
0.6195,56.935546875,17.4970703125,-71.669921875,
0.62,49.6884765625,25.8251953125,-73.03125,
0.6205,29.5888671875,40.7197265625,-68.5068359375,
0.621,32.271484375,43.4423828125,-74.2724609375,
0.6215,6.0458984375,60.3388671875,-65.9443359375,
0.622,6.5263671875,62.8212890625,-69.5078125,
0.6225,-13.0927734375,69.9482421875,-57.65625,
0.623,-21.7412109375,70.4287109375,-50.0087890625,
0.6235,-31.3505859375,75.0732421875,-45.00390625,
0.624,-46.7255859375,70.5087890625,-25.3447265625,
0.6245,-49.728515625,75.7939453125,-27.1064453125,
0.625,-65.0634765625,65.82421875,-2.001953125,
0.6255,-65.0634765625,63.982421875,0.3203125,
0.626,-70.8291015625,53.6123046875,16.3759765625,
0.6265,-72.55078125,42.76171875,28.908203125,
0.627,-80.55859375,42.201171875,37.2763671875,
0.6275,-72.6708984375,19.2587890625,52.0107421875,
0.628,-76.07421875,21.0205078125,53.2119140625,
0.6285,-64.1025390625,-3.0029296875,65.0634765625,
0.629,-62.0205078125,-6.166015625,65.82421875,
0.6295,-55.4541015625,-21.1806640625,74.3525390625,
0.63,-42.0810546875,-36.115234375,76.5146484375,
0.6305,-40.83984375,-40.5595703125,80.23828125,
0.631,-17.6572265625,-50.8896484375,67.7060546875,
0.6315,-17.2568359375,-53.01171875,69.8681640625,
0.632,6.1259765625,-66.9052734375,61.1396484375,
0.6325,14.013671875,-72.0703125,58.6171875,
0.633,26.185546875,-78.796875,53.01171875,
0.6335,40.51953125,-74.15234375,34.2333984375,
0.634,41.9208984375,-76.71484375,34.8740234375,
0.6345,57.736328125,-66.78515625,9.2490234375,
0.635,60.9794921875,-71.109375,9.6494140625,
0.6355,73.4716796875,-61.9404296875,-11.8916015625,
0.636,75.8740234375,-56.4150390625,-19.8994140625,
0.6365,77.67578125,-49.328125,-28.5078125,
0.637,71.0693359375,-28.7880859375,-41.80078125,
0.6375,74.953125,-29.869140625,-44.04296875,
0.638,66.5849609375,-5.1650390625,-59.7783203125,
0.6385,68.8671875,-3.04296875,-63.341796875,
0.639,58.3369140625,14.8544921875,-70.62890625,
0.6395,47.88671875,24.34375,-69.66796875,
0.64,44.8037109375,32.19140625,-74.5927734375,
0.6405,22.7421875,48.20703125,-69.4677734375,
0.641,26.10546875,52.291015625,-77.3955078125,
0.6415,-0.1201171875,66.9853515625,-66.78515625,
0.642,-1.6416015625,66.4248046875,-65.2236328125,
0.6425,-17.376953125,71.189453125,-54.7333984375,
0.643,-30.2294921875,72.55078125,-43.72265625,
0.6435,-38.4375,79.5576171875,-41.9208984375,
0.644,-52.291015625,71.109375,-20.2197265625,
0.6445,-54.1728515625,73.591796875,-20.3798828125,
0.645,-65.3837890625,61.5,2.7626953125,
0.6455,-66.78515625,57.81640625,8.2080078125,
0.646,-73.1513671875,50.9296875,21.380859375,
0.6465,-74.1923828125,35.71484375,37.4765625,
0.647,-80.3984375,37.2763671875,41.7607421875,
0.6475,-69.4677734375,11.53125,56.375,
0.648,-71.3095703125,12.8525390625,56.455078125,
0.6485,-61.5,-9.9296875,69.34765625,
0.649,-58.77734375,-17.376953125,73.83203125,
0.6495,-53.8525390625,-29.3486328125,81.279296875,
0.65,-34.9541015625,-43.0419921875,76.71484375,
0.6505,-35.314453125,-43.642578125,78.31640625,
0.651,-9.12890625,-58.8173828125,67.5859375,
0.6515,-7.7275390625,-62.1005859375,69.8681640625,
0.652,13.4931640625,-74.3125,61.5,
0.6525,23.142578125,-76.1943359375,53.65234375,
0.653,30.91015625,-78.7568359375,48.046875,
0.6535,44.9638671875,-70.3486328125,25.78515625,
0.654,45.32421875,-73.83203125,28.2275390625,
0.6545,61.8603515625,-64.22265625,2.1220703125,
0.655,65.904296875,-67.265625,0.6005859375,
0.6555,73.19140625,-56.6953125,-17.056640625,
0.656,73.0712890625,-46.125,-27.466796875,
0.6565,76.71484375,-41.720703125,-34.9140625,
0.657,69.828125,-20.0595703125,-49.0478515625,
0.6575,75.1533203125,-21.7412109375,-51.810546875,
0.658,66.7451171875,3.36328125,-67.90625,
0.6585,64.3427734375,6.8466796875,-68.2666015625,
0.659,53.8525390625,20.1396484375,-71.029296875,
0.6595,39.9189453125,33.2724609375,-70.7490234375,
0.66,40.19921875,40.3193359375,-78.556640625,
0.6605,16.015625,55.494140625,-70.30859375,
0.661,17.8974609375,57.65625,-74.873046875,
0.6615,-5.92578125,68.0263671875,-62.30078125,
0.662,-10.330078125,67.42578125,-57.9365234375,
0.6625,-23.5029296875,73.51171875,-51.1298828125,
0.663,-39.3583984375,72.9912109375,-34.9541015625,
0.6635,-42.9619140625,78.1162109375,-35.8349609375,
0.664,-56.8955078125,67.265625,-11.7314453125,
0.6645,-57.576171875,68.0263671875,-11.37109375,
0.665,-68.306640625,57.9365234375,9.44921875,
0.6655,-72.310546875,52.8115234375,18.6982421875,
0.666,-79.4375,49.248046875,29.228515625,
0.6665,-74.5126953125,29.46875,43.8828125,
0.667,-77.755859375,31.390625,44.8037109375,
0.6675,-66.8251953125,5.125,60.0185546875,
0.668,-68.9072265625,5.365234375,61.419921875,
0.6685,-60.2587890625,-14.6142578125,72.5908203125,
0.669,-53.5322265625,-25.3046875,76.875,
0.6695,-48.52734375,-33.232421875,80.1982421875,
0.67,-26.74609375,-44.6435546875,70.1083984375,
0.6705,-28.4677734375,-45.244140625,72.87109375,
0.671,-2.4423828125,-61.5400390625,63.90234375,
0.6715,0.5205078125,-65.82421875,65.50390625,
0.672,17.4169921875,-73.6318359375,56.5751953125,
0.6725,28.5478515625,-71.9501953125,43.962890625,
0.673,34.59375,-75.9140625,41.5205078125,
0.6735,49.3681640625,-67.5458984375,18.337890625,
0.674,52.451171875,-74.3125,21.140625,
0.6745,68.546875,-65.0634765625,-4.0439453125,
0.675,70.1083984375,-63.7822265625,-7.4072265625,
0.6755,74.4326171875,-54.4130859375,-20.7802734375,
0.676,72.7109375,-39.3583984375,-33.6728515625,
0.6765,78.63671875,-38.1572265625,-39.9990234375,
0.677,70.1484375,-15.134765625,-53.892578125,
0.6775,74.2724609375,-15.294921875,-56.9755859375,
0.678,63.1416015625,6.7265625,-67.345703125,
0.6785,57.6962890625,13.0126953125,-67.6259765625,
0.679,51.2099609375,23.3828125,-71.58984375,
0.6795,33.15234375,39.478515625,-70.3486328125,
0.68,35.9150390625,43.9228515625,-78.0361328125,
0.6805,11.0107421875,56.53515625,-66.5048828125,
0.681,11.69140625,56.3349609375,-67.5859375,
0.6815,-9.529296875,66.8251953125,-57.65625,
0.682,-19.0986328125,71.0693359375,-52.8115234375,
0.6825,-29.9892578125,78.1962890625,-48.84765625,
0.683,-45.564453125,73.5517578125,-29.1884765625,
0.6835,-45.9248046875,75.6337890625,-30.58984375,
0.684,-60.1787109375,64.22265625,-5.3251953125,
0.6845,-62.220703125,64.703125,-3.283203125,
0.685,-72.9111328125,56.85546875,15.134765625,
0.6855,-75.193359375,47.4462890625,26.826171875,
0.686,-80.4384765625,45.2841796875,34.0732421875,
0.6865,-69.8681640625,22.5419921875,46.0849609375,
0.687,-73.03125,25.0244140625,46.3251953125,
0.6875,-63.421875,-1.12109375,62.701171875,
0.688,-65.5439453125,-3.68359375,66.9853515625,
0.6885,-56.8955078125,-20.1796875,74.9931640625,
0.689,-44.283203125,-32.3515625,74.79296875,
0.6895,-41.2802734375,-37.716796875,77.7958984375,
0.69,-18.2578125,-49.408203125,66.7451171875,
0.6905,-18.5380859375,-54.61328125,72.7109375,
0.691,6.806640625,-71.1494140625,64.5029296875,
0.6915,11.8515625,-73.431640625,61.98046875,
0.692,23.7431640625,-75.833984375,52.4111328125,
0.6925,37.5966796875,-72.55078125,35.234375,
0.693,41.80078125,-78.076171875,35.6748046875,
0.6935,57.3359375,-68.70703125,10.890625,
0.694,61.01953125,-74.0322265625,11.7314453125,
0.6945,71.75,-62.140625,-10.73046875,
0.695,70.9892578125,-55.4541015625,-16.81640625,
0.6955,75.2333984375,-48.5673828125,-27.5869140625,
0.696,72.310546875,-29.1083984375,-43.2421875,
0.6965,77.8359375,-30.4697265625,-46.28515625,
0.697,68.1865234375,-5.3251953125,-61.01953125,
0.6975,68.06640625,-4.1640625,-61.01953125,
0.698,56.935546875,14.7744140625,-68.5869140625,
0.6985,48.8076171875,24.82421875,-70.46875,
0.699,46.765625,34.43359375,-78.236328125,
0.6995,25.46484375,49.96875,-73.2314453125,
0.7,28.267578125,50.9697265625,-77.7958984375,
0.7005,1.9619140625,64.1826171875,-65.583984375,
0.701,1.0009765625,63.7021484375,-64.86328125,
0.7015,-17.0166015625,72.23046875,-56.0947265625,
0.702,-30.3095703125,76.5146484375,-47.2060546875,
0.7025,-38.0771484375,81.4794921875,-44.36328125,
0.703,-49.48828125,70.1083984375,-22.0615234375,
0.7035,-50.9697265625,72.390625,-22.501953125,
0.704,-64.6630859375,61.419921875,2.08203125,
0.7045,-68.4267578125,60.859375,6.6865234375,
0.705,-75.9541015625,53.3720703125,21.62109375,
0.7055,-75.033203125,39.1982421875,34.7138671875,
0.706,-78.0361328125,38.3974609375,38.2373046875,
0.7065,-67.1455078125,14.2138671875,51.490234375,
0.707,-73.03125,16.5361328125,54.5732421875,
0.7075,-64.2626953125,-8.2080078125,70.388671875,
0.708,-63.181640625,-13.4931640625,74.4326171875,
0.7085,-55.013671875,-25.544921875,78.9970703125,
0.709,-36.67578125,-38.0771484375,73.0712890625,
0.7095,-36.67578125,-41.400390625,76.9951171875,
0.71,-11.53125,-57.17578125,68.1865234375,
0.7105,-11.05078125,-61.5400390625,72.470703125,
0.711,10.650390625,-72.5908203125,62.3408203125,
0.7115,18.337890625,-72.0703125,54.29296875,
0.712,26.265625,-73.751953125,47.7666015625,
0.7125,42.921875,-69.3876953125,26.7060546875,
0.713,45.083984375,-75.833984375,30.189453125,
0.7135,62.220703125,-67.1455078125,4.404296875,
0.714,62.9013671875,-68.4267578125,4.244140625,
0.7145,70.30859375,-57.576171875,-13.853515625,
0.715,71.7099609375,-48.6474609375,-23.9833984375,
0.7155,77.99609375,-45.484375,-32.8720703125,
0.716,73.3916015625,-24.0634765625,-48.84765625,
0.7165,77.275390625,-26.1455078125,-49.6083984375,
0.717,66.14453125,-1.0810546875,-62.9013671875,
0.7175,64.462890625,1.8818359375,-63.3017578125,
0.718,55.7744140625,17.6572265625,-70.548828125,
0.7185,44.04296875,30.990234375,-72.0703125,
0.719,44.0830078125,38.8779296875,-80.4384765625,
0.7195,19.779296875,52.2109375,-70.1884765625,
0.72,21.9814453125,52.0107421875,-72.87109375,
0.7205,-2.8828125,64.1826171875,-61.2197265625,
0.721,-6.6064453125,66.544921875,-60.458984375,
0.7215,-21.541015625,74.5126953125,-53.8125,
0.722,-36.3955078125,74.552734375,-39.3583984375,
0.7225,-39.9990234375,77.5556640625,-38.3974609375,
0.723,-50.76953125,64.3828125,-15.0947265625,
0.7235,-53.892578125,68.38671875,-15.4150390625,
0.724,-69.02734375,59.818359375,8.16796875,
0.7245,-73.83203125,57.2958984375,15.775390625,
0.725,-78.1162109375,50.7294921875,26.42578125,
0.7255,-72.9912109375,31.3505859375,40.4794921875,
0.726,-76.634765625,33.552734375,41.560546875,
0.7265,-67.265625,7.4873046875,58.2568359375,
0.727,-72.6708984375,8.6484375,61.98046875,
0.7275,-62.78125,-12.5322265625,73.19140625,
0.728,-56.2548828125,-20.6201171875,74.712890625,
0.7285,-49.888671875,-28.828125,76.9150390625,
0.729,-28.66796875,-43.001953125,70.388671875,
0.7295,-30.7900390625,-45.3642578125,75.193359375,
0.73,-5.4052734375,-61.5400390625,66.705078125,
0.7305,-3.283203125,-63.7421875,67.185546875,
0.731,13.8134765625,-70.62890625,57.015625,
0.7315,25.1845703125,-70.0283203125,45.484375,
0.732,32.9921875,-76.8349609375,43.962890625,
0.7325,49.728515625,-70.7490234375,21.1005859375,
0.733,51.8505859375,-76.9951171875,24.2236328125,
0.7335,66.0244140625,-65.5439453125,-1.2412109375,
0.734,65.3037109375,-63.3017578125,-3.36328125,
0.7345,71.990234375,-55.25390625,-18.2177734375,
0.735,73.7919921875,-42.361328125,-32.03125,
0.7355,80.7587890625,-41.6005859375,-39.0380859375,
0.736,70.94921875,-18.5380859375,-51.5703125,
0.7365,73.1513671875,-19.2587890625,-52.130859375,
0.737,61.7802734375,4.1240234375,-63.421875,
0.7375,59.177734375,9.7294921875,-65.7841796875,
0.738,53.01171875,22.421875,-72.2705078125,
0.7385,36.7958984375,37.63671875,-71.7099609375,
0.739,37.95703125,41.400390625,-76.955078125,
0.7395,12.892578125,53.171875,-64.6630859375,
0.74,14.7744140625,54.7333984375,-68.70703125,
0.7405,-8.328125,67.666015625,-59.498046875,
0.741,-16.095703125,72.87109375,-57.576171875,
0.7415,-26.9462890625,78.236328125,-51.890625,
0.742,-40.83984375,71.75,-32.111328125,
0.7425,-41.8408203125,74.4326171875,-33.6328125,
0.743,-56.4150390625,63.9423828125,-8.888671875,
0.7435,-60.4189453125,67.5859375,-8.0478515625,
0.744,-72.1904296875,59.177734375,12.2119140625,
0.7445,-71.830078125,50.208984375,20.8203125,
0.745,-74.3525390625,45.8447265625,27.466796875,
0.7455,-67.7861328125,23.6630859375,42.921875,
0.746,-73.671875,27.947265625,44.123046875,
0.7465,-65.103515625,2.2421875,61.2197265625,
0.747,-67.1455078125,1.12109375,63.8623046875,
0.7475,-56.8955078125,-14.6142578125,69.748046875,
0.748,-46.0849609375,-25.625,69.7880859375,
0.7485,-44.1630859375,-33.232421875,75.75390625,
0.749,-21.8212890625,-48.8076171875,69.587890625,
0.7495,-24.4638671875,-50.8095703125,74.6728515625,
0.75,0.2802734375,-65.50390625,65.2236328125,
0.7505,4.2041015625,-65.50390625,61.66015625,
0.751,17.0166015625,-69.66796875,53.171875,
0.7515,32.3115234375,-70.548828125,38.677734375,
0.752,39.318359375,-79.7578125,40.19921875,
0.7525,53.9326171875,-69.7080078125,15.615234375,
0.753,54.4130859375,-72.791015625,17.6171875,
0.7535,65.34375,-60.4189453125,-5.6455078125,
0.754,67.10546875,-57.2958984375,-10.890625,
0.7545,74.6328125,-51.2900390625,-23.9833984375,
0.755,74.1123046875,-34.2734375,-39.7587890625,
0.7555,77.8359375,-35.1142578125,-41.8408203125,
0.756,65.5439453125,-10.2900390625,-53.97265625,
0.7565,67.9462890625,-10.25,-55.4140625,
0.757,58.77734375,11.2109375,-67.265625,
0.7575,54.373046875,20.4599609375,-71.7900390625,
0.758,50.7294921875,30.75,-78.876953125,
0.7585,29.3486328125,44.68359375,-71.91015625,
0.759,32.19140625,43.6826171875,-74.1923828125,
0.7595,5.7255859375,58.45703125,-63.501953125,
0.76,5.4453125,61.9404296875,-67.42578125,
0.7605,-14.4541015625,72.55078125,-58.9775390625,
0.761,-25.3447265625,74.8330078125,-50.6494140625,
0.7615,-31.9912109375,76.8349609375,-45.96484375,
0.762,-44.9638671875,67.025390625,-23.6630859375,
0.7625,-45.9248046875,70.8291015625,-26.10546875,
0.763,-63.90234375,63.1015625,-0.48046875,
0.7635,-66.9453125,63.662109375,2.40234375,
0.764,-72.6708984375,54.61328125,17.1767578125,
0.7645,-70.4287109375,40.6796875,28.748046875,
0.765,-75.75390625,40.19921875,34.2734375,
0.7655,-68.1865234375,16.65625,50.208984375,
0.766,-75.7939453125,20.4599609375,53.572265625,
0.7665,-66.4248046875,-4.1640625,68.5869140625,
0.767,-63.021484375,-7.5673828125,68.546875,
0.7675,-55.4140625,-20.01953125,73.3115234375,
0.768,-39.3583984375,-34.2333984375,71.830078125,
0.7685,-40.119140625,-40.51953125,79.7177734375,
0.769,-16.6162109375,-54.693359375,70.46875,
0.7695,-17.376953125,-56.375,73.3916015625,
0.77,4.484375,-65.3837890625,61.2998046875,
0.7705,11.4912109375,-66.8251953125,56.0546875,
0.771,21.9013671875,-71.830078125,50.609375,
0.7715,39.3984375,-70.7890625,31.9111328125,
0.772,42.8818359375,-78.15625,35.154296875,
0.7725,54.9736328125,-65.0634765625,10.0498046875,
0.773,54.7333984375,-66.7451171875,11.291015625,
0.7735,65.6240234375,-56.775390625,-9.5693359375,
0.774,71.029296875,-52.3310546875,-19.298828125,
0.7745,78.0361328125,-48.52734375,-29.7890625,
0.775,72.7509765625,-27.7470703125,-44.5634765625,
0.7755,74.6728515625,-29.7890625,-43.8828125,
0.776,62.78125,-5.4453125,-55.8544921875,
0.7765,65.0234375,-3.7236328125,-59.017578125,
0.777,57.736328125,14.57421875,-69.908203125,
0.7775,48.046875,25.9052734375,-71.26953125,
0.778,46.125,32.3115234375,-75.8740234375,
0.7785,22.5419921875,45.5244140625,-66.3046875,
0.779,25.9052734375,45.9248046875,-70.46875,
0.7795,0.240234375,61.8603515625,-61.740234375,
0.78,-2.642578125,65.4638671875,-63.1015625,
0.7805,-17.6171875,72.3505859375,-55.57421875,
0.781,-30.26953125,70.5087890625,-41.3603515625,
0.7815,-35.1943359375,74.5927734375,-40.3994140625,
0.782,-49.0478515625,64.9833984375,-17.296875,
0.7825,-53.3720703125,71.1494140625,-18.658203125,
0.783,-69.34765625,63.26171875,5.044921875,
0.7835,-70.46875,59.2978515625,10.2900390625,
0.784,-72.7509765625,51.5302734375,20.33984375,
0.7845,-70.30859375,33.873046875,35.314453125,
0.785,-77.3154296875,36.6357421875,39.23828125,
0.7855,-68.38671875,11.6513671875,55.1337890625,
0.786,-73.2314453125,13.4130859375,57.7763671875,
0.7865,-61.7802734375,-8.16796875,67.826171875,
0.787,-55.7744140625,-15.0546875,68.546875,
0.7875,-50.4892578125,-25.5048828125,73.83203125,
0.788,-30.58984375,-42.2412109375,71.3896484375,
0.7885,-33.0322265625,-45.244140625,77.5556640625,
0.789,-7.3671875,-58.9775390625,66.0244140625,
0.7895,-7.0068359375,-59.73828125,66.8251953125,
0.79,12.2119140625,-68.7470703125,56.5751953125,
0.7905,22.90234375,-71.029296875,48.767578125,
0.791,32.671875,-79.357421875,46.8857421875,
0.7915,48.287109375,-72.6708984375,24.583984375,
0.792,48.6875,-76.8349609375,27.5068359375,
0.7925,63.26171875,-64.9033203125,1.0009765625,
0.793,64.623046875,-65.904296875,0.080078125,
0.7935,73.3515625,-57.49609375,-17.4970703125,
0.794,76.8349609375,-47.1259765625,-30.3896484375,
0.7945,80.8388671875,-43.962890625,-36.8759765625,
0.795,69.3876953125,-20.6201171875,-48.20703125,
0.7955,72.7509765625,-21.2607421875,-50.0888671875,
0.796,63.341796875,3.4833984375,-64.8232421875,
0.7965,62.4609375,8.3681640625,-68.1865234375,
0.797,55.1337890625,21.701171875,-73.9921875,
0.7975,39.318359375,34.8740234375,-71.7099609375,
0.798,39.4384765625,38.7177734375,-75.994140625,
0.7985,14.3740234375,53.2919921875,-66.3447265625,
0.799,16.6162109375,56.9755859375,-72.9111328125,
0.7995,-7.3671875,71.3896484375,-64.1826171875,
0.8,-13.453125,72.9912109375,-60.2587890625,
0.8005,-24.103515625,76.5146484375,-53.2119140625,
0.801,-39.0380859375,71.4296875,-33.6328125,
0.8015,-42.2412109375,76.6748046875,-35.3544921875,
0.802,-59.2578125,67.5859375,-9.609375,
0.8025,-61.900390625,70.7490234375,-9.689453125,
0.803,-70.869140625,59.41796875,10.650390625,
0.8035,-70.708984375,50.9697265625,18.8984375,
0.804,-74.79296875,46.5654296875,27.2666015625,
0.8045,-70.9091796875,25.5048828125,44.203125,
0.805,-78.076171875,29.8291015625,46.6455078125,
0.8055,-67.1455078125,3.5234375,61.8203125,
0.806,-67.6259765625,3.9638671875,61.5400390625,
0.8065,-57.2158203125,-14.3740234375,69.427734375,
0.807,-49.0078125,-25.9052734375,72.9111328125,
0.8075,-46.525390625,-35.234375,80.318359375,
0.808,-24.2236328125,-50.369140625,73.591796875,
0.8085,-26.6259765625,-49.96875,76.1142578125,
0.809,-0.720703125,-62.861328125,63.7421875,
0.8095,2.5625,-64.9033203125,63.021484375,
0.81,19.05859375,-73.03125,54.93359375,
0.8105,32.912109375,-74.5927734375,42.5615234375,
0.811,38.8779296875,-80.798828125,42.28125,
0.8115,51.650390625,-68.70703125,17.3369140625,
0.812,51.5302734375,-71.6298828125,19.6591796875,
0.8125,65.984375,-61.2197265625,-5.28515625,
0.813,69.3076171875,-60.619140625,-9.8095703125,
0.8135,76.9951171875,-54.1328125,-23.703125,
0.814,74.1923828125,-37.0361328125,-37.2763671875,
0.8145,76.6748046875,-36.4755859375,-39.6787109375,
0.815,65.0234375,-12.4521484375,-51.73046875,
0.8155,69.98828125,-12.4921875,-55.7744140625,
0.816,62.78125,10.73046875,-71.4296875,
0.8165,58.0166015625,19.0185546875,-73.9521484375,
0.817,51.2900390625,27.1865234375,-75.994140625,
0.8175,30.029296875,41.9208984375,-70.068359375,
0.818,33.3125,43.6025390625,-75.353515625,
0.8185,6.40625,60.8994140625,-66.705078125,
0.819,7.046875,64.3427734375,-71.3095703125,
0.8195,-12.892578125,72.8310546875,-60.37890625,
0.82,-21.78125,72.0302734375,-51.41015625,
0.8205,-29.7490234375,74.9931640625,-46.4453125,
0.821,-45.484375,68.6669921875,-24.6640625,
0.8215,-48.447265625,75.11328125,-27.70703125,
0.822,-65.984375,65.7041015625,-0.9208984375,
0.8225,-65.8642578125,65.0234375,0.080078125,
0.823,-70.708984375,53.572265625,16.3759765625,
0.8235,-71.2294921875,42.4013671875,28.02734375,
0.824,-79.4775390625,41.7607421875,36.595703125,
0.8245,-72.390625,18.9384765625,52.0107421875,
0.825,-78.0361328125,22.58203125,53.6123046875,
0.8255,-65.423828125,-2.8828125,66.3447265625,
0.826,-63.9423828125,-4.9248046875,66.4248046875,
0.8265,-55.6943359375,-20.4599609375,73.9521484375,
0.827,-42.6416015625,-35.39453125,76.39453125,
0.8275,-42.1611328125,-41.5205078125,81.51953125,
0.828,-17.857421875,-52.8115234375,70.0283203125,
0.8285,-18.4580078125,-53.3720703125,71.7099609375,
0.829,5.4052734375,-65.6640625,60.7392578125,
0.8295,12.33203125,-69.66796875,58.0166015625,
0.83,24.984375,-76.6748046875,52.53125,
0.8305,40.3994140625,-73.671875,33.9931640625,
0.831,41.880859375,-77.1552734375,35.4345703125,
0.8315,54.93359375,-64.623046875,9.849609375,
0.832,56.85546875,-68.8671875,11.451171875,
0.8325,71.3095703125,-60.8193359375,-11.291015625,
0.833,76.234375,-56.6953125,-20.1796875,
0.8335,80.078125,-51.1298828125,-29.30859375,
0.834,72.3505859375,-29.5087890625,-42.76171875,
0.8345,75.5537109375,-31.1904296875,-43.5224609375,
0.835,65.6240234375,-5.685546875,-58.77734375,
0.8355,69.2275390625,-4.083984375,-63.1015625,
0.836,60.6591796875,15.3349609375,-73.3115234375,
0.8365,49.6083984375,24.3037109375,-71.7900390625,
0.837,45.8447265625,30.58984375,-74.2724609375,
0.8375,22.26171875,45.8447265625,-66.625,
0.838,26.2255859375,48.927734375,-74.0322265625,
0.8385,-0.9208984375,65.744140625,-64.54296875,
0.839,-2.001953125,66.9453125,-65.34375,
0.8395,-17.3369140625,71.3095703125,-54.3330078125,
0.84,-29.4287109375,71.109375,-42.8818359375,
0.8405,-36.7958984375,77.4755859375,-41.5205078125,
0.841,-51.9306640625,69.1875,-18.4580078125,
0.8415,-55.4541015625,75.0732421875,-20.33984375,
0.842,-68.70703125,63.1015625,4.6044921875,
0.8425,-68.8271484375,59.8984375,8.2880859375,
0.843,-73.5517578125,51.2900390625,21.3408203125,
0.8435,-73.8720703125,36.1953125,36.67578125,
0.844,-81.599609375,38.2373046875,42.0009765625,
0.8445,-70.3486328125,12.97265625,55.7744140625,
0.845,-72.7509765625,14.654296875,56.0146484375,
0.8455,-61.2197265625,-8.4482421875,67.666015625,
0.846,-57.6962890625,-14.57421875,70.388671875,
0.8465,-52.611328125,-27.06640625,78.15625,
0.847,-33.712890625,-42.9619140625,75.2734375,
0.8475,-34.9541015625,-43.8828125,78.4765625,
0.848,-8.9287109375,-57.255859375,65.904296875,
0.8485,-8.2080078125,-59.578125,68.0263671875,
0.849,13.373046875,-72.390625,59.818359375,
0.8495,23.8232421875,-75.513671875,52.53125,
0.85,32.51171875,-80.6787109375,48.927734375,
0.8505,47.0458984375,-72.2705078125,25.865234375,
0.851,46.28515625,-75.59375,29.068359375,
0.8515,62.861328125,-65.2236328125,2.0419921875,
0.852,66.3046875,-68.2265625,1.0810546875,
0.8525,75.833984375,-59.017578125,-17.3369140625,
0.853,76.154296875,-48.84765625,-28.1474609375,
0.8535,78.876953125,-44.603515625,-34.4736328125,
0.854,69.4677734375,-21.140625,-48.0869140625,
0.8545,74.0322265625,-23.5830078125,-49.4482421875,
0.855,65.50390625,2.802734375,-66.6650390625,
0.8555,64.86328125,6.2060546875,-68.466796875,
0.856,54.7734375,20.1396484375,-72.3505859375,
0.8565,40.19921875,32.7919921875,-70.9091796875,
0.857,40.4794921875,39.1181640625,-77.755859375,
0.8575,15.21484375,55.09375,-69.1474609375,
0.858,18.177734375,58.8974609375,-76.39453125,
0.8585,-7.126953125,71.109375,-64.1025390625,
0.859,-10.650390625,70.1884765625,-60.4189453125,
0.8595,-23.783203125,75.2333984375,-52.291015625,
0.86,-39.3583984375,73.7119140625,-35.5146484375,
0.8605,-43.322265625,79.998046875,-37.236328125,
0.861,-58.9775390625,69.0673828125,-11.291015625,
0.8615,-59.2578125,70.62890625,-12.091796875,
0.862,-69.267578125,58.5771484375,9.9296875,
0.8625,-71.7099609375,53.2119140625,17.7373046875,
0.863,-77.755859375,48.4072265625,28.3876953125,
0.8635,-74.15234375,28.5478515625,44.4833984375,
0.864,-77.8759765625,31.470703125,44.763671875,
0.8645,-65.984375,4.7646484375,59.5380859375,
0.865,-67.5859375,5.2451171875,60.21875,
0.8655,-59.177734375,-15.0546875,71.91015625,
0.866,-53.01171875,-26.505859375,77.4755859375,
0.8665,-49.0078125,-34.75390625,81.4794921875,
0.867,-26.42578125,-47.1259765625,72.55078125,
0.8675,-28.66796875,-46.525390625,74.7529296875,
0.868,-2.642578125,-60.8994140625,63.8623046875,
0.8685,0.3603515625,-64.9833984375,65.5439453125,
0.869,18.177734375,-74.873046875,58.0166015625,
0.8695,29.7490234375,-73.83203125,45.0439453125,
0.87,34.6337890625,-76.8349609375,42.76171875,
0.8705,49.087890625,-66.705078125,18.177734375,
0.871,50.4892578125,-72.55078125,21.7412109375,
0.8715,67.265625,-63.341796875,-4.404296875,
0.872,70.1083984375,-63.501953125,-7.3271484375,
0.8725,74.552734375,-54.373046875,-20.8603515625,
0.873,71.3896484375,-38.7578125,-33.1123046875,
0.8735,76.875,-38.1572265625,-38.59765625,
0.874,68.0263671875,-14.4541015625,-53.0517578125,
0.8745,74.6728515625,-15.775390625,-57.416015625,
0.875,64.54296875,7.9677734375,-70.46875,
0.8755,59.658203125,12.97265625,-69.908203125,
0.876,51.9306640625,22.982421875,-72.6708984375,
0.8765,33.6328125,39.0380859375,-70.869140625,
0.877,37.2763671875,43.40234375,-79.4775390625,
0.8775,10.009765625,60.4990234375,-69.7080078125,
0.878,11.8115234375,60.6591796875,-72.2705078125,
0.8785,-9.76953125,69.02734375,-59.9384765625,
0.879,-17.6572265625,70.5888671875,-54.052734375,
0.8795,-28.2275390625,76.9951171875,-49.6083984375,
0.88,-45.1640625,73.0712890625,-29.1884765625,
0.8805,-46.4453125,77.515625,-31.7509765625,
0.881,-61.580078125,65.6240234375,-5.125,
0.8815,-61.7802734375,65.6240234375,-4.6044921875,
0.882,-71.7900390625,56.7353515625,14.4140625,
0.8825,-74.953125,47.88671875,26.0654296875,
0.883,-81.599609375,47.0458984375,34.8740234375,
0.8835,-73.83203125,23.783203125,48.7275390625,
0.884,-76.154296875,26.505859375,47.7666015625,
0.8845,-65.34375,0.1201171875,63.3017578125,
0.885,-66.6650390625,-2.1220703125,66.625,
0.8855,-59.41796875,-18.9384765625,76.2744140625,
0.886,-46.9658203125,-32.751953125,78.31640625,
0.8865,-44.5634765625,-37.7568359375,80.9990234375,
0.887,-19.4990234375,-49.3681640625,68.1865234375,
0.8875,-20.66015625,-52.2509765625,72.87109375,
0.888,5.1650390625,-68.146484375,63.822265625,
0.8885,10.2099609375,-71.830078125,62.9013671875,
0.889,22.90234375,-76.07421875,54.4931640625,
0.8895,36.275390625,-72.150390625,37.0361328125,
0.89,40.0390625,-77.1552734375,37.4365234375,
0.8905,55.7744140625,-67.025390625,11.6513671875,
0.891,60.1787109375,-74.6328125,13.9736328125,
0.8915,73.9921875,-64.462890625,-10.08984375,
0.892,74.953125,-59.9384765625,-16.1357421875,
0.8925,78.1162109375,-52.611328125,-26.345703125,
0.893,73.271484375,-32.3916015625,-41.16015625,
0.8935,79.0771484375,-34.3134765625,-44.4833984375,
0.894,70.1083984375,-7.8076171875,-61.33984375,
0.8945,72.3505859375,-7.5673828125,-62.861328125,
0.895,60.3388671875,12.091796875,-70.708984375,
0.8955,51.3701171875,20.66015625,-69.8681640625,
0.896,47.646484375,29.2685546875,-74.8330078125,
0.8965,25.46484375,46.525390625,-70.5087890625,
0.897,29.8291015625,48.20703125,-77.03515625,
0.8975,2.72265625,62.78125,-65.103515625,
0.898,2.2421875,62.1005859375,-64.7431640625,
0.8985,-15.6953125,69.9482421875,-55.173828125,
0.899,-28.587890625,73.271484375,-45.64453125,
0.8995,-37.4765625,80.55859375,-44.0029296875,
0.9,-51.73046875,71.4697265625,-20.98046875,
0.9005,-52.8115234375,74.232421875,-22.181640625,
0.901,-66.5849609375,62.4208984375,3.283203125,
0.9015,-68.06640625,60.6591796875,7.046875,
0.902,-75.7939453125,53.2119140625,21.7412109375,
0.9025,-76.7548828125,39.3984375,36.3955078125,
0.903,-81.439453125,39.87890625,40.279296875,
0.9035,-68.947265625,14.57421875,52.8916015625,
0.904,-72.8310546875,16.7763671875,54.0927734375,
0.9045,-62.8212890625,-8.087890625,68.9072265625,
0.905,-61.5400390625,-13.6533203125,72.9111328125,
0.9055,-54.9736328125,-26.265625,79.7177734375,
0.906,-35.955078125,-39.798828125,74.232421875,
0.9065,-36.7158203125,-41.6806640625,77.8359375,
0.907,-9.76953125,-57.17578125,66.7451171875,
0.9075,-10.2099609375,-61.3798828125,72.0302734375,
0.908,13.3330078125,-74.712890625,62.5009765625,
0.9085,20.8203125,-76.154296875,56.375,
0.909,29.30859375,-77.9560546875,49.5283203125,
0.9095,44.5634765625,-71.8701171875,28.02734375,
0.91,46.205078125,-78.2763671875,31.6708984375,
0.9105,63.6220703125,-68.1865234375,4.1640625,
0.911,65.50390625,-71.3095703125,4.6044921875,
0.9115,72.87109375,-59.5380859375,-14.6142578125,
0.912,72.7109375,-50.4892578125,-23.703125,
0.9125,77.115234375,-46.0849609375,-31.9111328125,
0.913,71.26953125,-23.3828125,-48.0068359375,
0.9135,76.4345703125,-26.265625,-49.408203125,
0.914,66.2646484375,0.2001953125,-65.0634765625,
0.9145,64.86328125,2.2822265625,-64.703125,
0.915,55.3740234375,17.9375,-71.109375,
0.9155,43.5224609375,30.58984375,-71.669921875,
0.916,44.203125,38.1572265625,-80.4384765625,
0.9165,19.69921875,52.9716796875,-71.2294921875,
0.917,23.3828125,52.4912109375,-74.8330078125,
0.9175,-2.482421875,65.7041015625,-63.2216796875,
0.918,-5.845703125,67.3056640625,-61.8603515625,
0.9185,-20.7001953125,75.43359375,-55.173828125,
0.919,-36.275390625,76.0341796875,-40.51953125,
0.9195,-40.51953125,80.4384765625,-40.4794921875,
0.92,-51.73046875,66.625,-16.015625,
0.9205,-53.3720703125,69.5478515625,-17.0166015625,
0.921,-67.3056640625,59.818359375,6.966796875,
0.9215,-71.91015625,57.095703125,14.2138671875,
0.922,-77.5556640625,51.490234375,25.224609375,
0.9225,-72.470703125,31.791015625,39.7587890625,
0.923,-76.07421875,34.2333984375,40.439453125,
0.9235,-65.984375,7.52734375,57.095703125,
0.924,-71.6298828125,9.208984375,60.69921875,
0.9245,-63.181640625,-12.4921875,73.83203125,
0.925,-57.65625,-21.220703125,77.3154296875,
0.9255,-51.7705078125,-29.228515625,79.7978515625,
0.926,-29.5087890625,-42.76171875,71.1494140625,
0.9265,-32.3916015625,-44.84375,76.7548828125,
0.927,-4.244140625,-63.9423828125,68.0263671875,
0.9275,-3.4833984375,-66.78515625,70.46875,
0.928,15.0947265625,-73.671875,59.2978515625,
0.9285,24.6240234375,-71.4697265625,47.40625,
0.929,31.5107421875,-75.9140625,44.7236328125,
0.9295,47.7265625,-68.6669921875,21.1005859375,
0.93,50.4091796875,-76.2744140625,25.14453125,
0.9305,66.3447265625,-65.9443359375,-1.361328125,
0.931,65.3037109375,-63.9423828125,-2.8828125,
0.9315,71.2294921875,-54.853515625,-17.6572265625,
0.932,72.3505859375,-41.9609375,-31.3505859375,
0.9325,79.998046875,-41.6005859375,-38.517578125,
0.933,71.6298828125,-17.4970703125,-53.6123046875,
0.9335,74.9130859375,-18.8984375,-54.29296875,
0.934,62.4609375,4.7646484375,-65.2236328125,
0.9345,59.2177734375,10.0498046875,-66.625,
0.935,53.2119140625,22.5419921875,-72.9912109375,
0.9355,36.7958984375,38.7177734375,-73.03125,
0.936,39.158203125,43.4423828125,-80.6787109375,
0.9365,13.0927734375,54.853515625,-66.8251953125,
0.937,15.6953125,54.0126953125,-69.02734375,
0.9375,-7.7275390625,66.14453125,-58.9775390625,
0.938,-15.134765625,70.708984375,-56.3349609375,
0.9385,-26.90625,78.31640625,-51.970703125,
0.939,-42.201171875,72.87109375,-31.9111328125,
0.9395,-42.1611328125,74.9931640625,-33.8330078125,
0.94,-55.654296875,62.5009765625,-8.0478515625,
0.9405,-59.578125,66.5849609375,-7.9677734375,
0.941,-72.9912109375,58.857421875,13.373046875,
0.9415,-75.353515625,51.8505859375,22.7421875,
0.942,-79.1572265625,48.1669921875,30.109375,
0.9425,-70.1884765625,25.46484375,43.6826171875,
0.943,-75.5537109375,29.1484375,44.8037109375,
0.9435,-66.705078125,1.841796875,63.3017578125,
0.944,-70.5087890625,1.3212890625,66.9853515625,
0.9445,-60.8994140625,-15.53515625,74.392578125,
0.945,-49.0478515625,-25.5849609375,73.19140625,
0.9455,-46.4453125,-31.55078125,76.5546875,
0.946,-22.501953125,-46.125,67.5859375,
0.9465,-26.025390625,-48.126953125,73.671875,
0.947,0.48046875,-66.3046875,65.34375,
0.9475,3.84375,-66.705078125,63.2216796875,
0.948,16.65625,-69.5078125,53.2919921875,
0.9485,30.7099609375,-68.5869140625,38.3974609375,
0.949,37.1962890625,-77.1953125,39.8388671875,
0.9495,54.453125,-69.3876953125,14.6943359375,
0.95,56.615234375,-75.033203125,17.296875,
0.9505,68.466796875,-63.3818359375,-6.166015625,
0.951,68.0263671875,-58.7373046875,-10.650390625,
0.9515,74.3125,-53.0517578125,-22.26171875,
0.952,73.671875,-35.234375,-38.59765625,
0.9525,80.478515625,-37.556640625,-42.76171875,
0.953,67.74609375,-12.251953125,-54.3330078125,
0.9535,69.4677734375,-12.8525390625,-54.453125,
0.954,58.6171875,8.6884765625,-64.623046875,
0.9545,53.412109375,17.537109375,-67.90625,
0.955,50.5693359375,27.9072265625,-75.3134765625,
0.9555,29.068359375,44.3232421875,-70.9892578125,
0.956,32.83203125,44.0830078125,-74.953125,
0.9565,5.8056640625,58.1767578125,-62.861328125,
0.957,6.56640625,59.6982421875,-66.1845703125,
0.9575,-13.5732421875,70.708984375,-57.5361328125,
0.958,-24.9443359375,75.59375,-51.5703125,
0.9585,-32.5517578125,79.9580078125,-48.0869140625,
0.959,-45.404296875,69.267578125,-25.1044921875,
0.9595,-45.244140625,72.55078125,-28.3076171875,
0.96,-62.2607421875,62.8212890625,-1.521484375,
0.9605,-66.3046875,64.783203125,0.7607421875,
0.961,-74.8330078125,56.6552734375,17.4169921875,
0.9615,-72.9111328125,43.5625,28.4677734375,
0.962,-76.634765625,42.4013671875,33.1123046875,
0.9625,-67.1455078125,17.4970703125,48.4072265625,
0.963,-74.1123046875,20.9404296875,51.41015625,
0.9635,-65.3837890625,-4.8447265625,68.1865234375,
0.964,-64.0625,-8.0478515625,69.9482421875,
0.9645,-56.0146484375,-20.66015625,74.5927734375,
0.965,-39.55859375,-34.033203125,71.58984375,
0.9655,-40.759765625,-38.4775390625,77.9560546875,
0.966,-15.5751953125,-53.33203125,67.9462890625,
0.9665,-17.0166015625,-56.375,73.1513671875,
0.967,6.486328125,-68.9072265625,62.5810546875,
0.9675,13.052734375,-69.66796875,56.935546875,
0.968,22.982421875,-73.431640625,50.9296875,
0.9685,39.958984375,-71.26953125,31.2705078125,
0.969,43.162109375,-78.8369140625,34.75390625,
0.9695,59.1376953125,-67.74609375,7.7275390625,
0.97,58.5771484375,-69.107421875,8.8486328125,
0.9705,67.7060546875,-58.056640625,-11.291015625,
0.971,70.869140625,-51.9306640625,-20.5,
0.9715,76.8349609375,-48.3271484375,-29.5087890625,
0.972,72.310546875,-26.666015625,-45.5244140625,
0.9725,75.833984375,-29.46875,-44.8837890625,
0.973,63.0615234375,-4.2041015625,-57.2158203125,
0.9735,65.18359375,-3.04296875,-59.1376953125,
0.974,57.49609375,15.53515625,-69.7080078125,
0.9745,48.607421875,26.9462890625,-71.990234375,
0.975,47.6865234375,34.0732421875,-78.63671875,
0.9755,23.0224609375,47.7666015625,-68.5068359375,
0.976,27.5068359375,47.40625,-72.9111328125,
0.9765,0.48046875,62.78125,-62.7412109375,
0.977,-1.3212890625,66.2646484375,-64.8232421875,
0.9775,-16.9765625,73.7119140625,-57.255859375,
0.978,-29.62890625,72.4306640625,-43.6826171875,
0.9785,-34.2734375,76.07421875,-42.76171875,
0.979,-47.88671875,65.0634765625,-18.578125,
0.9795,-50.8896484375,70.8291015625,-21.0205078125,
0.98,-67.025390625,62.2607421875,3.603515625,
0.9805,-68.9873046875,59.8583984375,8.3681640625,
0.981,-72.150390625,52.451171875,18.7783203125,
0.9815,-69.3076171875,34.75390625,33.3525390625,
0.982,-76.1142578125,37.716796875,37.4365234375,
0.9825,-67.6259765625,12.33203125,53.97265625,
0.983,-74.1923828125,14.89453125,57.3359375,
0.9835,-63.90234375,-7.2470703125,69.1474609375,
0.984,-57.9765625,-13.61328125,69.427734375,
0.9845,-53.2119140625,-23.54296875,74.712890625,
0.985,-32.4716796875,-40.359375,71.5498046875,
0.9855,-36.0751953125,-43.0419921875,78.8369140625,
0.986,-9.76953125,-59.177734375,68.146484375,
0.9865,-10.2900390625,-58.9775390625,69.2275390625,
0.987,9.0888671875,-66.705078125,57.896484375,
0.9875,18.978515625,-67.986328125,49.4482421875,
0.988,28.1474609375,-75.75390625,47.6865234375,
0.9885,45.7646484375,-70.62890625,24.984375,
0.989,45.484375,-75.8740234375,29.2685546875,
0.9895,58.9775390625,-62.861328125,2.8828125,
0.99,60.0185546875,-63.662109375,1.921875,
0.9905,69.2275390625,-55.4140625,-15.4150390625,
0.991,74.3525390625,-46.044921875,-28.98828125,
0.9915,80.9990234375,-44.8837890625,-36.35546875,
0.992,70.0283203125,-20.8603515625,-48.767578125,
0.9925,72.150390625,-23.623046875,-46.7255859375,
0.993,61.66015625,1.841796875,-61.580078125,
0.9935,62.4609375,6.2861328125,-65.50390625,
0.994,55.89453125,20.8603515625,-73.3916015625,
0.9945,41.0400390625,34.2734375,-71.91015625,
0.995,41.16015625,37.4365234375,-75.8740234375,
0.9955,14.89453125,50.9296875,-64.1025390625,
0.996,18.177734375,52.8916015625,-69.98828125,
0.9965,-6.7666015625,68.06640625,-60.8994140625,
0.997,-12.7724609375,71.6298828125,-59.2578125,
0.9975,-23.7431640625,75.833984375,-52.7314453125,
0.998,-37.31640625,69.3876953125,-32.9521484375,
0.9985,-39.318359375,73.671875,-35.1142578125,
0.999,-57.3759765625,64.703125,-8.6083984375,
0.9995,-61.1796875,69.9482421875,-9.5693359375,