Date,2020-11-07 12:30:18
Filename,STFCB-20201012-0105-0159_20201107_122904_002.dat
Data Label,정상
Label No,00
Motor Spec,L-SF-04,1760,2.2,4.7,
Period,1SEC
Sample Rate,2000
RMS,3.09234,3.31641,3.12513,
Data Length,2000,
0,-2.7626953125,4.96484375,-3.203125,
0.0005,-3.8837890625,5.1650390625,-2.2021484375,
0.001,-4.4443359375,4.96484375,-1.3212890625,
0.0015,-4.6845703125,4.484375,-0.5205078125,
0.002,-4.96484375,4.1240234375,0.3203125,
0.0025,-4.9248046875,3.123046875,1.4013671875,
0.003,-4.9248046875,2.3623046875,2.2421875,
0.0035,-4.9248046875,1.28125,3.4033203125,
0.004,-4.2841796875,0.3603515625,3.7236328125,
0.0045,-4.00390625,-0.5205078125,4.2041015625,
0.005,-3.203125,-1.361328125,4.32421875,
0.0055,-2.5224609375,-2.2421875,4.5244140625,
0.006,-1.44140625,-3.283203125,4.5244140625,
0.0065,-0.6005859375,-4.1640625,4.484375,
0.007,0.48046875,-4.484375,3.763671875,
0.0075,1.12109375,-4.96484375,3.603515625,
0.008,2.0419921875,-5.0048828125,2.6025390625,
0.0085,2.642578125,-5.125,2.0419921875,
0.009,3.5634765625,-5.28515625,1.1611328125,
0.0095,3.84375,-4.8447265625,0.3603515625,
0.01,4.083984375,-4.5244140625,-0.3603515625,
0.0105,4.1240234375,-3.923828125,-1.1611328125,
0.011,4.1240234375,-3.0830078125,-2.0419921875,
0.0115,4.1240234375,-2.322265625,-2.8427734375,
0.012,4.1240234375,-1.5615234375,-3.763671875,
0.0125,3.5234375,-0.720703125,-4.00390625,
0.013,3.36328125,0,-4.564453125,
0.0135,2.5224609375,0.880859375,-4.564453125,
0.014,1.9619140625,1.681640625,-4.8447265625,
0.0145,1.041015625,2.72265625,-4.9248046875,
0.015,0.2802734375,3.4033203125,-4.8046875,
0.0155,-0.720703125,3.84375,-4.32421875,
0.016,-1.3212890625,4.3642578125,-4.1640625,
0.0165,-2.2421875,4.484375,-3.283203125,
0.017,-2.9228515625,4.7646484375,-2.8427734375,
0.0175,-3.8837890625,4.96484375,-1.9619140625,
0.018,-4.1640625,4.484375,-1.1611328125,
0.0185,-4.564453125,4.32421875,-0.48046875,
0.019,-4.64453125,3.6435546875,0.5205078125,
0.0195,-4.8046875,2.8828125,1.4814453125,
0.02,-4.8046875,2.0419921875,2.3623046875,
0.0205,-4.7646484375,1.2412109375,3.203125,
0.021,-4.1240234375,0.2802734375,3.5234375,
0.0215,-4.00390625,-0.400390625,4.1640625,
0.022,-2.962890625,-1.4814453125,4.244140625,
0.0225,-2.322265625,-2.40234375,4.5244140625,
0.023,-1.2412109375,-3.4833984375,4.4443359375,
0.0235,-0.3603515625,-4.1240234375,4.1240234375,
0.024,0.6005859375,-4.5244140625,3.68359375,
0.0245,1.361328125,-4.884765625,3.203125,
0.025,2.3623046875,-5.044921875,2.2421875,
0.0255,2.9228515625,-5.125,1.681640625,
0.026,3.68359375,-5.125,0.880859375,
0.0265,3.84375,-4.5244140625,0.0400390625,
0.027,4.1240234375,-4.244140625,-0.6806640625,
0.0275,4.083984375,-3.203125,-1.8017578125,
0.028,4.1240234375,-2.5625,-2.6025390625,
0.0285,3.8837890625,-1.8017578125,-3.2431640625,
0.029,3.7236328125,-1.041015625,-3.8837890625,
0.0295,3.04296875,-0.16015625,-4.083984375,
0.03,2.802734375,0.5205078125,-4.4443359375,
0.0305,1.841796875,1.521484375,-4.5244140625,
0.031,1.28125,2.2421875,-4.6845703125,
0.0315,0.400390625,3.0830078125,-4.564453125,
0.032,-0.400390625,3.443359375,-4.1640625,
0.0325,-1.0810546875,3.8837890625,-3.923828125,
0.033,-1.8017578125,4.1240234375,-3.36328125,
0.0335,-2.5625,4.32421875,-2.7626953125,
0.034,-3.123046875,4.404296875,-2.2021484375,
0.0345,-3.7236328125,4.404296875,-1.5615234375,
0.035,-3.84375,3.923828125,-0.8408203125,
0.0355,-4.244140625,3.84375,-0.2802734375,
0.036,-4.2041015625,2.8828125,0.7607421875,
0.0365,-4.484375,2.5224609375,1.521484375,
0.037,-4.3642578125,1.6416015625,2.2421875,
0.0375,-4.2041015625,1.1611328125,2.7626953125,
0.038,-3.84375,0.3603515625,3.283203125,
0.0385,-3.5234375,-0.400390625,3.6435546875,
0.039,-2.72265625,-1.44140625,3.8837890625,
0.0395,-2.08203125,-2.2822265625,4.1240234375,
0.04,-1.2412109375,-3.1630859375,4.083984375,
0.0405,-0.3603515625,-3.603515625,3.68359375,
0.041,0.400390625,-4.2041015625,3.5634765625,
0.0415,1.28125,-4.4443359375,2.8427734375,
0.042,2.0419921875,-4.8447265625,2.3623046875,
0.0425,2.6826171875,-4.8447265625,1.681640625,
0.043,3.203125,-4.8046875,1.0009765625,
0.0435,3.4833984375,-4.2841796875,0.16015625,
0.044,3.84375,-4.0439453125,-0.6005859375,
0.0445,3.84375,-3.04296875,-1.8017578125,
0.045,3.9638671875,-2.5625,-2.4423828125,
0.0455,3.8037109375,-1.6416015625,-3.203125,
0.046,3.4833984375,-0.9609375,-3.603515625,
0.0465,3.04296875,-0.16015625,-4.00390625,
0.047,2.4423828125,0.720703125,-4.244140625,
0.0475,1.6416015625,1.76171875,-4.5244140625,
0.048,0.9609375,2.40234375,-4.484375,
0.0485,0.1201171875,3.1630859375,-4.3642578125,
0.049,-0.6806640625,3.443359375,-3.84375,
0.0495,-1.28125,3.8837890625,-3.603515625,
0.05,-2.2421875,4.0439453125,-2.7626953125,
0.0505,-2.8427734375,4.2841796875,-2.322265625,
0.051,-3.283203125,4.1240234375,-1.6416015625,
0.0515,-3.6435546875,3.9638671875,-1.0810546875,
0.052,-3.8037109375,3.4833984375,-0.400390625,
0.0525,-4.00390625,3.04296875,0.3603515625,
0.053,-4.0439453125,2.2421875,1.28125,
0.0535,-4.0439453125,1.841796875,1.841796875,
0.054,-3.9638671875,1.201171875,2.482421875,
0.0545,-3.603515625,0.560546875,2.802734375,
0.055,-3.4033203125,-0.16015625,3.2431640625,
0.0555,-2.72265625,-1.0009765625,3.4033203125,
0.056,-2.2021484375,-1.8017578125,3.763671875,
0.0565,-1.4013671875,-2.482421875,3.6435546875,
0.057,-0.80078125,-3.0830078125,3.603515625,
0.0575,0,-3.5634765625,3.2431640625,
0.058,0.6005859375,-3.9638671875,3.0830078125,
0.0585,1.44140625,-4.2041015625,2.40234375,
0.059,2.0419921875,-4.5244140625,2.0419921875,
0.0595,2.5625,-4.5244140625,1.4013671875,
0.06,2.9228515625,-4.3642578125,0.80078125,
0.0605,3.2431640625,-4.1240234375,0.080078125,
0.061,3.4833984375,-3.5634765625,-0.8408203125,
0.0615,3.763671875,-2.8828125,-1.8017578125,
0.062,3.68359375,-2.322265625,-2.3623046875,
0.0625,3.68359375,-1.6416015625,-3.0830078125,
0.063,3.2431640625,-0.9208984375,-3.443359375,
0.0635,3.04296875,-0.16015625,-3.9638671875,
0.064,2.162109375,0.9208984375,-4.1640625,
0.0645,1.6416015625,1.76171875,-4.5244140625,
0.065,0.7607421875,2.482421875,-4.32421875,
0.0655,0.0400390625,3.123046875,-4.244140625,
0.066,-0.80078125,3.5234375,-3.8037109375,
0.0665,-1.4814453125,3.8837890625,-3.443359375,
0.067,-2.5224609375,4.2041015625,-2.642578125,
0.0675,-2.962890625,4.2041015625,-2.1220703125,
0.068,-3.5234375,4.1240234375,-1.44140625,
0.0685,-3.7236328125,3.7236328125,-0.7607421875,
0.069,-4.00390625,3.3232421875,0,
0.0695,-4.0439453125,2.5625,1.0009765625,
0.07,-4.2041015625,1.9619140625,1.841796875,
0.0705,-3.923828125,1.3212890625,2.2822265625,
0.071,-3.84375,0.6806640625,2.8427734375,
0.0715,-3.36328125,0,3.123046875,
0.072,-3.0029296875,-0.80078125,3.4833984375,
0.0725,-2.08203125,-1.841796875,3.6435546875,
0.073,-1.4814453125,-2.5224609375,3.68359375,
0.0735,-0.640625,-3.0830078125,3.443359375,
0.074,0.0400390625,-3.5634765625,3.203125,
0.0745,0.640625,-3.84375,2.8427734375,
0.075,1.361328125,-4.083984375,2.3623046875,
0.0755,2.1220703125,-4.404296875,1.8017578125,
0.076,2.40234375,-4.2841796875,1.28125,
0.0765,2.8828125,-4.32421875,0.7607421875,
0.077,3.04296875,-3.84375,0.0400390625,
0.0775,3.3232421875,-3.5234375,-0.640625,
0.078,3.36328125,-2.642578125,-1.6015625,
0.0785,3.5634765625,-2.322265625,-2.2021484375,
0.079,3.3232421875,-1.6416015625,-2.72265625,
0.0795,3.2431640625,-1.1611328125,-3.203125,
0.08,2.802734375,-0.3603515625,-3.5634765625,
0.0805,2.4423828125,0.4404296875,-3.923828125,
0.081,1.7216796875,1.44140625,-4.244140625,
0.0815,1.1611328125,2.0419921875,-4.2041015625,
0.082,0.3603515625,2.7626953125,-4.1640625,
0.0825,-0.3603515625,3.1630859375,-3.8837890625,
0.083,-1.0810546875,3.6435546875,-3.603515625,
0.0835,-1.921875,3.9638671875,-3.04296875,
0.084,-2.6826171875,4.2041015625,-2.5625,
0.0845,-3.0830078125,4.083984375,-1.921875,
0.085,-3.6435546875,4.083984375,-1.28125,
0.0855,-3.8037109375,3.5634765625,-0.48046875,
0.086,-4.1240234375,3.203125,0.3603515625,
0.0865,-4.2841796875,2.322265625,1.4814453125,
0.087,-4.32421875,1.841796875,2.0419921875,
0.0875,-4.0439453125,1.0810546875,2.6826171875,
0.088,-3.8037109375,0.3603515625,3.1630859375,
0.0885,-3.283203125,-0.5205078125,3.4833984375,
0.089,-2.6025390625,-1.44140625,3.8037109375,
0.0895,-1.8017578125,-2.5625,4.00390625,
0.09,-0.9208984375,-3.0830078125,3.68359375,
0.0905,-0.2001953125,-3.763671875,3.603515625,
0.091,0.6005859375,-4.00390625,3.0830078125,
0.0915,1.28125,-4.3642578125,2.642578125,
0.092,2.2421875,-4.64453125,1.921875,
0.0925,2.8828125,-4.6845703125,1.201171875,
0.093,3.123046875,-4.3642578125,0.560546875,
0.0935,3.4833984375,-4.1640625,0,
0.094,3.4833984375,-3.36328125,-0.9609375,
0.0945,3.603515625,-2.8427734375,-1.76171875,
0.095,3.7236328125,-1.9619140625,-2.7626953125,
0.0955,3.4033203125,-1.361328125,-3.1630859375,
0.096,3.1630859375,-0.6806640625,-3.6435546875,
0.0965,2.6826171875,0,-3.8037109375,
0.097,2.2421875,0.6806640625,-4.0439453125,
0.0975,1.521484375,1.6015625,-4.244140625,
0.098,0.880859375,2.482421875,-4.4443359375,
0.0985,0,2.8427734375,-3.9638671875,
0.099,-0.6005859375,3.4833984375,-3.9638671875,
0.0995,-1.28125,3.603515625,-3.36328125,
0.1,-1.921875,3.8837890625,-3.0830078125,
0.1005,-2.802734375,4.1240234375,-2.322265625,
0.101,-3.203125,4.083984375,-1.8017578125,
0.1015,-3.603515625,3.9638671875,-1.1611328125,
0.102,-3.84375,3.763671875,-0.640625,
0.1025,-4.0439453125,3.1630859375,0.3203125,
0.103,-4.1640625,2.5625,1.1611328125,
0.1035,-4.3642578125,1.921875,2.08203125,
0.104,-4.083984375,1.3212890625,2.482421875,
0.1045,-4.0439453125,0.640625,3.1630859375,
0.105,-3.4833984375,-0.2802734375,3.4033203125,
0.1055,-3.04296875,-1.041015625,3.84375,
0.106,-2.1220703125,-2.2021484375,4.0439453125,
0.1065,-1.361328125,-3.04296875,4.1240234375,
0.107,-0.48046875,-3.5634765625,3.68359375,
0.1075,0.2802734375,-4.2041015625,3.68359375,
0.108,1.1611328125,-4.484375,2.962890625,
0.1085,1.921875,-4.8447265625,2.482421875,
0.109,2.9228515625,-5.125,1.5615234375,
0.1095,3.3232421875,-4.7646484375,0.880859375,
0.11,3.7236328125,-4.564453125,0.16015625,
0.1105,3.8837890625,-4.00390625,-0.720703125,
0.111,4.00390625,-3.203125,-1.76171875,
0.1115,4.0439453125,-2.40234375,-2.642578125,
0.112,4.083984375,-1.5615234375,-3.5634765625,
0.1125,3.443359375,-0.6806640625,-3.8837890625,
0.113,3.2431640625,0.0400390625,-4.4443359375,
0.1135,2.3623046875,1.0009765625,-4.484375,
0.114,1.76171875,1.841796875,-4.6845703125,
0.1145,0.7607421875,2.8828125,-4.8046875,
0.115,0,3.5234375,-4.564453125,
0.1155,-1.0009765625,3.8837890625,-4.00390625,
0.116,-1.6015625,4.2041015625,-3.7236328125,
0.1165,-2.5625,4.3642578125,-2.8427734375,
0.117,-3.123046875,4.484375,-2.2822265625,
0.1175,-3.9638671875,4.6044921875,-1.44140625,
0.118,-4.1240234375,4.1240234375,-0.720703125,
0.1185,-4.4443359375,3.923828125,-0.16015625,
0.119,-4.404296875,3.123046875,0.8408203125,
0.1195,-4.4443359375,2.4423828125,1.6416015625,
0.12,-4.404296875,1.6416015625,2.4423828125,
0.1205,-4.32421875,0.9609375,3.1630859375,
0.121,-3.763671875,0.1201171875,3.4033203125,
0.1215,-3.603515625,-0.5205078125,3.8837890625,
0.122,-2.72265625,-1.44140625,3.9638671875,
0.1225,-2.162109375,-2.2822265625,4.2041015625,
0.123,-1.1611328125,-3.283203125,4.244140625,
0.1235,-0.3603515625,-3.84375,3.923828125,
0.124,0.48046875,-4.3642578125,3.5634765625,
0.1245,1.201171875,-4.6845703125,3.1630859375,
0.125,2.162109375,-4.884765625,2.40234375,
0.1255,2.7626953125,-5.0849609375,1.841796875,
0.126,3.5634765625,-5.1650390625,1.12109375,
0.1265,3.763671875,-4.64453125,0.2802734375,
0.127,4.1240234375,-4.5244140625,-0.48046875,
0.1275,4.1640625,-3.4833984375,-1.6015625,
0.128,4.32421875,-2.8427734375,-2.482421875,
0.1285,4.2041015625,-1.9619140625,-3.36328125,
0.129,4.0439453125,-1.1611328125,-4.0439453125,
0.1295,3.4033203125,-0.2802734375,-4.3642578125,
0.13,3.123046875,0.560546875,-4.8046875,
0.1305,2.001953125,1.76171875,-4.96484375,
0.131,1.3212890625,2.6025390625,-5.125,
0.1315,0.2802734375,3.6435546875,-5.0048828125,
0.132,-0.6806640625,4.083984375,-4.564453125,
0.1325,-1.4814453125,4.484375,-4.1240234375,
0.133,-2.40234375,4.7646484375,-3.443359375,
0.1335,-3.4033203125,4.96484375,-2.482421875,
0.134,-3.923828125,4.9248046875,-1.8017578125,
0.1345,-4.6044921875,4.8046875,-0.9609375,
0.135,-4.64453125,4.1240234375,0,
0.1355,-4.9248046875,3.7236328125,0.6806640625,
0.136,-4.8447265625,2.5224609375,1.921875,
0.1365,-4.8046875,1.841796875,2.6826171875,
0.137,-4.5244140625,0.9208984375,3.36328125,
0.1375,-4.1640625,0.1201171875,3.84375,
0.138,-3.5234375,-0.7607421875,4.1240234375,
0.1385,-3.0029296875,-1.5615234375,4.404296875,
0.139,-1.921875,-2.7626953125,4.484375,
0.1395,-1.1611328125,-3.4833984375,4.3642578125,
0.14,-0.2001953125,-4.2841796875,4.1640625,
0.1405,0.6806640625,-4.564453125,3.6435546875,
0.141,1.361328125,-4.96484375,3.203125,
0.1415,2.2421875,-5.044921875,2.40234375,
0.142,3.0830078125,-5.1650390625,1.681640625,
0.1425,3.5234375,-5.044921875,0.9609375,
0.143,3.9638671875,-4.9248046875,0.2802734375,
0.1435,4.00390625,-4.2041015625,-0.640625,
0.144,4.2841796875,-3.8837890625,-1.28125,
0.1445,4.2041015625,-2.72265625,-2.5224609375,
0.145,4.2041015625,-2.2021484375,-3.123046875,
0.1455,3.9638671875,-1.28125,-3.84375,
0.146,3.5634765625,-0.5205078125,-4.244140625,
0.1465,3.04296875,0.3603515625,-4.564453125,
0.147,2.482421875,1.201171875,-4.8447265625,
0.1475,1.521484375,2.3623046875,-5.0849609375,
0.148,0.7607421875,2.962890625,-4.96484375,
0.1485,-0.240234375,3.8037109375,-4.8447265625,
0.149,-1.12109375,4.1240234375,-4.2841796875,
0.1495,-1.8017578125,4.64453125,-3.923828125,
0.15,-2.8828125,4.8046875,-3.0029296875,
0.1505,-3.6435546875,5.0849609375,-2.322265625,
0.151,-4.1640625,4.8447265625,-1.521484375,
0.1515,-4.6845703125,4.64453125,-0.720703125,
0.152,-4.7646484375,3.9638671875,0.2802734375,
0.1525,-5.0048828125,3.4833984375,1.041015625,
0.153,-5.0048828125,2.2421875,2.40234375,
0.1535,-4.8447265625,1.6015625,2.9228515625,
0.154,-4.5244140625,0.640625,3.68359375,
0.1545,-4.0439453125,-0.3203125,4.1240234375,
0.155,-3.443359375,-1.1611328125,4.404296875,
0.1555,-2.6025390625,-2.162109375,4.564453125,
0.156,-1.5615234375,-3.4833984375,4.7646484375,
0.1565,-0.6005859375,-4.0439453125,4.32421875,
0.157,0.400390625,-4.7646484375,4.1240234375,
0.1575,1.2412109375,-4.884765625,3.443359375,
0.158,1.921875,-5.1650390625,2.9228515625,
0.1585,3.0029296875,-5.3251953125,1.921875,
0.159,3.7236328125,-5.3251953125,1.12109375,
0.1595,3.9638671875,-4.884765625,0.2802734375,
0.16,4.32421875,-4.64453125,-0.5205078125,
0.1605,4.2041015625,-3.8037109375,-1.361328125,
0.161,4.2841796875,-3.0830078125,-2.2021484375,
0.1615,4.32421875,-1.9619140625,-3.36328125,
0.162,3.923828125,-1.28125,-3.8037109375,
0.1625,3.6435546875,-0.48046875,-4.3642578125,
0.163,3.04296875,0.3603515625,-4.564453125,
0.1635,2.482421875,1.12109375,-4.8046875,
0.164,1.5615234375,2.0419921875,-4.8447265625,
0.1645,0.80078125,3.0029296875,-5.0048828125,
0.165,-0.1201171875,3.5234375,-4.5244140625,
0.1655,-0.880859375,4.1240234375,-4.4443359375,
0.166,-1.6416015625,4.2841796875,-3.7236328125,
0.1665,-2.2822265625,4.564453125,-3.36328125,
0.167,-3.283203125,4.8046875,-2.4423828125,
0.1675,-3.8037109375,4.724609375,-1.841796875,
0.168,-4.1640625,4.484375,-1.041015625,
0.1685,-4.484375,4.1240234375,-0.3603515625,
0.169,-4.564453125,3.5234375,0.560546875,
0.1695,-4.64453125,2.8427734375,1.4013671875,
0.17,-4.8046875,2.001953125,2.5224609375,
0.1705,-4.484375,1.3212890625,2.8427734375,
0.171,-4.32421875,0.5205078125,3.6435546875,
0.1715,-3.7236328125,-0.400390625,3.8837890625,
0.172,-3.2431640625,-1.28125,4.2841796875,
0.1725,-2.2822265625,-2.4423828125,4.404296875,
0.173,-1.521484375,-3.36328125,4.64453125,
0.1735,-0.48046875,-3.8837890625,4.0439453125,
0.174,0.3603515625,-4.564453125,3.9638671875,
0.1745,1.2412109375,-4.7646484375,3.203125,
0.175,1.921875,-5.0849609375,2.72265625,
0.1755,3.123046875,-5.3251953125,1.76171875,
0.176,3.5634765625,-5.125,0.9609375,
0.1765,3.9638671875,-4.8447265625,0.240234375,
0.177,4.1240234375,-4.32421875,-0.640625,
0.1775,4.2041015625,-3.5634765625,-1.6015625,
0.178,4.2041015625,-2.72265625,-2.5625,
0.1785,4.32421875,-1.8017578125,-3.603515625,
0.179,3.68359375,-0.9208984375,-3.8837890625,
0.1795,3.4833984375,-0.16015625,-4.5244140625,
0.18,2.6826171875,0.6806640625,-4.5244140625,
0.1805,2.162109375,1.44140625,-4.8046875,
0.181,1.12109375,2.6025390625,-4.884765625,
0.1815,0.2802734375,3.36328125,-4.7646484375,
0.182,-0.720703125,3.763671875,-4.2041015625,
0.1825,-1.28125,4.2041015625,-4.00390625,
0.183,-2.08203125,4.2841796875,-3.2431640625,
0.1835,-2.72265625,4.484375,-2.6826171875,
0.184,-3.7236328125,4.6845703125,-1.8818359375,
0.1845,-3.84375,4.2041015625,-1.1611328125,
0.185,-4.244140625,4.1240234375,-0.6005859375,
0.1855,-4.2041015625,3.443359375,0.240234375,
0.186,-4.3642578125,2.8828125,1.0009765625,
0.1865,-4.3642578125,2.0419921875,1.921875,
0.187,-4.3642578125,1.521484375,2.5625,
0.1875,-3.8837890625,0.7607421875,2.8828125,
0.188,-3.8837890625,0.16015625,3.4833984375,
0.1885,-3.1630859375,-0.7607421875,3.603515625,
0.189,-2.6826171875,-1.4814453125,3.923828125,
0.1895,-1.76171875,-2.5625,4.1240234375,
0.19,-1.12109375,-3.0830078125,3.923828125,
0.1905,-0.2802734375,-3.7236328125,3.68359375,
0.191,0.4404296875,-4.1240234375,3.4033203125,
0.1915,1.201171875,-4.4443359375,2.9228515625,
0.192,1.9619140625,-4.724609375,2.40234375,
0.1925,2.802734375,-5.0048828125,1.7216796875,
0.193,3.04296875,-4.564453125,0.9609375,
0.1935,3.603515625,-4.64453125,0.400390625,
0.194,3.68359375,-3.84375,-0.6005859375,
0.1945,3.923828125,-3.36328125,-1.44140625,
0.195,3.9638671875,-2.5224609375,-2.4423828125,
0.1955,3.9638671875,-1.9619140625,-3.0830078125,
0.196,3.5234375,-1.0810546875,-3.5634765625,
0.1965,3.3232421875,-0.4404296875,-4.0439453125,
0.197,2.5625,0.5205078125,-4.244140625,
0.1975,2.001953125,1.44140625,-4.564453125,
0.198,1.0810546875,2.5625,-4.7646484375,
0.1985,0.240234375,3.0830078125,-4.3642578125,
0.199,-0.640625,3.68359375,-4.1640625,
0.1995,-1.28125,3.923828125,-3.68359375,
0.2,-2.08203125,4.1640625,-3.0830078125,
0.2005,-2.8828125,4.404296875,-2.4423828125,
0.201,-3.5634765625,4.484375,-1.7216796875,
0.2015,-3.7236328125,3.9638671875,-1.0009765625,
0.202,-4.1240234375,3.8837890625,-0.400390625,
0.2025,-4.083984375,2.962890625,0.6005859375,
0.203,-4.244140625,2.482421875,1.3212890625,
0.2035,-4.244140625,1.6416015625,2.2421875,
0.204,-4.00390625,0.9609375,2.6826171875,
0.2045,-3.68359375,0.2802734375,3.123046875,
0.205,-3.3232421875,-0.400390625,3.36328125,
0.2055,-2.642578125,-1.1611328125,3.5634765625,
0.206,-1.9619140625,-2.001953125,3.763671875,
0.2065,-1.28125,-2.8427734375,3.84375,
0.207,-0.48046875,-3.203125,3.36328125,
0.2075,0.16015625,-3.8037109375,3.36328125,
0.208,0.880859375,-3.923828125,2.7626953125,
0.2085,1.4814453125,-4.2841796875,2.40234375,
0.209,2.2421875,-4.5244140625,1.76171875,
0.2095,2.6826171875,-4.4443359375,1.28125,
0.21,2.962890625,-4.1640625,0.640625,
0.2105,3.2431640625,-4.00390625,0.080078125,
0.211,3.36328125,-3.283203125,-0.9208984375,
0.2115,3.603515625,-2.8828125,-1.6416015625,
0.212,3.6435546875,-2.2822265625,-2.5625,
0.2125,3.443359375,-1.681640625,-2.8427734375,
0.213,3.36328125,-1.0009765625,-3.5234375,
0.2135,2.8427734375,-0.240234375,-3.7236328125,
0.214,2.40234375,0.640625,-4.1640625,
0.2145,1.6416015625,1.6015625,-4.3642578125,
0.215,0.9609375,2.40234375,-4.4443359375,
0.2155,0.1201171875,2.8828125,-4.1240234375,
0.216,-0.5205078125,3.5234375,-4.083984375,
0.2165,-1.361328125,3.7236328125,-3.4033203125,
0.217,-2.1220703125,4.1240234375,-3.04296875,
0.2175,-2.962890625,4.32421875,-2.2822265625,
0.218,-3.36328125,4.1240234375,-1.6416015625,
0.2185,-3.7236328125,3.9638671875,-1.0009765625,
0.219,-3.9638671875,3.5234375,-0.240234375,
0.2195,-4.1240234375,2.802734375,0.80078125,
0.22,-4.2041015625,2.1220703125,1.44140625,
0.2205,-4.2841796875,1.521484375,2.40234375,
0.221,-3.84375,0.720703125,2.7626953125,
0.2215,-3.7236328125,0.16015625,3.3232421875,
0.222,-2.9228515625,-0.80078125,3.4833984375,
0.2225,-2.40234375,-1.681640625,3.8037109375,
0.223,-1.521484375,-2.6025390625,3.84375,
0.2235,-0.80078125,-3.203125,3.68359375,
0.224,0.080078125,-3.6435546875,3.2431640625,
0.2245,0.6806640625,-4.0439453125,3.04296875,
0.225,1.5615234375,-4.244140625,2.2421875,
0.2255,2.162109375,-4.4443359375,1.841796875,
0.226,2.802734375,-4.5244140625,1.201171875,
0.2265,3.0029296875,-4.1240234375,0.5205078125,
0.227,3.283203125,-3.9638671875,0,
0.2275,3.3232421875,-3.203125,-1.0009765625,
0.228,3.4833984375,-2.642578125,-1.76171875,
0.2285,3.443359375,-2.1220703125,-2.40234375,
0.229,3.4033203125,-1.5615234375,-3.0029296875,
0.2295,2.962890625,-0.8408203125,-3.283203125,
0.23,2.8427734375,-0.2802734375,-3.7236328125,
0.2305,2.08203125,0.6806640625,-3.84375,
0.231,1.6416015625,1.4013671875,-4.2041015625,
0.2315,0.880859375,2.2421875,-4.2041015625,
0.232,0.240234375,2.6826171875,-4.00390625,
0.2325,-0.5205078125,3.1630859375,-3.84375,
0.233,-1.12109375,3.5234375,-3.5234375,
0.2335,-1.921875,3.84375,-2.962890625,
0.234,-2.5224609375,4.1240234375,-2.5625,
0.2345,-3.123046875,4.1640625,-1.9619140625,
0.235,-3.36328125,3.84375,-1.28125,
0.2355,-3.8037109375,3.8037109375,-0.6806640625,
0.236,-3.8837890625,3.0029296875,0.3203125,
0.2365,-4.2041015625,2.5625,1.12109375,
0.237,-4.1640625,1.8818359375,1.8818359375,
0.2375,-4.1240234375,1.3212890625,2.40234375,
0.238,-3.8037109375,0.6005859375,2.9228515625,
0.2385,-3.5234375,-0.16015625,3.4033203125,
0.239,-2.72265625,-1.2412109375,3.6435546875,
0.2395,-2.1220703125,-2.08203125,3.8837890625,
0.24,-1.28125,-2.9228515625,3.8837890625,
0.2405,-0.48046875,-3.4833984375,3.5634765625,
0.241,0.3203125,-3.923828125,3.3232421875,
0.2415,1.1611328125,-4.2841796875,2.72265625,
0.242,2.0419921875,-4.6044921875,2.162109375,
0.2425,2.6025390625,-4.64453125,1.521484375,
0.243,3.1630859375,-4.6044921875,0.880859375,
0.2435,3.3232421875,-4.083984375,0.080078125,
0.244,3.6435546875,-3.8037109375,-0.640625,
0.2445,3.68359375,-2.802734375,-1.841796875,
0.245,3.763671875,-2.2822265625,-2.5625,
0.2455,3.5234375,-1.521484375,-3.1630859375,
0.246,3.283203125,-0.80078125,-3.603515625,
0.2465,2.802734375,0,-3.8837890625,
0.247,2.2421875,0.7607421875,-4.1640625,
0.2475,1.44140625,1.841796875,-4.3642578125,
0.248,0.80078125,2.4423828125,-4.32421875,
0.2485,0,3.1630859375,-4.1640625,
0.249,-0.80078125,3.443359375,-3.7236328125,
0.2495,-1.361328125,3.8037109375,-3.4833984375,
0.25,-2.2421875,3.923828125,-2.6826171875,
0.2505,-2.8828125,4.1640625,-2.2021484375,
0.251,-3.283203125,4.0439453125,-1.6015625,
0.2515,-3.68359375,3.9638671875,-1.0009765625,
0.252,-3.8037109375,3.443359375,-0.3603515625,
0.2525,-4.00390625,3.04296875,0.3603515625,
0.253,-4.0439453125,2.2021484375,1.4013671875,
0.2535,-4.1240234375,1.76171875,1.921875,
0.254,-4.00390625,1.12109375,2.5625,
0.2545,-3.68359375,0.5205078125,2.9228515625,
0.255,-3.4033203125,-0.2802734375,3.36328125,
0.2555,-2.7626953125,-1.12109375,3.5634765625,
0.256,-2.08203125,-2.08203125,3.923828125,
0.2565,-1.3212890625,-2.7626953125,3.84375,
0.257,-0.640625,-3.4833984375,3.8037109375,
0.2575,0.240234375,-3.84375,3.3232421875,
0.258,0.9208984375,-4.3642578125,3.123046875,
0.2585,1.921875,-4.564453125,2.2822265625,
0.259,2.5625,-4.8447265625,1.841796875,
0.2595,3.0830078125,-4.724609375,1.12109375,
0.26,3.4833984375,-4.5244140625,0.4404296875,
0.2605,3.68359375,-4.0439453125,-0.5205078125,
0.261,3.8837890625,-3.4833984375,-1.361328125,
0.2615,4.083984375,-2.5625,-2.5625,
0.262,3.8837890625,-1.8818359375,-3.0830078125,
0.2625,3.763671875,-1.041015625,-3.84375,
0.263,3.203125,-0.2001953125,-4.1240234375,
0.2635,2.72265625,0.6005859375,-4.484375,
0.264,1.841796875,1.76171875,-4.64453125,
0.2645,1.041015625,2.7626953125,-4.9248046875,
0.265,0.0400390625,3.3232421875,-4.484375,
0.2655,-0.720703125,3.9638671875,-4.3642578125,
0.266,-1.521484375,4.1240234375,-3.68359375,
0.2665,-2.2421875,4.4443359375,-3.203125,
0.267,-3.36328125,4.6845703125,-2.2021484375,
0.2675,-3.8837890625,4.5244140625,-1.4814453125,
0.268,-4.2041015625,4.244140625,-0.720703125,
0.2685,-4.404296875,3.84375,0,
0.269,-4.4443359375,3.123046875,0.8408203125,
0.2695,-4.4443359375,2.2822265625,1.7216796875,
0.27,-4.5244140625,1.44140625,2.7626953125,
0.2705,-4.0439453125,0.7607421875,3.0830078125,
0.271,-3.8837890625,0.0400390625,3.68359375,
0.2715,-3.203125,-0.7607421875,3.763671875,
0.272,-2.8427734375,-1.44140625,4.00390625,
0.2725,-1.8017578125,-2.5625,4.1240234375,
0.273,-1.041015625,-3.36328125,4.1240234375,
0.2735,-0.16015625,-3.84375,3.68359375,
0.274,0.560546875,-4.3642578125,3.5634765625,
0.2745,1.28125,-4.5244140625,2.8828125,
0.275,1.921875,-4.7646484375,2.40234375,
0.2755,2.962890625,-5.044921875,1.6015625,
0.276,3.3232421875,-4.7646484375,0.9208984375,
0.2765,3.763671875,-4.6845703125,0.2802734375,
0.277,3.84375,-4.1640625,-0.5205078125,
0.2775,4.00390625,-3.603515625,-1.361328125,
0.278,4.083984375,-2.6826171875,-2.3623046875,
0.2785,4.1640625,-1.9619140625,-3.283203125,
0.279,3.68359375,-1.1611328125,-3.68359375,
0.2795,3.5634765625,-0.48046875,-4.3642578125,
0.28,2.8427734375,0.48046875,-4.484375,
0.2805,2.40234375,1.28125,-4.8447265625,
0.281,1.3212890625,2.5224609375,-5.0048828125,
0.2815,0.5205078125,3.3232421875,-4.96484375,
0.282,-0.5205078125,3.8837890625,-4.5244140625,
0.2825,-1.2412109375,4.404296875,-4.32421875,
0.283,-2.08203125,4.564453125,-3.5634765625,
0.2835,-2.8828125,4.8046875,-2.8828125,
0.284,-4.00390625,5.0849609375,-1.9619140625,
0.2845,-4.32421875,4.6044921875,-1.12109375,
0.285,-4.7646484375,4.4443359375,-0.400390625,
0.2855,-4.8046875,3.68359375,0.6005859375,
0.286,-4.884765625,2.9228515625,1.5615234375,
0.2865,-4.8447265625,1.9619140625,2.5625,
0.287,-4.8046875,1.0810546875,3.5234375,
0.2875,-4.1240234375,0.1201171875,3.8037109375,
0.288,-3.923828125,-0.640625,4.32421875,
0.2885,-2.9228515625,-1.6015625,4.32421875,
0.289,-2.2822265625,-2.4423828125,4.5244140625,
0.2895,-1.12109375,-3.7236328125,4.6044921875,
0.29,-0.240234375,-4.244140625,4.2041015625,
0.2905,0.720703125,-4.724609375,3.68359375,
0.291,1.44140625,-5.044921875,3.283203125,
0.2915,2.40234375,-5.125,2.3623046875,
0.292,3.04296875,-5.205078125,1.681640625,
0.2925,3.923828125,-5.365234375,0.80078125,
0.293,3.9638671875,-4.6845703125,0,
0.2935,4.32421875,-4.5244140625,-0.6806640625,
0.294,4.244140625,-3.4833984375,-1.681640625,
0.2945,4.2841796875,-2.802734375,-2.4423828125,
0.295,4.1640625,-1.8818359375,-3.4033203125,
0.2955,3.9638671875,-1.0810546875,-4.083984375,
0.296,3.3232421875,-0.2001953125,-4.3642578125,
0.2965,3.0830078125,0.48046875,-4.7646484375,
0.297,2.2021484375,1.4013671875,-4.7646484375,
0.2975,1.5615234375,2.2021484375,-4.96484375,
0.298,0.6005859375,3.3232421875,-5.044921875,
0.2985,-0.3603515625,3.763671875,-4.564453125,
0.299,-1.1611328125,4.2841796875,-4.32421875,
0.2995,-1.8818359375,4.5244140625,-3.763671875,
0.3,-2.6826171875,4.724609375,-3.0830078125,
0.3005,-3.4833984375,4.8447265625,-2.40234375,
0.301,-4.244140625,4.9248046875,-1.5615234375,
0.3015,-4.404296875,4.32421875,-0.720703125,
0.302,-4.8447265625,4.32421875,0,
0.3025,-4.8046875,3.1630859375,1.12109375,
0.303,-4.9248046875,2.6826171875,1.921875,
0.3035,-4.8447265625,1.6416015625,2.9228515625,
0.304,-4.64453125,0.880859375,3.5234375,
0.3045,-4.083984375,0,3.923828125,
0.305,-3.7236328125,-0.80078125,4.32421875,
0.3055,-2.6826171875,-1.9619140625,4.484375,
0.306,-1.9619140625,-2.8828125,4.6044921875,
0.3065,-0.8408203125,-4.00390625,4.6044921875,
0.307,0.16015625,-4.4443359375,4.083984375,
0.3075,0.9609375,-4.96484375,3.763671875,
0.308,1.921875,-5.205078125,2.9228515625,
0.3085,2.8427734375,-5.4453125,2.1220703125,
0.309,3.5234375,-5.4052734375,1.28125,
0.3095,4.1240234375,-5.3251953125,0.48046875,
0.31,4.2041015625,-4.5244140625,-0.5205078125,
0.3105,4.484375,-4.2041015625,-1.1611328125,
0.311,4.404296875,-2.9228515625,-2.482421875,
0.3115,4.3642578125,-2.2822265625,-3.203125,
0.312,4.1240234375,-1.28125,-4.00390625,
0.3125,3.68359375,-0.48046875,-4.484375,
0.313,3.123046875,0.4404296875,-4.6845703125,
0.3135,2.5224609375,1.28125,-4.96484375,
0.314,1.44140625,2.40234375,-5.044921875,
0.3145,0.720703125,3.0830078125,-5.0048828125,
0.315,-0.2802734375,3.8837890625,-4.8447265625,
0.3155,-1.1611328125,4.1640625,-4.1640625,
0.316,-1.8017578125,4.564453125,-3.8837890625,
0.3165,-2.72265625,4.6044921875,-2.9228515625,
0.317,-3.4033203125,4.7646484375,-2.322265625,
0.3175,-3.9638671875,4.64453125,-1.6015625,
0.318,-4.404296875,4.484375,-0.8408203125,
0.3185,-4.5244140625,3.8837890625,0,
0.319,-4.6845703125,3.5234375,0.640625,
0.3195,-4.64453125,2.482421875,1.76171875,
0.32,-4.64453125,1.9619140625,2.3623046875,
0.3205,-4.5244140625,1.12109375,3.1630859375,
0.321,-4.0439453125,0.3603515625,3.5234375,
0.3215,-3.7236328125,-0.400390625,3.9638671875,
0.322,-3.0029296875,-1.3212890625,4.1240234375,
0.3225,-2.2822265625,-2.2822265625,4.404296875,
0.323,-1.4013671875,-3.1630859375,4.32421875,
0.3235,-0.6005859375,-3.923828125,4.2041015625,
0.324,0.400390625,-4.32421875,3.68359375,
0.3245,1.0810546875,-4.8447265625,3.4833984375,
0.325,2.162109375,-5.044921875,2.5224609375,
0.3255,2.802734375,-5.28515625,1.9619140625,
0.326,3.4833984375,-5.125,1.1611328125,
0.3265,3.8837890625,-4.9248046875,0.4404296875,
0.327,4.083984375,-4.3642578125,-0.5205078125,
0.3275,4.2841796875,-3.8037109375,-1.361328125,
0.328,4.32421875,-2.72265625,-2.5625,
0.3285,4.2041015625,-2.1220703125,-3.203125,
0.329,4.0439453125,-1.201171875,-4.00390625,
0.3295,3.4833984375,-0.3203125,-4.32421875,
0.33,3.0029296875,0.560546875,-4.724609375,
0.3305,2.08203125,1.6015625,-4.884765625,
0.331,1.28125,2.642578125,-5.125,
0.3315,0.3603515625,3.3232421875,-4.7646484375,
0.332,-0.6005859375,3.9638671875,-4.6044921875,
0.3325,-1.4013671875,4.1640625,-3.8837890625,
0.333,-2.08203125,4.5244140625,-3.5634765625,
0.3335,-3.203125,4.64453125,-2.5224609375,
0.334,-3.7236328125,4.724609375,-1.8818359375,
0.3345,-4.1640625,4.484375,-1.0810546875,
0.335,-4.3642578125,4.083984375,-0.3603515625,
0.3355,-4.4443359375,3.4833984375,0.48046875,
0.336,-4.5244140625,2.7626953125,1.3212890625,
0.3365,-4.5244140625,1.921875,2.2822265625,
0.337,-4.2041015625,1.28125,2.6826171875,
0.3375,-4.083984375,0.560546875,3.3232421875,
0.338,-3.4833984375,-0.2802734375,3.4833984375,
0.3385,-3.1630859375,-0.9208984375,3.84375,
0.339,-2.2021484375,-1.9619140625,3.923828125,
0.3395,-1.6015625,-2.72265625,4.1240234375,
0.34,-0.7607421875,-3.283203125,3.8037109375,
0.3405,0,-3.8837890625,3.6435546875,
0.341,0.720703125,-4.1640625,3.1630859375,
0.3415,1.28125,-4.5244140625,2.802734375,
0.342,2.2421875,-4.724609375,2.0419921875,
0.3425,2.642578125,-4.724609375,1.5615234375,
0.343,3.203125,-4.6845703125,0.9208984375,
0.3435,3.4033203125,-4.244140625,0.240234375,
0.344,3.7236328125,-4.00390625,-0.6005859375,
0.3445,3.8037109375,-3.1630859375,-1.4814453125,
0.345,4.00390625,-2.642578125,-2.3623046875,
0.3455,3.8037109375,-1.9619140625,-2.8828125,
0.346,3.7236328125,-1.28125,-3.5634765625,
0.3465,3.1630859375,-0.400390625,-3.8837890625,
0.347,2.8427734375,0.400390625,-4.3642578125,
0.3475,1.921875,1.5615234375,-4.5244140625,
0.348,1.3212890625,2.2822265625,-4.7646484375,
0.3485,0.3603515625,2.962890625,-4.484375,
0.349,-0.400390625,3.5234375,-4.2841796875,
0.3495,-1.2412109375,3.84375,-3.8037109375,
0.35,-1.9619140625,4.244140625,-3.2431640625,
0.3505,-2.962890625,4.564453125,-2.5224609375,
0.351,-3.36328125,4.404296875,-1.8818359375,
0.3515,-3.923828125,4.3642578125,-1.201171875,
0.352,-4.0439453125,3.763671875,-0.400390625,
0.3525,-4.32421875,3.3232421875,0.48046875,
0.353,-4.3642578125,2.40234375,1.521484375,
0.3535,-4.4443359375,1.841796875,2.2421875,
0.354,-4.0439453125,1.0810546875,2.6826171875,
0.3545,-3.8837890625,0.400390625,3.2431640625,
0.355,-3.2431640625,-0.48046875,3.443359375,
0.3555,-2.802734375,-1.2412109375,3.763671875,
0.356,-1.841796875,-2.3623046875,3.9638671875,
0.3565,-1.12109375,-3.04296875,3.763671875,
0.357,-0.3203125,-3.5634765625,3.5234375,
0.3575,0.400390625,-3.923828125,3.1630859375,
0.358,1.0009765625,-4.1640625,2.802734375,
0.3585,1.76171875,-4.3642578125,2.162109375,
0.359,2.5224609375,-4.6044921875,1.5615234375,
0.3595,2.802734375,-4.2841796875,0.9609375,
0.36,3.203125,-4.244140625,0.4404296875,
0.3605,3.203125,-3.6435546875,-0.3603515625,
0.361,3.4833984375,-3.283203125,-1.0810546875,
0.3615,3.5234375,-2.4423828125,-2.0419921875,
0.362,3.5634765625,-2.08203125,-2.5224609375,
0.3625,3.3232421875,-1.361328125,-3.04296875,
0.363,3.123046875,-0.80078125,-3.4033203125,
0.3635,2.6826171875,0,-3.8037109375,
0.364,2.2021484375,0.7607421875,-4.0439453125,
0.3645,1.521484375,1.7216796875,-4.3642578125,
0.365,0.880859375,2.2021484375,-4.2041015625,
0.3655,0.16015625,2.9228515625,-4.2041015625,
0.366,-0.640625,3.3232421875,-3.8037109375,
0.3665,-1.28125,3.763671875,-3.5634765625,
0.367,-2.162109375,4.0439453125,-2.8828125,
0.3675,-2.802734375,4.32421875,-2.4423828125,
0.368,-3.1630859375,4.083984375,-1.76171875,
0.3685,-3.6435546875,4.083984375,-1.201171875,
0.369,-3.84375,3.4833984375,-0.3203125,
0.3695,-4.1240234375,3.04296875,0.560546875,
0.37,-4.2841796875,2.2822265625,1.5615234375,
0.3705,-4.2041015625,1.841796875,2.0419921875,
0.371,-4.0439453125,1.0810546875,2.6826171875,
0.3715,-3.7236328125,0.3603515625,3.123046875,
0.372,-3.2431640625,-0.5205078125,3.4833984375,
0.3725,-2.5224609375,-1.5615234375,3.763671875,
0.373,-1.8017578125,-2.5625,3.9638671875,
0.3735,-0.9208984375,-3.0830078125,3.5634765625,
0.374,-0.240234375,-3.7236328125,3.5634765625,
0.3745,0.6005859375,-3.8837890625,3.0029296875,
0.375,1.28125,-4.2841796875,2.642578125,
0.3755,2.2421875,-4.564453125,1.921875,
0.376,2.7626953125,-4.5244140625,1.28125,
0.3765,3.04296875,-4.2841796875,0.6005859375,
0.377,3.3232421875,-4.0439453125,0,
0.3775,3.443359375,-3.3232421875,-0.9208984375,
0.378,3.5634765625,-2.72265625,-1.76171875,
0.3785,3.68359375,-2.001953125,-2.6826171875,
0.379,3.3232421875,-1.361328125,-3.0029296875,
0.3795,3.1630859375,-0.720703125,-3.5634765625,
0.38,2.6025390625,0,-3.68359375,
0.3805,2.2421875,0.640625,-4.00390625,
0.381,1.4013671875,1.6416015625,-4.1640625,
0.3815,0.8408203125,2.3623046875,-4.244140625,
0.382,0,2.802734375,-3.84375,
0.3825,-0.6005859375,3.3232421875,-3.84375,
0.383,-1.28125,3.4833984375,-3.2431640625,
0.3835,-1.921875,3.84375,-2.8828125,
0.384,-2.72265625,4.083984375,-2.2822265625,
0.3845,-3.04296875,3.923828125,-1.7216796875,
0.385,-3.4833984375,3.84375,-1.201171875,
0.3855,-3.603515625,3.443359375,-0.5205078125,
0.386,-3.84375,3.0029296875,0.2802734375,
0.3865,-4.00390625,2.40234375,1.12109375,
0.387,-4.1640625,1.921875,1.8818359375,
0.3875,-3.84375,1.28125,2.2021484375,
0.388,-3.8837890625,0.7607421875,2.8828125,
0.3885,-3.2431640625,-0.2001953125,3.123046875,
0.389,-2.8828125,-1.0009765625,3.5234375,
0.3895,-2.0419921875,-2.08203125,3.763671875,
0.39,-1.44140625,-2.642578125,3.763671875,
0.3905,-0.6005859375,-3.2431640625,3.5234375,
0.391,0.1201171875,-3.763671875,3.36328125,
0.3915,0.880859375,-4.0439453125,2.8427734375,
0.392,1.6416015625,-4.484375,2.40234375,
0.3925,2.5224609375,-4.7646484375,1.76171875,
0.393,2.8427734375,-4.4443359375,1.041015625,
0.3935,3.36328125,-4.4443359375,0.48046875,
0.394,3.443359375,-3.763671875,-0.5205078125,
0.3945,3.68359375,-3.203125,-1.361328125,
0.395,3.8037109375,-2.4423828125,-2.322265625,
0.3955,3.84375,-1.8017578125,-3.0830078125,
0.396,3.3232421875,-0.9609375,-3.4833984375,
0.3965,3.1630859375,-0.3603515625,-3.9638671875,
0.397,2.40234375,0.6005859375,-4.1240234375,
0.3975,1.841796875,1.44140625,-4.4443359375,
0.398,0.9609375,2.5224609375,-4.564453125,
0.3985,0.1201171875,3.04296875,-4.2041015625,
0.399,-0.6806640625,3.5234375,-3.923828125,
0.3995,-1.361328125,3.84375,-3.5234375,
0.4,-2.2021484375,4.0439453125,-2.8427734375,
0.4005,-2.8828125,4.2041015625,-2.2421875,
0.401,-3.5634765625,4.32421875,-1.6015625,
0.4015,-3.68359375,3.8037109375,-0.8408203125,
0.402,-4.00390625,3.7236328125,-0.3203125,
0.4025,-3.9638671875,2.802734375,0.6806640625,
0.403,-4.1240234375,2.3623046875,1.3212890625,
0.4035,-4.1240234375,1.5615234375,2.2021484375,
0.404,-3.923828125,0.9609375,2.642578125,
0.4045,-3.5634765625,0.2802734375,3.04296875,
0.405,-3.283203125,-0.400390625,3.3232421875,
0.4055,-2.6025390625,-1.2412109375,3.5234375,
0.406,-2.001953125,-1.9619140625,3.763671875,
0.4065,-1.2412109375,-2.8828125,3.84375,
0.407,-0.4404296875,-3.283203125,3.443359375,
0.4075,0.2001953125,-3.84375,3.36328125,
0.408,0.9609375,-4.0439453125,2.802734375,
0.4085,1.6015625,-4.3642578125,2.40234375,
0.409,2.40234375,-4.6044921875,1.76171875,
0.4095,2.8828125,-4.64453125,1.2412109375,
0.41,3.1630859375,-4.2841796875,0.5205078125,
0.4105,3.5234375,-4.1640625,-0.16015625,
0.411,3.603515625,-3.283203125,-1.1611328125,
0.4115,3.84375,-2.8427734375,-1.9619140625,
0.412,3.8837890625,-2.001953125,-2.8828125,
0.4125,3.6435546875,-1.361328125,-3.36328125,
0.413,3.3232421875,-0.640625,-3.8837890625,
0.4135,2.8427734375,0.16015625,-4.2041015625,
0.414,2.162109375,1.2412109375,-4.5244140625,
0.4145,1.4013671875,2.2021484375,-4.724609375,
0.415,0.560546875,3.0830078125,-4.724609375,
0.4155,-0.4404296875,3.5234375,-4.2041015625,
0.416,-1.12109375,4.1240234375,-4.0439453125,
0.4165,-2.1220703125,4.32421875,-3.203125,
0.417,-2.9228515625,4.6044921875,-2.6025390625,
0.4175,-3.6435546875,4.6044921875,-1.841796875,
0.418,-4.1240234375,4.484375,-1.0810546875,
0.4185,-4.244140625,3.8837890625,-0.2802734375,
0.419,-4.5244140625,3.4833984375,0.6005859375,
0.4195,-4.5244140625,2.3623046875,1.76171875,
0.42,-4.484375,1.76171875,2.3623046875,
0.4205,-4.3642578125,0.880859375,3.1630859375,
0.421,-3.84375,0.080078125,3.5234375,
0.4215,-3.4833984375,-0.7607421875,3.84375,
0.422,-2.642578125,-1.6015625,4.0439453125,
0.4225,-1.8017578125,-2.6025390625,4.2041015625,
0.423,-0.9208984375,-3.36328125,4.00390625,
0.4235,-0.16015625,-4.00390625,3.8837890625,
0.424,0.7607421875,-4.244140625,3.203125,
0.4245,1.28125,-4.64453125,2.962890625,
0.425,2.3623046875,-4.7646484375,2.001953125,
0.4255,2.8828125,-4.8447265625,1.44140625,
0.426,3.443359375,-4.7646484375,0.7607421875,
0.4265,3.68359375,-4.4443359375,0.080078125,
0.427,3.8037109375,-3.9638671875,-0.6806640625,
0.4275,3.8837890625,-3.36328125,-1.4814453125,
0.428,3.9638671875,-2.4423828125,-2.5224609375,
0.4285,3.84375,-1.921875,-3.0830078125,
0.429,3.763671875,-1.1611328125,-3.8037109375,
0.4295,3.283203125,-0.3203125,-4.1240234375,
0.43,2.8828125,0.4404296875,-4.484375,
0.4305,2.0419921875,1.44140625,-4.564453125,
0.431,1.4013671875,2.3623046875,-4.884765625,
0.4315,0.48046875,3.0830078125,-4.6845703125,
0.432,-0.3603515625,3.763671875,-4.564453125,
0.4325,-1.2412109375,4.083984375,-4.00390625,
0.433,-1.8818359375,4.5244140625,-3.7236328125,
0.4335,-2.962890625,4.724609375,-2.72265625,
0.434,-3.5634765625,4.8447265625,-2.162109375,
0.4345,-4.1640625,4.724609375,-1.3212890625,
0.435,-4.484375,4.32421875,-0.560546875,
0.4355,-4.64453125,3.8037109375,0.3203125,
0.436,-4.7646484375,3.0029296875,1.3212890625,
0.4365,-4.884765625,2.0419921875,2.40234375,
0.437,-4.564453125,1.28125,2.962890625,
0.4375,-4.484375,0.48046875,3.763671875,
0.438,-3.763671875,-0.48046875,3.9638671875,
0.4385,-3.3232421875,-1.2412109375,4.3642578125,
0.439,-2.2021484375,-2.482421875,4.484375,
0.4395,-1.361328125,-3.4833984375,4.6044921875,
0.44,-0.3203125,-4.1240234375,4.1240234375,
0.4405,0.5205078125,-4.724609375,3.9638671875,
0.441,1.3212890625,-4.8447265625,3.203125,
0.4415,2.08203125,-5.1650390625,2.6826171875,
0.442,3.283203125,-5.365234375,1.5615234375,
0.4425,3.68359375,-5.125,0.80078125,
0.443,4.1240234375,-4.884765625,0.0400390625,
0.4435,4.2041015625,-4.32421875,-0.80078125,
0.444,4.32421875,-3.6435546875,-1.6015625,
0.4445,4.2841796875,-2.642578125,-2.642578125,
0.445,4.2841796875,-1.8017578125,-3.6435546875,
0.4455,3.7236328125,-1.0009765625,-4.00390625,
0.446,3.5234375,-0.16015625,-4.564453125,
0.4465,2.72265625,0.7607421875,-4.64453125,
0.447,2.2822265625,1.4013671875,-4.884765625,
0.4475,1.12109375,2.642578125,-4.96484375,
0.448,0.4404296875,3.36328125,-4.96484375,
0.4485,-0.640625,3.8837890625,-4.4443359375,
0.449,-1.28125,4.32421875,-4.2041015625,
0.4495,-2.001953125,4.484375,-3.5634765625,
0.45,-2.72265625,4.6845703125,-2.9228515625,
0.4505,-3.8037109375,4.96484375,-2.08203125,
0.451,-4.0439453125,4.6044921875,-1.361328125,
0.4515,-4.5244140625,4.484375,-0.640625,
0.452,-4.564453125,3.84375,0.240234375,
0.4525,-4.7646484375,3.283203125,0.9609375,
0.453,-4.6845703125,2.2822265625,2.0419921875,
0.4535,-4.8046875,1.6015625,2.8427734375,
0.454,-4.2841796875,0.8408203125,3.283203125,
0.4545,-4.1640625,0.080078125,3.8837890625,
0.455,-3.36328125,-0.9208984375,4.083984375,
0.4555,-2.9228515625,-1.681640625,4.404296875,
0.456,-1.8017578125,-2.962890625,4.564453125,
0.4565,-1.0009765625,-3.6435546875,4.4443359375,
0.457,0.0400390625,-4.3642578125,4.083984375,
0.4575,0.80078125,-4.8046875,3.763671875,
0.458,1.6015625,-5.0048828125,3.0830078125,
0.4585,2.482421875,-5.2451171875,2.3623046875,
0.459,3.5634765625,-5.525390625,1.4814453125,
0.4595,3.84375,-5.0048828125,0.6005859375,
0.46,4.32421875,-4.96484375,-0.16015625,
0.4605,4.32421875,-4.083984375,-1.041015625,
0.461,4.484375,-3.443359375,-2.001953125,
0.4615,4.4443359375,-2.3623046875,-3.203125,
0.462,4.3642578125,-1.4814453125,-4.00390625,
0.4625,3.68359375,-0.5205078125,-4.404296875,
0.463,3.443359375,0.2802734375,-4.884765625,
0.4635,2.482421875,1.2412109375,-4.884765625,
0.464,1.8818359375,2.08203125,-5.125,
0.4645,0.720703125,3.4033203125,-5.28515625,
0.465,-0.2802734375,3.8837890625,-4.8447265625,
0.4655,-1.1611328125,4.4443359375,-4.4443359375,
0.466,-1.8818359375,4.64453125,-3.8837890625,
0.4665,-2.72265625,4.8046875,-3.0830078125,
0.467,-3.5634765625,4.9248046875,-2.2822265625,
0.4675,-4.4443359375,5.044921875,-1.44140625,
0.468,-4.5244140625,4.32421875,-0.6005859375,
0.4685,-4.8447265625,4.2041015625,0.1201171875,
0.469,-4.6845703125,3.1630859375,1.0009765625,
0.4695,-4.7646484375,2.5625,1.76171875,
0.47,-4.64453125,1.5615234375,2.8427734375,
0.4705,-4.4443359375,0.880859375,3.36328125,
0.471,-3.923828125,0,3.7236328125,
0.4715,-3.603515625,-0.6806640625,4.083984375,
0.472,-2.8427734375,-1.521484375,4.1240234375,
0.4725,-2.1220703125,-2.3623046875,4.32421875,
0.473,-1.201171875,-3.4833984375,4.4443359375,
0.4735,-0.3203125,-3.8837890625,3.8837890625,
0.474,0.48046875,-4.5244140625,3.8037109375,
0.4745,1.2412109375,-4.64453125,3.1630859375,
0.475,1.921875,-4.884765625,2.6826171875,
0.4755,2.802734375,-5.125,1.921875,
0.476,3.4833984375,-5.1650390625,1.201171875,
0.4765,3.603515625,-4.724609375,0.48046875,
0.477,4.083984375,-4.6044921875,-0.3203125,
0.4775,4.083984375,-3.6435546875,-1.3212890625,
0.478,4.244140625,-3.0830078125,-2.1220703125,
0.4785,4.32421875,-2.08203125,-3.2431640625,
0.479,3.9638671875,-1.361328125,-3.7236328125,
0.4795,3.603515625,-0.5205078125,-4.32421875,
0.48,3.123046875,0.3203125,-4.5244140625,
0.4805,2.40234375,1.28125,-4.8447265625,
0.481,1.5615234375,2.2421875,-5.0048828125,
0.4815,0.640625,3.3232421875,-5.125,
0.482,-0.400390625,3.763671875,-4.5244140625,
0.4825,-1.12109375,4.404296875,-4.404296875,
0.483,-2.0419921875,4.5244140625,-3.5634765625,
0.4835,-2.8427734375,4.8046875,-2.9228515625,
0.484,-3.7236328125,4.9248046875,-2.08203125,
0.4845,-4.2841796875,4.7646484375,-1.28125,
0.485,-4.484375,4.1240234375,-0.4404296875,
0.4855,-4.724609375,3.84375,0.3203125,
0.486,-4.64453125,2.6826171875,1.44140625,
0.4865,-4.64453125,2.2021484375,2.162109375,
0.487,-4.6044921875,1.2412109375,3.123046875,
0.4875,-4.0439453125,0.400390625,3.443359375,
0.488,-3.763671875,-0.3603515625,3.8837890625,
0.4885,-3.04296875,-1.2412109375,4.00390625,
0.489,-2.2822265625,-2.08203125,4.1640625,
0.4895,-1.44140625,-2.962890625,4.1240234375,
0.49,-0.640625,-3.7236328125,4.1240234375,
0.4905,0.3203125,-4.0439453125,3.4833984375,
0.491,0.880859375,-4.484375,3.3232421875,
0.4915,1.76171875,-4.5244140625,2.4423828125,
0.492,2.3623046875,-4.7646484375,2.001953125,
0.4925,3.0830078125,-4.8447265625,1.28125,
0.493,3.3232421875,-4.564453125,0.6005859375,
0.4935,3.5634765625,-4.2841796875,0,
0.494,3.68359375,-3.8037109375,-0.80078125,
0.4945,3.763671875,-3.0029296875,-1.681640625,
0.495,3.84375,-2.4423828125,-2.40234375,
0.4955,3.84375,-1.76171875,-3.203125,
0.496,3.36328125,-1.0009765625,-3.4833984375,
0.4965,3.2431640625,-0.3603515625,-4.0439453125,
0.497,2.5224609375,0.5205078125,-4.1640625,
0.4975,2.08203125,1.3212890625,-4.5244140625,
0.498,1.2412109375,2.2822265625,-4.64453125,
0.4985,0.5205078125,2.962890625,-4.564453125,
0.499,-0.4404296875,3.4833984375,-4.1640625,
0.4995,-1.0009765625,3.9638671875,-4.00390625,
0.5,-1.9619140625,4.1240234375,-3.2431640625,
0.5005,-2.6025390625,4.484375,-2.8828125,
0.501,-3.443359375,4.564453125,-2.08203125,
0.5015,-3.763671875,4.2041015625,-1.3212890625,
0.502,-4.1640625,4.0439453125,-0.640625,
0.5025,-4.244140625,3.4033203125,0.3203125,
0.503,-4.484375,2.72265625,1.28125,
0.5035,-4.4443359375,2.0419921875,2.0419921875,
0.504,-4.4443359375,1.3212890625,2.7626953125,
0.5045,-3.8837890625,0.48046875,3.1630859375,
0.505,-3.7236328125,-0.240234375,3.68359375,
0.5055,-2.7626953125,-1.3212890625,3.8037109375,
0.506,-2.2021484375,-2.162109375,4.083984375,
0.5065,-1.2412109375,-3.04296875,3.9638671875,
0.507,-0.5205078125,-3.603515625,3.763671875,
0.5075,0.3603515625,-3.9638671875,3.3232421875,
0.508,1.0810546875,-4.3642578125,2.9228515625,
0.5085,1.9619140625,-4.5244140625,2.162109375,
0.509,2.5224609375,-4.6845703125,1.6015625,
0.5095,3.123046875,-4.6845703125,0.9609375,
0.51,3.203125,-4.2041015625,0.240234375,
0.5105,3.5234375,-3.8837890625,-0.400390625,
0.511,3.4833984375,-3.0029296875,-1.361328125,
0.5115,3.68359375,-2.5224609375,-2.08203125,
0.512,3.5234375,-1.8017578125,-2.72265625,
0.5125,3.4033203125,-1.2412109375,-3.203125,
0.513,2.9228515625,-0.5205078125,-3.5234375,
0.5135,2.6826171875,0.1201171875,-3.8837890625,
0.514,1.921875,1.0810546875,-4.0439453125,
0.5145,1.4013671875,1.76171875,-4.32421875,
0.515,0.640625,2.5224609375,-4.244140625,
0.5155,0,2.9228515625,-3.923828125,
0.516,-0.720703125,3.4033203125,-3.8037109375,
0.5165,-1.4013671875,3.68359375,-3.283203125,
0.517,-2.1220703125,3.9638671875,-2.8427734375,
0.5175,-2.72265625,4.083984375,-2.322265625,
0.518,-3.203125,4.1240234375,-1.8017578125,
0.5185,-3.4833984375,3.8037109375,-1.0810546875,
0.519,-3.84375,3.68359375,-0.5205078125,
0.5195,-3.8837890625,2.8427734375,0.560546875,
0.52,-4.2041015625,2.5224609375,1.28125,
0.5205,-4.1640625,1.8017578125,1.9619140625,
0.521,-4.0439453125,1.28125,2.482421875,
0.5215,-3.8037109375,0.48046875,3.0029296875,
0.522,-3.36328125,-0.3203125,3.36328125,
0.5225,-2.642578125,-1.3212890625,3.7236328125,
0.523,-2.001953125,-2.162109375,3.84375,
0.5235,-1.201171875,-2.9228515625,3.84375,
0.524,-0.400390625,-3.443359375,3.5234375,
0.5245,0.3203125,-3.923828125,3.3232421875,
0.525,1.2412109375,-4.244140625,2.642578125,
0.5255,1.9619140625,-4.64453125,2.162109375,
0.526,2.5625,-4.64453125,1.521484375,
0.5265,3.04296875,-4.5244140625,0.880859375,
0.527,3.2431640625,-4.00390625,0.1201171875,
0.5275,3.5634765625,-3.68359375,-0.6806640625,
0.528,3.6435546875,-2.72265625,-1.8017578125,
0.5285,3.68359375,-2.2822265625,-2.4423828125,
0.529,3.5234375,-1.4814453125,-3.0830078125,
0.5295,3.1630859375,-0.80078125,-3.4833984375,
0.53,2.802734375,0,-3.84375,
0.5305,2.2021484375,0.8408203125,-4.0439453125,
0.531,1.4814453125,1.8017578125,-4.3642578125,
0.5315,0.7607421875,2.40234375,-4.2041015625,
0.532,0.0400390625,3.04296875,-4.1240234375,
0.5325,-0.720703125,3.3232421875,-3.6435546875,
0.533,-1.3212890625,3.68359375,-3.36328125,
0.5335,-2.2822265625,3.84375,-2.6025390625,
0.534,-2.802734375,4.00390625,-2.2421875,
0.5345,-3.203125,3.9638671875,-1.5615234375,
0.535,-3.5234375,3.763671875,-1.0009765625,
0.5355,-3.68359375,3.3232421875,-0.3203125,
0.536,-3.84375,2.8427734375,0.48046875,
0.5365,-3.9638671875,2.2021484375,1.3212890625,
0.537,-3.923828125,1.76171875,1.841796875,
0.5375,-3.8837890625,1.12109375,2.40234375,
0.538,-3.5634765625,0.560546875,2.72265625,
0.5385,-3.283203125,-0.2001953125,3.203125,
0.539,-2.5625,-1.12109375,3.36328125,
0.5395,-2.08203125,-1.921875,3.7236328125,
0.54,-1.28125,-2.5625,3.5234375,
0.5405,-0.6806640625,-3.1630859375,3.5234375,
0.541,0.1201171875,-3.603515625,3.1630859375,
0.5415,0.720703125,-4.0439453125,2.962890625,
0.542,1.6015625,-4.3642578125,2.2822265625,
0.5425,2.162109375,-4.5244140625,1.921875,
0.543,2.6826171875,-4.5244140625,1.28125,
0.5435,3.04296875,-4.2041015625,0.6005859375,
0.544,3.3232421875,-3.8837890625,-0.2001953125,
0.5445,3.5234375,-3.203125,-1.1611328125,
0.545,3.8037109375,-2.642578125,-2.0419921875,
0.5455,3.6435546875,-2.0419921875,-2.5625,
0.546,3.6435546875,-1.4013671875,-3.283203125,
0.5465,3.0830078125,-0.6005859375,-3.603515625,
0.547,2.802734375,0.240234375,-4.1240234375,
0.5475,1.921875,1.3212890625,-4.32421875,
0.548,1.3212890625,2.162109375,-4.5244140625,
0.5485,0.3603515625,2.8427734375,-4.244140625,
0.549,-0.3603515625,3.3232421875,-4.1240234375,
0.5495,-1.1611328125,3.68359375,-3.603515625,
0.55,-1.8818359375,3.9638671875,-3.203125,
0.5505,-2.8828125,4.32421875,-2.3623046875,
0.551,-3.283203125,4.2041015625,-1.76171875,
0.5515,-3.8037109375,4.1240234375,-1.0810546875,
0.552,-3.8837890625,3.5634765625,-0.3603515625,
0.5525,-4.1240234375,3.123046875,0.48046875,
0.553,-4.1640625,2.2421875,1.4814453125,
0.5535,-4.244140625,1.6015625,2.2822265625,
0.554,-3.84375,0.9208984375,2.642578125,
0.5545,-3.7236328125,0.2802734375,3.1630859375,
0.555,-3.123046875,-0.5205078125,3.3232421875,
0.5555,-2.6826171875,-1.2412109375,3.6435546875,
0.556,-1.76171875,-2.322265625,3.8037109375,
0.5565,-1.0810546875,-2.9228515625,3.68359375,
0.557,-0.3203125,-3.5634765625,3.4033203125,
0.5575,0.3603515625,-3.84375,3.1630859375,
0.558,1.0009765625,-4.1240234375,2.6826171875,
0.5585,1.76171875,-4.2841796875,2.162109375,
0.559,2.5224609375,-4.564453125,1.521484375,
0.5595,2.802734375,-4.2841796875,0.9609375,
0.56,3.203125,-4.32421875,0.4404296875,
0.5605,3.2431640625,-3.68359375,-0.3603515625,
0.561,3.5234375,-3.283203125,-1.12109375,
0.5615,3.6435546875,-2.482421875,-2.08203125,
0.562,3.7236328125,-2.0419921875,-2.6826171875,
0.5625,3.443359375,-1.28125,-3.203125,
0.563,3.2431640625,-0.720703125,-3.68359375,
0.5635,2.6826171875,0.16015625,-3.9638671875,
0.564,2.2421875,0.9609375,-4.32421875,
0.5645,1.4013671875,2.08203125,-4.64453125,
0.565,0.6806640625,2.6025390625,-4.4443359375,
0.5655,-0.2001953125,3.3232421875,-4.3642578125,
0.566,-0.9208984375,3.68359375,-3.923828125,
0.5665,-1.6416015625,4.1240234375,-3.5234375,
0.567,-2.6025390625,4.4443359375,-2.802734375,
0.5675,-3.4033203125,4.64453125,-2.08203125,
0.568,-3.7236328125,4.2841796875,-1.3212890625,
0.5685,-4.244140625,4.2841796875,-0.720703125,
0.569,-4.2841796875,3.443359375,0.2802734375,
0.5695,-4.5244140625,2.8828125,1.1611328125,
0.57,-4.6044921875,1.921875,2.2822265625,
0.5705,-4.4443359375,1.2412109375,2.9228515625,
0.571,-4.00390625,0.3203125,3.443359375,
0.5715,-3.7236328125,-0.400390625,3.84375,
0.572,-2.962890625,-1.3212890625,4.00390625,
0.5725,-2.2021484375,-2.2822265625,4.2041015625,
0.573,-1.201171875,-3.4833984375,4.32421875,
0.5735,-0.2802734375,-3.8837890625,3.8037109375,
0.574,0.5205078125,-4.5244140625,3.6435546875,
0.5745,1.4013671875,-4.6044921875,2.8828125,
0.575,2.08203125,-4.8046875,2.2822265625,
0.5755,3.0029296875,-4.96484375,1.4814453125,
0.576,3.5634765625,-4.884765625,0.7607421875,
0.5765,3.68359375,-4.3642578125,0,
0.577,3.923828125,-4.1240234375,-0.640625,
0.5775,3.8837890625,-3.1630859375,-1.6416015625,
0.578,3.8837890625,-2.5625,-2.3623046875,
0.5785,3.923828125,-1.6416015625,-3.36328125,
0.579,3.5234375,-0.9208984375,-3.7236328125,
0.5795,3.203125,-0.2001953125,-4.2041015625,
0.58,2.642578125,0.560546875,-4.3642578125,
0.5805,2.0419921875,1.3212890625,-4.5244140625,
0.581,1.2412109375,2.2421875,-4.6845703125,
0.5815,0.48046875,3.1630859375,-4.7646484375,
0.582,-0.5205078125,3.4833984375,-4.1640625,
0.5825,-1.0810546875,4.1240234375,-4.1640625,
0.583,-1.921875,4.2041015625,-3.36328125,
0.5835,-2.6025390625,4.5244140625,-2.9228515625,
0.584,-3.5234375,4.724609375,-2.08203125,
0.5845,-3.9638671875,4.5244140625,-1.4013671875,
0.585,-4.2841796875,4.2041015625,-0.640625,
0.5855,-4.5244140625,3.84375,0.080078125,
0.586,-4.5244140625,3.0029296875,1.12109375,
0.5865,-4.6845703125,2.40234375,1.921875,
0.587,-4.724609375,1.4814453125,2.9228515625,
0.5875,-4.244140625,0.6806640625,3.3232421875,
0.588,-4.0439453125,-0.16015625,3.9638671875,
0.5885,-3.283203125,-1.041015625,4.1240234375,
0.589,-2.6025390625,-2.08203125,4.4443359375,
0.5895,-1.6015625,-3.0830078125,4.484375,
0.59,-0.720703125,-4.00390625,4.4443359375,
0.5905,0.3203125,-4.3642578125,3.84375,
0.591,1.0009765625,-4.9248046875,3.603515625,
0.5915,2.162109375,-5.125,2.5625,
0.592,2.8427734375,-5.2451171875,1.9619140625,
0.5925,3.68359375,-5.3251953125,1.12109375,
0.593,4.00390625,-4.96484375,0.2802734375,
0.5935,4.2041015625,-4.4443359375,-0.6005859375,
0.594,4.404296875,-3.8037109375,-1.521484375,
0.5945,4.3642578125,-2.72265625,-2.6826171875,
0.595,4.2041015625,-1.9619140625,-3.3232421875,
0.5955,4.1240234375,-1.0810546875,-4.2041015625,
0.596,3.4033203125,-0.16015625,-4.4443359375,
0.5965,3.04296875,0.6005859375,-4.8447265625,
0.597,2.0419921875,1.6416015625,-4.9248046875,
0.5975,1.28125,2.5625,-5.0849609375,
0.598,0.3203125,3.36328125,-4.9248046875,
0.5985,-0.6005859375,4.083984375,-4.6845703125,
0.599,-1.44140625,4.32421875,-4.00390625,
0.5995,-2.08203125,4.6845703125,-3.68359375,
0.6,-3.1630859375,4.7646484375,-2.6025390625,
0.6005,-3.6435546875,4.8046875,-2.0419921875,
0.601,-4.3642578125,4.7646484375,-1.2412109375,
0.6015,-4.5244140625,4.2841796875,-0.4404296875,
0.602,-4.6845703125,3.84375,0.2802734375,
0.6025,-4.724609375,3.0830078125,1.2412109375,
0.603,-4.724609375,2.2421875,2.162109375,
0.6035,-4.5244140625,1.521484375,2.7626953125,
0.604,-4.484375,0.7607421875,3.5234375,
0.6045,-3.8037109375,-0.16015625,3.7236328125,
0.605,-3.603515625,-0.8408203125,4.2041015625,
0.6055,-2.5625,-1.9619140625,4.2841796875,
0.606,-1.9619140625,-2.8427734375,4.484375,
0.6065,-0.9208984375,-3.603515625,4.32421875,
0.607,0,-4.2041015625,4.083984375,
0.6075,0.80078125,-4.6044921875,3.5634765625,
0.608,1.521484375,-5.0048828125,3.1630859375,
0.6085,2.5625,-5.1650390625,2.2421875,
0.609,3.123046875,-5.205078125,1.6416015625,
0.6095,3.84375,-5.205078125,0.8408203125,
0.61,4.00390625,-4.6845703125,0,
0.6105,4.32421875,-4.32421875,-0.80078125,
0.611,4.32421875,-3.36328125,-1.9619140625,
0.6115,4.484375,-2.5625,-2.9228515625,
0.612,4.1640625,-1.76171875,-3.5634765625,
0.6125,4.0439453125,-0.9208984375,-4.32421875,
0.613,3.3232421875,0.080078125,-4.564453125,
0.6135,2.9228515625,0.8408203125,-5.0048828125,
0.614,1.76171875,2.162109375,-5.125,
0.6145,1.0810546875,3.04296875,-5.2451171875,
0.615,0,3.84375,-4.884765625,
0.6155,-0.9208984375,4.3642578125,-4.564453125,
0.616,-1.8017578125,4.6044921875,-3.8837890625,
0.6165,-2.6025390625,4.884765625,-3.283203125,
0.617,-3.7236328125,5.0849609375,-2.2822265625,
0.6175,-4.1240234375,4.8447265625,-1.5615234375,
0.618,-4.6845703125,4.6845703125,-0.720703125,
0.6185,-4.7646484375,3.9638671875,0.240234375,
0.619,-4.884765625,3.4833984375,0.9609375,
0.6195,-4.8447265625,2.3623046875,2.1220703125,
0.62,-4.8447265625,1.6015625,2.9228515625,
0.6205,-4.3642578125,0.7607421875,3.36328125,
0.621,-4.1240234375,-0.16015625,3.9638671875,
0.6215,-3.36328125,-1.0009765625,4.083984375,
0.622,-2.8828125,-1.681640625,4.32421875,
0.6225,-1.76171875,-2.8828125,4.484375,
0.623,-1.0009765625,-3.5634765625,4.32421875,
0.6235,0,-4.1640625,3.9638671875,
0.624,0.7607421875,-4.5244140625,3.5634765625,
0.6245,1.44140625,-4.7646484375,3.04296875,
0.625,2.2421875,-4.96484375,2.3623046875,
0.6255,3.0830078125,-5.1650390625,1.6015625,
0.626,3.36328125,-4.8447265625,0.9609375,
0.6265,3.8837890625,-4.8447265625,0.2802734375,
0.627,3.8837890625,-4.1240234375,-0.640625,
0.6275,4.1240234375,-3.7236328125,-1.28125,
0.628,4.1240234375,-2.642578125,-2.4423828125,
0.6285,4.1240234375,-2.1220703125,-3.0830078125,
0.629,3.84375,-1.3212890625,-3.68359375,
0.6295,3.5634765625,-0.640625,-4.1640625,
0.63,2.9228515625,0.3203125,-4.484375,
0.6305,2.4423828125,1.1611328125,-4.8046875,
0.631,1.44140625,2.40234375,-5.044921875,
0.6315,0.7607421875,2.962890625,-4.884765625,
0.632,-0.2802734375,3.763671875,-4.64453125,
0.6325,-1.0810546875,4.1240234375,-4.2041015625,
0.633,-1.841796875,4.484375,-3.8037109375,
0.6335,-2.7626953125,4.7646484375,-2.962890625,
0.634,-3.68359375,5.044921875,-2.2421875,
0.6345,-4.00390625,4.64453125,-1.44140625,
0.635,-4.564453125,4.564453125,-0.720703125,
0.6355,-4.564453125,3.763671875,0.2802734375,
0.636,-4.8046875,3.2431640625,1.12109375,
0.6365,-4.8447265625,2.162109375,2.322265625,
0.637,-4.724609375,1.4013671875,2.9228515625,
0.6375,-4.2841796875,0.48046875,3.4833984375,
0.638,-3.84375,-0.3203125,3.8837890625,
0.6385,-3.203125,-1.1611328125,4.1240234375,
0.639,-2.482421875,-2.08203125,4.32421875,
0.6395,-1.44140625,-3.283203125,4.484375,
0.64,-0.5205078125,-3.8037109375,4.00390625,
0.6405,0.3203125,-4.4443359375,3.84375,
0.641,1.0810546875,-4.564453125,3.1630859375,
0.6415,1.76171875,-4.8447265625,2.6826171875,
0.642,2.72265625,-5.0048828125,1.76171875,
0.6425,3.36328125,-5.0048828125,1.12109375,
0.643,3.5634765625,-4.5244140625,0.3203125,
0.6435,3.84375,-4.3642578125,-0.3203125,
0.644,3.8037109375,-3.5234375,-1.1611328125,
0.6445,3.8837890625,-2.962890625,-1.8818359375,
0.645,3.923828125,-2.08203125,-2.9228515625,
0.6455,3.6435546875,-1.521484375,-3.2431640625,
0.646,3.4033203125,-0.80078125,-3.84375,
0.6465,2.8828125,0,-4.00390625,
0.647,2.4423828125,0.7607421875,-4.32421875,
0.6475,1.681640625,1.6015625,-4.484375,
0.648,1.0810546875,2.482421875,-4.6845703125,
0.6485,0.240234375,2.9228515625,-4.244140625,
0.649,-0.48046875,3.5634765625,-4.244140625,
0.6495,-1.2412109375,3.763671875,-3.603515625,
0.65,-1.841796875,4.1640625,-3.36328125,
0.6505,-2.802734375,4.4443359375,-2.6025390625,
0.651,-3.2431640625,4.484375,-2.08203125,
0.6515,-3.7236328125,4.2841796875,-1.361328125,
0.652,-4.00390625,4.00390625,-0.720703125,
0.6525,-4.2041015625,3.443359375,0.240234375,
0.653,-4.3642578125,2.8427734375,1.041015625,
0.6535,-4.564453125,2.08203125,2.0419921875,
0.654,-4.32421875,1.4814453125,2.40234375,
0.6545,-4.2041015625,0.7607421875,3.1630859375,
0.655,-3.603515625,-0.16015625,3.443359375,
0.6555,-3.203125,-1.0009765625,3.923828125,
0.656,-2.2822265625,-2.08203125,4.083984375,
0.6565,-1.5615234375,-2.9228515625,4.1640625,
0.657,-0.6005859375,-3.4833984375,3.763671875,
0.6575,0.16015625,-4.1240234375,3.68359375,
0.658,0.9609375,-4.2841796875,3.0029296875,
0.6585,1.7216796875,-4.64453125,2.5625,
0.659,2.6826171875,-4.9248046875,1.76171875,
0.6595,3.0830078125,-4.64453125,1.0009765625,
0.66,3.443359375,-4.484375,0.3603515625,
0.6605,3.5634765625,-3.923828125,-0.4404296875,
0.661,3.7236328125,-3.3232421875,-1.3212890625,
0.6615,3.763671875,-2.5625,-2.2421875,
0.662,3.84375,-1.8818359375,-3.0830078125,
0.6625,3.3232421875,-1.041015625,-3.36328125,
0.663,3.203125,-0.48046875,-3.8837890625,
0.6635,2.482421875,0.3603515625,-3.923828125,
0.664,2.0419921875,1.12109375,-4.2841796875,
0.6645,1.1611328125,2.162109375,-4.404296875,
0.665,0.48046875,2.72265625,-4.2841796875,
0.6655,-0.3603515625,3.1630859375,-3.8837890625,
0.666,-0.9208984375,3.5634765625,-3.763671875,
0.6665,-1.6015625,3.763671875,-3.1630859375,
0.667,-2.2822265625,4.00390625,-2.72265625,
0.6675,-3.0830078125,4.244140625,-2.08203125,
0.668,-3.2431640625,3.8837890625,-1.44140625,
0.6685,-3.7236328125,3.923828125,-1.0009765625,
0.669,-3.7236328125,3.203125,-0.2001953125,
0.6695,-4.00390625,2.8427734375,0.6005859375,
0.67,-4.0439453125,2.162109375,1.44140625,
0.6705,-4.1640625,1.76171875,2.0419921875,
0.671,-3.84375,1.0810546875,2.482421875,
0.6715,-3.84375,0.560546875,3.04296875,
0.672,-3.1630859375,-0.400390625,3.2431640625,
0.6725,-2.72265625,-1.201171875,3.68359375,
0.673,-1.921875,-2.2421875,3.84375,
0.6735,-1.2412109375,-2.72265625,3.68359375,
0.674,-0.5205078125,-3.4033203125,3.603515625,
0.6745,0.2802734375,-3.8037109375,3.2431640625,
0.675,0.9609375,-4.1640625,2.8427734375,
0.6755,1.76171875,-4.5244140625,2.3623046875,
0.676,2.5224609375,-4.724609375,1.76171875,
0.6765,2.802734375,-4.404296875,1.041015625,
0.677,3.3232421875,-4.484375,0.48046875,
0.6775,3.36328125,-3.68359375,-0.5205078125,
0.678,3.68359375,-3.203125,-1.3212890625,
0.6785,3.8037109375,-2.3623046875,-2.3623046875,
0.679,3.68359375,-1.8017578125,-2.8828125,
0.6795,3.3232421875,-1.0009765625,-3.4033203125,
0.68,3.04296875,-0.3603515625,-3.8037109375,
0.6805,2.40234375,0.6005859375,-4.083984375,
0.681,1.8017578125,1.4814453125,-4.3642578125,
0.6815,0.9609375,2.4423828125,-4.5244140625,
0.682,0.16015625,2.9228515625,-4.1240234375,
0.6825,-0.6005859375,3.4833984375,-4.00390625,
0.683,-1.3212890625,3.68359375,-3.4033203125,
0.6835,-2.08203125,4.00390625,-2.8828125,
0.684,-2.8427734375,4.2041015625,-2.2822265625,
0.6845,-3.36328125,4.1640625,-1.6416015625,
0.685,-3.5634765625,3.7236328125,-1.0009765625,
0.6855,-3.84375,3.5634765625,-0.400390625,
0.686,-3.9638671875,2.5625,0.6005859375,
0.6865,-4.0439453125,2.2822265625,1.3212890625,
0.687,-4.0439453125,1.5615234375,2.2021484375,
0.6875,-3.763671875,0.9609375,2.5224609375,
0.688,-3.603515625,0.3203125,3.0029296875,
0.6885,-3.0830078125,-0.400390625,3.1630859375,
0.689,-2.5625,-1.201171875,3.4833984375,
0.6895,-1.841796875,-2.0419921875,3.603515625,
0.69,-1.201171875,-2.7626953125,3.68359375,
0.6905,-0.400390625,-3.1630859375,3.2431640625,
0.691,0.16015625,-3.7236328125,3.2431640625,
0.6915,0.9208984375,-3.8837890625,2.6025390625,
0.692,1.521484375,-4.244140625,2.322265625,
0.6925,2.2822265625,-4.4443359375,1.7216796875,
0.693,2.6025390625,-4.3642578125,1.201171875,
0.6935,2.9228515625,-4.2041015625,0.6005859375,
0.694,3.203125,-3.84375,0,
0.6945,3.36328125,-3.1630859375,-1.041015625,
0.695,3.5634765625,-2.72265625,-1.841796875,
0.6955,3.68359375,-2.08203125,-2.6025390625,
0.696,3.36328125,-1.44140625,-2.962890625,
0.6965,3.283203125,-0.80078125,-3.603515625,
0.697,2.642578125,0.080078125,-3.8037109375,
0.6975,2.2421875,0.9609375,-4.244140625,
0.698,1.4013671875,1.921875,-4.404296875,
0.6985,0.720703125,2.6025390625,-4.3642578125,
0.699,-0.2001953125,3.123046875,-4.00390625,
0.6995,-0.80078125,3.68359375,-3.923828125,
0.7,-1.76171875,3.8837890625,-3.1630859375,
0.7005,-2.4423828125,4.2841796875,-2.7626953125,
0.701,-3.203125,4.404296875,-2.001953125,
0.7015,-3.603515625,4.083984375,-1.3212890625,
0.702,-3.8837890625,3.84375,-0.640625,
0.7025,-4.1240234375,3.2431640625,0.3203125,
0.703,-4.244140625,2.5224609375,1.28125,
0.7035,-4.244140625,1.921875,1.9619140625,
0.704,-4.2041015625,1.1611328125,2.72265625,
0.7045,-3.68359375,0.400390625,3.04296875,
0.705,-3.5234375,-0.3203125,3.5234375,
0.7055,-2.6025390625,-1.361328125,3.68359375,
0.706,-1.9619140625,-2.2421875,3.923828125,
0.7065,-1.0810546875,-3.0029296875,3.8037109375,
0.707,-0.3603515625,-3.5634765625,3.5634765625,
0.7075,0.4404296875,-3.8837890625,3.1630859375,
0.708,1.12109375,-4.244140625,2.802734375,
0.7085,1.9619140625,-4.404296875,1.9619140625,
0.709,2.5224609375,-4.5244140625,1.521484375,
0.7095,3.04296875,-4.5244140625,0.9208984375,
0.71,3.1630859375,-4.083984375,0.240234375,
0.7105,3.443359375,-3.8037109375,-0.4404296875,
0.711,3.443359375,-2.962890625,-1.361328125,
0.7115,3.5634765625,-2.4423828125,-2.1220703125,
0.712,3.4833984375,-1.8017578125,-2.72265625,
0.7125,3.36328125,-1.2412109375,-3.2431640625,
0.713,2.8828125,-0.5205078125,-3.5634765625,
0.7135,2.6826171875,0.1201171875,-3.923828125,
0.714,1.8818359375,1.12109375,-4.083984375,
0.7145,1.44140625,1.841796875,-4.3642578125,
0.715,0.6005859375,2.6025390625,-4.32421875,
0.7155,-0.16015625,3.0830078125,-4.083984375,
0.716,-0.80078125,3.5634765625,-3.84375,
0.7165,-1.5615234375,3.84375,-3.36328125,
0.717,-2.40234375,4.2041015625,-2.7626953125,
0.7175,-2.9228515625,4.2841796875,-2.2822265625,
0.718,-3.5634765625,4.32421875,-1.6015625,
0.7185,-3.8037109375,3.923828125,-0.880859375,
0.719,-4.2041015625,3.763671875,-0.16015625,
0.7195,-4.2841796875,2.802734375,1.0009765625,
0.72,-4.5244140625,2.322265625,1.76171875,
0.7205,-4.3642578125,1.5615234375,2.5224609375,
0.721,-4.2041015625,0.80078125,3.123046875,
0.7215,-3.7236328125,0,3.5234375,
0.722,-3.2431640625,-0.9208984375,3.923828125,
0.7225,-2.2822265625,-2.1220703125,4.1640625,
0.723,-1.5615234375,-2.9228515625,4.2041015625,
0.7235,-0.6005859375,-3.7236328125,4.00390625,
0.724,0.2802734375,-4.2041015625,3.603515625,
0.7245,1.041015625,-4.5244140625,3.1630859375,
0.725,1.921875,-4.8447265625,2.482421875,
0.7255,2.9228515625,-5.125,1.6015625,
0.726,3.3232421875,-4.8046875,0.880859375,
0.7265,3.84375,-4.6845703125,0.240234375,
0.727,3.8037109375,-3.923828125,-0.6806640625,
0.7275,4.00390625,-3.443359375,-1.4814453125,
0.728,4.00390625,-2.322265625,-2.6826171875,
0.7285,3.923828125,-1.6416015625,-3.3232421875,
0.729,3.5234375,-0.80078125,-3.84375,
0.7295,3.1630859375,0,-4.2041015625,
0.73,2.5224609375,0.6806640625,-4.3642578125,
0.7305,1.921875,1.4814453125,-4.564453125,
0.731,0.9609375,2.642578125,-4.7646484375,
0.7315,0.240234375,3.1630859375,-4.4443359375,
0.732,-0.640625,3.8037109375,-4.244140625,
0.7325,-1.3212890625,4.00390625,-3.763671875,
0.733,-2.001953125,4.2841796875,-3.203125,
0.7335,-2.8828125,4.404296875,-2.5224609375,
0.734,-3.5634765625,4.5244140625,-1.921875,
0.7345,-3.84375,4.2841796875,-1.201171875,
0.735,-4.2841796875,4.1240234375,-0.6005859375,
0.7355,-4.2841796875,3.4833984375,0.2802734375,
0.736,-4.484375,3.0029296875,1.041015625,
0.7365,-4.5244140625,2.0419921875,2.162109375,
0.737,-4.4443359375,1.521484375,2.642578125,
0.7375,-4.1640625,0.6806640625,3.283203125,
0.738,-3.8037109375,0,3.68359375,
0.7385,-3.283203125,-0.9609375,4.00390625,
0.739,-2.5625,-1.8818359375,4.2041015625,
0.7395,-1.681640625,-3.0029296875,4.484375,
0.74,-0.80078125,-3.5634765625,4.1240234375,
0.7405,0.1201171875,-4.32421875,3.9638671875,
0.741,0.9208984375,-4.564453125,3.36328125,
0.7415,1.6416015625,-5.0048828125,3.0029296875,
0.742,2.72265625,-5.2451171875,2.0419921875,
0.7425,3.4833984375,-5.28515625,1.3212890625,
0.743,3.8037109375,-4.8447265625,0.48046875,
0.7435,4.1640625,-4.64453125,-0.2802734375,
0.744,4.2041015625,-3.84375,-1.2412109375,
0.7445,4.32421875,-3.1630859375,-2.162109375,
0.745,4.404296875,-2.08203125,-3.4033203125,
0.7455,4.00390625,-1.28125,-3.8837890625,
0.746,3.68359375,-0.3603515625,-4.484375,
0.7465,3.123046875,0.48046875,-4.724609375,
0.747,2.40234375,1.3212890625,-4.884765625,
0.7475,1.4814453125,2.40234375,-5.0849609375,
0.748,0.560546875,3.5234375,-5.1650390625,
0.7485,-0.6005859375,3.923828125,-4.5244140625,
0.749,-1.28125,4.5244140625,-4.3642578125,
0.7495,-2.1220703125,4.564453125,-3.5634765625,
0.75,-2.8427734375,4.7646484375,-2.9228515625,
0.7505,-3.923828125,4.96484375,-1.9619140625,
0.751,-4.4443359375,4.8046875,-1.1611328125,
0.7515,-4.6044921875,4.32421875,-0.3603515625,
0.752,-4.8447265625,3.9638671875,0.3603515625,
0.7525,-4.724609375,3.0029296875,1.3212890625,
0.753,-4.724609375,2.2421875,2.1220703125,
0.7535,-4.724609375,1.28125,3.203125,
0.754,-4.1640625,0.48046875,3.5234375,
0.7545,-3.923828125,-0.3203125,4.0439453125,
0.755,-3.203125,-1.12109375,4.1240234375,
0.7555,-2.642578125,-1.8818359375,4.3642578125,
0.756,-1.6416015625,-2.962890625,4.404296875,
0.7565,-0.80078125,-3.84375,4.404296875,
0.757,0.240234375,-4.2041015625,3.763671875,
0.7575,0.8408203125,-4.8447265625,3.68359375,
0.758,1.6416015625,-4.884765625,2.8427734375,
0.7585,2.322265625,-5.125,2.3623046875,
0.759,3.3232421875,-5.3251953125,1.4814453125,
0.7595,3.68359375,-4.96484375,0.6806640625,
0.76,4.0439453125,-4.6845703125,0,
0.7605,4.1240234375,-4.1640625,-0.80078125,
0.761,4.2041015625,-3.36328125,-1.8017578125,
0.7615,4.2841796875,-2.6025390625,-2.6826171875,
0.762,4.32421875,-1.76171875,-3.7236328125,
0.7625,3.763671875,-0.8408203125,-4.00390625,
0.763,3.5634765625,-0.16015625,-4.64453125,
0.7635,2.72265625,0.8408203125,-4.724609375,
0.764,2.162109375,1.681640625,-5.044921875,
0.7645,1.12109375,2.8828125,-5.1650390625,
0.765,0.2802734375,3.68359375,-5.0849609375,
0.7655,-0.80078125,4.083984375,-4.5244140625,
0.766,-1.4814453125,4.6044921875,-4.2841796875,
0.7665,-2.5625,4.7646484375,-3.283203125,
0.767,-3.203125,5.0048828125,-2.72265625,
0.7675,-4.244140625,5.1650390625,-1.76171875,
0.768,-4.5244140625,4.64453125,-0.8408203125,
0.7685,-4.884765625,4.3642578125,0,
0.769,-4.96484375,3.5634765625,0.9609375,
0.7695,-4.96484375,2.6025390625,1.9619140625,
0.77,-4.8447265625,1.841796875,2.7626953125,
0.7705,-4.8046875,0.9208984375,3.68359375,
0.771,-4.0439453125,0,3.8837890625,
0.7715,-3.84375,-0.80078125,4.404296875,
0.772,-2.72265625,-1.9619140625,4.484375,
0.7725,-2.001953125,-2.7626953125,4.6044921875,
0.773,-0.9208984375,-3.84375,4.484375,
0.7735,0,-4.4443359375,4.1640625,
0.774,0.880859375,-4.7646484375,3.5634765625,
0.7745,1.5615234375,-5.125,3.1630859375,
0.775,2.5625,-5.125,2.2021484375,
0.7755,3.0830078125,-5.1650390625,1.5615234375,
0.776,3.84375,-5.205078125,0.7607421875,
0.7765,3.8837890625,-4.564453125,0,
0.777,4.1640625,-4.32421875,-0.6806640625,
0.7775,4.1240234375,-3.36328125,-1.681640625,
0.778,4.1240234375,-2.642578125,-2.5224609375,
0.7785,4.0439453125,-1.841796875,-3.283203125,
0.779,3.8837890625,-1.12109375,-3.923828125,
0.7795,3.2431640625,-0.2802734375,-4.1640625,
0.78,3.04296875,0.4404296875,-4.6044921875,
0.7805,2.08203125,1.4013671875,-4.64453125,
0.781,1.5615234375,2.2021484375,-4.884765625,
0.7815,0.560546875,3.0830078125,-4.8447265625,
0.782,-0.3203125,3.5634765625,-4.5244140625,
0.7825,-1.041015625,4.083984375,-4.2041015625,
0.783,-1.8017578125,4.4443359375,-3.7236328125,
0.7835,-2.6826171875,4.64453125,-2.962890625,
0.784,-3.36328125,4.8046875,-2.40234375,
0.7845,-4.0439453125,4.8447265625,-1.6015625,
0.785,-4.244140625,4.2841796875,-0.80078125,
0.7855,-4.64453125,4.1240234375,0,
0.786,-4.64453125,3.123046875,1.12109375,
0.7865,-4.8447265625,2.5224609375,1.921875,
0.787,-4.724609375,1.6015625,2.7626953125,
0.7875,-4.5244140625,0.8408203125,3.443359375,
0.788,-3.923828125,0,3.8037109375,
0.7885,-3.5634765625,-0.880859375,4.2041015625,
0.789,-2.5224609375,-2.08203125,4.404296875,
0.7895,-1.8017578125,-2.962890625,4.484375,
0.79,-0.7607421875,-3.8837890625,4.3642578125,
0.7905,0.240234375,-4.3642578125,3.84375,
0.791,0.9609375,-4.7646484375,3.4833984375,
0.7915,1.921875,-5.0048828125,2.72265625,
0.792,2.802734375,-5.1650390625,1.921875,
0.7925,3.3232421875,-5.044921875,1.201171875,
0.793,3.8837890625,-4.9248046875,0.4404296875,
0.7935,3.8837890625,-4.2041015625,-0.48046875,
0.794,4.1240234375,-3.8837890625,-1.12109375,
0.7945,4.0439453125,-2.6826171875,-2.322265625,
0.795,4.0439453125,-2.1220703125,-2.962890625,
0.7955,3.763671875,-1.28125,-3.603515625,
0.796,3.4033203125,-0.5205078125,-4.00390625,
0.7965,2.8427734375,0.2802734375,-4.244140625,
0.797,2.2822265625,1.0009765625,-4.484375,
0.7975,1.44140625,2.0419921875,-4.64453125,
0.798,0.80078125,2.6025390625,-4.564453125,
0.7985,0,3.3232421875,-4.4443359375,
0.799,-0.880859375,3.6435546875,-3.8837890625,
0.7995,-1.44140625,4.083984375,-3.68359375,
0.8,-2.2822265625,4.1240234375,-2.8828125,
0.8005,-2.9228515625,4.4443359375,-2.4423828125,
0.801,-3.443359375,4.32421875,-1.8017578125,
0.8015,-3.84375,4.2041015625,-1.201171875,
0.802,-4.00390625,3.763671875,-0.5205078125,
0.8025,-4.2041015625,3.443359375,0.240234375,
0.803,-4.2841796875,2.5625,1.28125,
0.8035,-4.404296875,2.162109375,1.8818359375,
0.804,-4.32421875,1.4013671875,2.6025390625,
0.8045,-3.9638671875,0.720703125,3.0029296875,
0.805,-3.7236328125,0,3.5234375,
0.8055,-3.0830078125,-1.041015625,3.763671875,
0.806,-2.40234375,-2.001953125,4.1240234375,
0.8065,-1.5615234375,-2.802734375,4.0439453125,
0.807,-0.80078125,-3.5234375,4.00390625,
0.8075,0.1201171875,-3.923828125,3.5234375,
0.808,0.7607421875,-4.4443359375,3.3232421875,
0.8085,1.841796875,-4.64453125,2.482421875,
0.809,2.482421875,-4.9248046875,2.0419921875,
0.8095,3.04296875,-4.8046875,1.28125,
0.81,3.443359375,-4.6044921875,0.560546875,
0.8105,3.603515625,-4.0439453125,-0.3203125,
0.811,3.84375,-3.5234375,-1.1611328125,
0.8115,3.9638671875,-2.6025390625,-2.2822265625,
0.812,3.84375,-2.0419921875,-2.8427734375,
0.8125,3.68359375,-1.28125,-3.5634765625,
0.813,3.1630859375,-0.5205078125,-3.8037109375,
0.8135,2.802734375,0.2802734375,-4.1640625,
0.814,1.921875,1.28125,-4.3642578125,
0.8145,1.28125,2.162109375,-4.6044921875,
0.815,0.4404296875,2.802734375,-4.2841796875,
0.8155,-0.3203125,3.36328125,-4.1640625,
0.816,-1.0810546875,3.603515625,-3.603515625,
0.8165,-1.681640625,3.9638671875,-3.283203125,
0.817,-2.642578125,4.1240234375,-2.4423828125,
0.8175,-3.0830078125,4.1640625,-1.9619140625,
0.818,-3.5634765625,4.0439453125,-1.3212890625,
0.8185,-3.7236328125,3.68359375,-0.6806640625,
0.819,-3.8837890625,3.3232421875,0.0400390625,
0.8195,-3.9638671875,2.6025390625,0.880859375,
0.82,-4.1640625,2.0419921875,1.681640625,
0.8205,-3.923828125,1.521484375,2.08203125,
0.821,-3.8837890625,0.9208984375,2.72265625,
0.8215,-3.4033203125,0.2001953125,2.962890625,
0.822,-3.203125,-0.5205078125,3.4033203125,
0.8225,-2.322265625,-1.5615234375,3.5234375,
0.823,-1.841796875,-2.2021484375,3.8037109375,
0.8235,-1.041015625,-2.8427734375,3.5634765625,
0.824,-0.4404296875,-3.36328125,3.4833984375,
0.8245,0.3603515625,-3.7236328125,3.123046875,
0.825,1.0009765625,-4.1240234375,2.802734375,
0.8255,1.8818359375,-4.484375,2.2021484375,
0.826,2.2822265625,-4.484375,1.7216796875,
0.8265,2.8828125,-4.5244140625,1.12109375,
0.827,3.04296875,-4.1240234375,0.400390625,
0.8275,3.443359375,-3.84375,-0.400390625,
0.828,3.5634765625,-3.04296875,-1.361328125,
0.8285,3.84375,-2.6025390625,-2.1220703125,
0.829,3.5634765625,-1.921875,-2.6826171875,
0.8295,3.5634765625,-1.361328125,-3.283203125,
0.83,3.0029296875,-0.5205078125,-3.603515625,
0.8305,2.6826171875,0.2802734375,-4.1240234375,
0.831,1.8017578125,1.521484375,-4.3642578125,
0.8315,1.201171875,2.162109375,-4.4443359375,
0.832,0.3203125,2.8427734375,-4.244140625,
0.8325,-0.400390625,3.3232421875,-4.00390625,
0.833,-1.1611328125,3.68359375,-3.5634765625,
0.8335,-1.9619140625,4.00390625,-3.0029296875,
0.834,-2.8828125,4.32421875,-2.40234375,
0.8345,-3.203125,4.1240234375,-1.7216796875,
0.835,-3.7236328125,4.083984375,-1.12109375,
0.8355,-3.8037109375,3.4833984375,-0.3603515625,
0.836,-4.0439453125,3.04296875,0.48046875,
0.8365,-4.1240234375,2.2021484375,1.521484375,
0.837,-4.1640625,1.6416015625,2.162109375,
0.8375,-3.84375,0.880859375,2.6025390625,
0.838,-3.6435546875,0.2802734375,3.0830078125,
0.8385,-3.0830078125,-0.5205078125,3.2431640625,
0.839,-2.5625,-1.28125,3.5634765625,
0.8395,-1.76171875,-2.3623046875,3.8037109375,
0.84,-1.0009765625,-2.8828125,3.5234375,
0.8405,-0.3203125,-3.4833984375,3.443359375,
0.841,0.400390625,-3.7236328125,3.0029296875,
0.8415,1.0009765625,-4.00390625,2.642578125,
0.842,1.841796875,-4.244140625,2.0419921875,
0.8425,2.482421875,-4.484375,1.521484375,
0.843,2.6826171875,-4.1640625,0.9208984375,
0.8435,3.04296875,-4.1240234375,0.4404296875,
0.844,3.1630859375,-3.5234375,-0.400390625,
0.8445,3.36328125,-3.0830078125,-1.12109375,
0.845,3.5234375,-2.3623046875,-2.08203125,
0.8455,3.443359375,-2.001953125,-2.482421875,
0.846,3.3232421875,-1.361328125,-3.0830078125,
0.8465,3.0029296875,-0.80078125,-3.36328125,
0.847,2.6025390625,0.080078125,-3.8037109375,
0.8475,2.001953125,0.9609375,-4.0439453125,
0.848,1.4013671875,1.8818359375,-4.3642578125,
0.8485,0.6806640625,2.3623046875,-4.1240234375,
0.849,0.0400390625,3.04296875,-4.1640625,
0.8495,-0.80078125,3.3232421875,-3.6435546875,
0.85,-1.44140625,3.8037109375,-3.4033203125,
0.8505,-2.3623046875,4.1240234375,-2.72265625,
0.851,-2.8828125,4.244140625,-2.2421875,
0.8515,-3.3232421875,4.083984375,-1.5615234375,
0.852,-3.7236328125,3.923828125,-1.0009765625,
0.8525,-3.923828125,3.3232421875,0,
0.853,-4.1640625,2.8427734375,0.8408203125,
0.8535,-4.3642578125,2.0419921875,1.8818359375,
0.854,-4.1240234375,1.4013671875,2.2822265625,
0.8545,-4.00390625,0.640625,3.0029296875,
0.855,-3.5634765625,0,3.2431640625,
0.8555,-3.0830078125,-0.9208984375,3.68359375,
0.856,-2.2021484375,-1.9619140625,3.8837890625,
0.8565,-1.44140625,-2.8828125,4.00390625,
0.857,-0.5205078125,-3.4033203125,3.5234375,
0.8575,0.2001953125,-4.00390625,3.5234375,
0.858,1.0009765625,-4.1640625,2.802734375,
0.8585,1.7216796875,-4.484375,2.322265625,
0.859,2.6826171875,-4.724609375,1.5615234375,
0.8595,3.04296875,-4.484375,0.880859375,
0.86,3.3232421875,-4.244140625,0.240234375,
0.8605,3.5234375,-3.8037109375,-0.5205078125,
0.861,3.5634765625,-3.0830078125,-1.4013671875,
0.8615,3.603515625,-2.4423828125,-2.2421875,
0.862,3.68359375,-1.681640625,-3.0830078125,
0.8625,3.1630859375,-1.0009765625,-3.36328125,
0.863,3.04296875,-0.3603515625,-3.84375,
0.8635,2.40234375,0.4404296875,-3.8837890625,
0.864,1.921875,1.12109375,-4.1640625,
0.8645,1.12109375,2.162109375,-4.32421875,
0.865,0.4404296875,2.72265625,-4.244140625,
0.8655,-0.400390625,3.1630859375,-3.84375,
0.866,-0.9208984375,3.5634765625,-3.7236328125,
0.8665,-1.6416015625,3.7236328125,-3.1630859375,
0.867,-2.2822265625,4.0439453125,-2.72265625,
0.8675,-3.1630859375,4.32421875,-2.001953125,
0.868,-3.36328125,3.9638671875,-1.361328125,
0.8685,-3.84375,3.9638671875,-0.880859375,
0.869,-3.8837890625,3.36328125,0,
0.8695,-4.1640625,2.8427734375,0.7607421875,
0.87,-4.244140625,2.162109375,1.6416015625,
0.8705,-4.32421875,1.5615234375,2.3623046875,
0.871,-3.923828125,0.880859375,2.802734375,
0.8715,-3.8837890625,0.2802734375,3.4033203125,
0.872,-3.1630859375,-0.6806640625,3.5634765625,
0.8725,-2.642578125,-1.6015625,3.9638671875,
0.873,-1.681640625,-2.72265625,4.1240234375,
0.8735,-0.9208984375,-3.36328125,3.9638671875,
0.874,0,-3.923828125,3.68359375,
0.8745,0.720703125,-4.3642578125,3.3232421875,
0.875,1.6416015625,-4.64453125,2.6025390625,
0.8755,2.40234375,-4.884765625,2.0419921875,
0.876,3.2431640625,-5.0849609375,1.28125,
0.8765,3.4833984375,-4.564453125,0.4404296875,
0.877,3.8837890625,-4.404296875,-0.3203125,
0.8775,3.9638671875,-3.5234375,-1.4013671875,
0.878,4.083984375,-2.8427734375,-2.2822265625,
0.8785,3.9638671875,-1.9619140625,-3.1630859375,
0.879,3.84375,-1.1611328125,-3.84375,
0.8795,3.203125,-0.2802734375,-4.083984375,
0.88,2.8828125,0.48046875,-4.5244140625,
0.8805,1.8818359375,1.6015625,-4.564453125,
0.881,1.2412109375,2.3623046875,-4.724609375,
0.8815,0.2802734375,3.3232421875,-4.6845703125,
0.882,-0.640625,3.7236328125,-4.2041015625,
0.8825,-1.28125,4.083984375,-3.84375,
0.883,-2.08203125,4.32421875,-3.203125,
0.8835,-2.9228515625,4.4443359375,-2.4423828125,
0.884,-3.5234375,4.484375,-1.841796875,
0.8845,-4.1240234375,4.4443359375,-1.12109375,
0.885,-4.1640625,3.84375,-0.3603515625,
0.8855,-4.4443359375,3.5634765625,0.2802734375,
0.886,-4.3642578125,2.5224609375,1.361328125,
0.8865,-4.4443359375,2.001953125,2.001953125,
0.887,-4.32421875,1.2412109375,2.802734375,
0.8875,-4.0439453125,0.560546875,3.2431640625,
0.888,-3.603515625,-0.2802734375,3.5634765625,
0.8885,-3.203125,-0.9208984375,3.8837890625,
0.889,-2.3623046875,-1.9619140625,4.0439453125,
0.8895,-1.6416015625,-2.72265625,4.1640625,
0.89,-0.80078125,-3.603515625,4.1240234375,
0.8905,0.16015625,-4.00390625,3.6435546875,
0.891,0.80078125,-4.5244140625,3.4833984375,
0.8915,1.7216796875,-4.7646484375,2.72265625,
0.892,2.482421875,-5.0048828125,2.1220703125,
0.8925,3.123046875,-5.0048828125,1.4013671875,
0.893,3.68359375,-4.96484375,0.6806640625,
0.8935,3.84375,-4.4443359375,-0.240234375,
0.894,4.2041015625,-4.1640625,-0.9609375,
0.8945,4.2041015625,-3.04296875,-2.2421875,
0.895,4.2841796875,-2.40234375,-2.9228515625,
0.8955,4.083984375,-1.44140625,-3.763671875,
0.896,3.7236328125,-0.640625,-4.244140625,
0.8965,3.1630859375,0.2802734375,-4.564453125,
0.897,2.5224609375,1.201171875,-4.8447265625,
0.8975,1.5615234375,2.40234375,-5.0849609375,
0.898,0.7607421875,3.123046875,-5.0048828125,
0.8985,-0.3203125,3.9638671875,-4.8447265625,
0.899,-1.201171875,4.32421875,-4.2041015625,
0.8995,-1.921875,4.64453125,-3.84375,
0.9,-2.962890625,4.8447265625,-2.8427734375,
0.9005,-3.84375,5.0048828125,-2.0419921875,
0.901,-4.2841796875,4.724609375,-1.2412109375,
0.9015,-4.724609375,4.484375,-0.48046875,
0.902,-4.724609375,3.7236328125,0.48046875,
0.9025,-4.884765625,3.1630859375,1.28125,
0.903,-4.8447265625,2.001953125,2.5224609375,
0.9035,-4.64453125,1.3212890625,3.0830078125,
0.904,-4.32421875,0.4404296875,3.7236328125,
0.9045,-3.8037109375,-0.48046875,4.00390625,
0.905,-3.203125,-1.201171875,4.2841796875,
0.9055,-2.4423828125,-2.2021484375,4.404296875,
0.906,-1.44140625,-3.283203125,4.5244140625,
0.9065,-0.5205078125,-3.84375,4.1240234375,
0.907,0.3203125,-4.5244140625,3.9638671875,
0.9075,1.1611328125,-4.724609375,3.3232421875,
0.908,1.76171875,-5.0048828125,2.9228515625,
0.9085,2.802734375,-5.125,1.921875,
0.909,3.4033203125,-5.1650390625,1.28125,
0.9095,3.8037109375,-4.9248046875,0.48046875,
0.91,4.1240234375,-4.64453125,-0.2802734375,
0.9105,4.1240234375,-4.00390625,-1.12109375,
0.911,4.2041015625,-3.3232421875,-1.8818359375,
0.9115,4.2841796875,-2.2822265625,-3.04296875,
0.912,4.00390625,-1.681640625,-3.4833984375,
0.9125,3.84375,-0.80078125,-4.1640625,
0.913,3.203125,0.0400390625,-4.4443359375,
0.9135,2.7626953125,0.80078125,-4.7646484375,
0.914,1.921875,1.841796875,-4.884765625,
0.9145,1.12109375,2.8427734375,-5.125,
0.915,0.16015625,3.443359375,-4.7646484375,
0.9155,-0.640625,4.1240234375,-4.64453125,
0.916,-1.521484375,4.404296875,-3.9638671875,
0.9165,-2.2021484375,4.7646484375,-3.5634765625,
0.917,-3.36328125,4.96484375,-2.5625,
0.9175,-3.923828125,4.9248046875,-1.921875,
0.918,-4.404296875,4.64453125,-1.041015625,
0.9185,-4.7646484375,4.32421875,-0.3203125,
0.919,-4.8046875,3.603515625,0.6806640625,
0.9195,-4.884765625,2.8828125,1.6416015625,
0.92,-5.0048828125,1.8818359375,2.8427734375,
0.9205,-4.6044921875,1.0810546875,3.283203125,
0.921,-4.3642578125,0.16015625,4.00390625,
0.9215,-3.68359375,-0.80078125,4.244140625,
0.922,-3.123046875,-1.6015625,4.484375,
0.9225,-2.0419921875,-2.7626953125,4.6044921875,
0.923,-1.12109375,-3.84375,4.6845703125,
0.9235,0.0400390625,-4.32421875,4.083984375,
0.924,0.7607421875,-4.96484375,3.8837890625,
0.9245,1.6416015625,-5.0048828125,3.04296875,
0.925,2.3623046875,-5.205078125,2.482421875,
0.9255,3.5234375,-5.525390625,1.44140625,
0.926,3.8837890625,-5.1650390625,0.6005859375,
0.9265,4.2041015625,-4.8447265625,-0.240234375,
0.927,4.32421875,-4.244140625,-0.9609375,
0.9275,4.32421875,-3.4033203125,-1.8818359375,
0.928,4.2841796875,-2.5224609375,-2.7626953125,
0.9285,4.32421875,-1.6015625,-3.8037109375,
0.929,3.6435546875,-0.720703125,-4.0439453125,
0.9295,3.443359375,0,-4.64453125,
0.93,2.6025390625,0.8408203125,-4.6044921875,
0.9305,2.162109375,1.5615234375,-4.8447265625,
0.931,1.0810546875,2.6826171875,-4.96484375,
0.9315,0.3203125,3.36328125,-4.8447265625,
0.932,-0.6806640625,3.84375,-4.32421875,
0.9325,-1.28125,4.32421875,-4.1640625,
0.933,-2.0419921875,4.404296875,-3.4033203125,
0.9335,-2.72265625,4.564453125,-2.9228515625,
0.934,-3.7236328125,4.8447265625,-2.0419921875,
0.9345,-3.9638671875,4.484375,-1.361328125,
0.935,-4.4443359375,4.404296875,-0.640625,
0.9355,-4.5244140625,3.763671875,0.16015625,
0.936,-4.6845703125,3.203125,1.041015625,
0.9365,-4.6845703125,2.3623046875,1.9619140625,
0.937,-4.7646484375,1.6416015625,2.8427734375,
0.9375,-4.244140625,0.80078125,3.203125,
0.938,-4.1640625,0.1201171875,3.8837890625,
0.9385,-3.36328125,-0.880859375,4.00390625,
0.939,-2.8828125,-1.681640625,4.404296875,
0.9395,-1.76171875,-2.962890625,4.5244140625,
0.94,-0.9609375,-3.68359375,4.32421875,
0.9405,0.1201171875,-4.244140625,3.9638671875,
0.941,0.80078125,-4.724609375,3.68359375,
0.9415,1.681640625,-4.96484375,2.9228515625,
0.942,2.482421875,-5.2451171875,2.2822265625,
0.9425,3.5234375,-5.4853515625,1.4013671875,
0.943,3.8037109375,-4.8447265625,0.5205078125,
0.9435,4.2041015625,-4.7646484375,-0.2802734375,
0.944,4.1640625,-3.8837890625,-1.2412109375,
0.9445,4.32421875,-3.1630859375,-2.1220703125,
0.945,4.2841796875,-2.162109375,-3.1630859375,
0.9455,4.1240234375,-1.361328125,-3.8837890625,
0.946,3.443359375,-0.4404296875,-4.2041015625,
0.9465,3.203125,0.2802734375,-4.64453125,
0.947,2.2421875,1.2412109375,-4.64453125,
0.9475,1.6416015625,2.0419921875,-4.8447265625,
0.948,0.6005859375,3.1630859375,-4.9248046875,
0.9485,-0.3203125,3.603515625,-4.484375,
0.949,-1.041015625,4.083984375,-4.1240234375,
0.9495,-1.7216796875,4.2041015625,-3.5634765625,
0.95,-2.5224609375,4.3642578125,-2.8828125,
0.9505,-3.2431640625,4.484375,-2.2421875,
0.951,-3.923828125,4.6044921875,-1.521484375,
0.9515,-4.00390625,4.00390625,-0.7607421875,
0.952,-4.3642578125,3.9638671875,-0.2802734375,
0.9525,-4.244140625,3.04296875,0.6806640625,
0.953,-4.3642578125,2.5625,1.4013671875,
0.9535,-4.3642578125,1.681640625,2.322265625,
0.954,-4.1640625,1.12109375,2.7626953125,
0.9545,-3.8037109375,0.400390625,3.203125,
0.955,-3.5634765625,-0.2802734375,3.5634765625,
0.9555,-2.8828125,-1.12109375,3.763671875,
0.956,-2.2822265625,-1.9619140625,3.9638671875,
0.9565,-1.44140625,-2.9228515625,4.1240234375,
0.957,-0.640625,-3.36328125,3.68359375,
0.9575,0.1201171875,-4.0439453125,3.68359375,
0.958,0.880859375,-4.2841796875,3.0830078125,
0.9585,1.44140625,-4.6845703125,2.7626953125,
0.959,2.40234375,-4.8447265625,2.001953125,
0.9595,3.0029296875,-4.884765625,1.4013671875,
0.96,3.3232421875,-4.5244140625,0.6005859375,
0.9605,3.7236328125,-4.404296875,0,
0.961,3.763671875,-3.5234375,-1.12109375,
0.9615,4.00390625,-3.04296875,-1.9619140625,
0.962,4.00390625,-2.1220703125,-2.8828125,
0.9625,3.763671875,-1.44140625,-3.36328125,
0.963,3.443359375,-0.640625,-3.8837890625,
0.9635,2.9228515625,0.16015625,-4.1640625,
0.964,2.2421875,1.12109375,-4.484375,
0.9645,1.521484375,2.0419921875,-4.64453125,
0.965,0.6806640625,2.9228515625,-4.64453125,
0.9655,-0.3203125,3.3232421875,-4.1640625,
0.966,-0.9208984375,3.84375,-4.0439453125,
0.9665,-1.8818359375,4.00390625,-3.283203125,
0.967,-2.5625,4.32421875,-2.72265625,
0.9675,-3.283203125,4.4443359375,-2.001953125,
0.968,-3.7236328125,4.244140625,-1.28125,
0.9685,-3.923828125,3.84375,-0.640625,
0.969,-4.1640625,3.4833984375,0.1201171875,
0.9695,-4.1640625,2.5625,1.12109375,
0.97,-4.2041015625,2.0419921875,1.76171875,
0.9705,-4.2041015625,1.3212890625,2.5625,
0.971,-3.7236328125,0.6005859375,2.8427734375,
0.9715,-3.603515625,0,3.36328125,
0.972,-2.8828125,-0.8408203125,3.4833984375,
0.9725,-2.3623046875,-1.6416015625,3.763671875,
0.973,-1.5615234375,-2.5224609375,3.763671875,
0.9735,-0.880859375,-3.203125,3.7236328125,
0.974,0,-3.5634765625,3.2431640625,
0.9745,0.5205078125,-4.00390625,3.1630859375,
0.975,1.3212890625,-4.1240234375,2.482421875,
0.9755,1.921875,-4.4443359375,2.162109375,
0.976,2.5625,-4.564453125,1.4814453125,
0.9765,2.8427734375,-4.2841796875,0.880859375,
0.977,3.203125,-4.1640625,0.2802734375,
0.9775,3.3232421875,-3.603515625,-0.5205078125,
0.978,3.5634765625,-3.0830078125,-1.361328125,
0.9785,3.6435546875,-2.482421875,-2.1220703125,
0.979,3.68359375,-1.8818359375,-2.8427734375,
0.9795,3.283203125,-1.201171875,-3.1630859375,
0.98,3.203125,-0.640625,-3.763671875,
0.9805,2.482421875,0.3603515625,-3.923828125,
0.981,2.0419921875,1.201171875,-4.3642578125,
0.9815,1.201171875,2.0419921875,-4.3642578125,
0.982,0.560546875,2.6826171875,-4.2841796875,
0.9825,-0.3203125,3.1630859375,-4.00390625,
0.983,-0.9609375,3.6435546875,-3.8037109375,
0.9835,-1.8818359375,3.9638671875,-3.0830078125,
0.984,-2.5224609375,4.2841796875,-2.6826171875,
0.9845,-3.203125,4.32421875,-1.9619140625,
0.985,-3.5234375,3.9638671875,-1.28125,
0.9855,-3.8837890625,3.84375,-0.640625,
0.986,-4.00390625,3.0830078125,0.4404296875,
0.9865,-4.244140625,2.5224609375,1.28125,
0.987,-4.2041015625,1.841796875,1.9619140625,
0.9875,-4.1640625,1.2412109375,2.6025390625,
0.988,-3.7236328125,0.4404296875,3.0029296875,
0.9885,-3.4833984375,-0.3203125,3.443359375,
0.989,-2.5625,-1.361328125,3.603515625,
0.9895,-1.9619140625,-2.2021484375,3.84375,
0.99,-1.041015625,-3.0029296875,3.7236328125,
0.9905,-0.3203125,-3.4833984375,3.4833984375,
0.991,0.4404296875,-3.84375,3.1630859375,
0.9915,1.1611328125,-4.1640625,2.6025390625,
0.992,1.9619140625,-4.404296875,2.001953125,
0.9925,2.482421875,-4.4443359375,1.44140625,
0.993,2.962890625,-4.4443359375,0.8408203125,
0.9935,3.0830078125,-3.923828125,0.16015625,
0.994,3.36328125,-3.7236328125,-0.5205078125,
0.9945,3.36328125,-2.7626953125,-1.4814453125,
0.995,3.5634765625,-2.40234375,-2.1220703125,
0.9955,3.3232421875,-1.681640625,-2.72265625,
0.996,3.203125,-1.12109375,-3.203125,
0.9965,2.802734375,-0.48046875,-3.5234375,
0.997,2.482421875,0.240234375,-3.8037109375,
0.9975,1.76171875,1.201171875,-4.00390625,
0.998,1.28125,1.8017578125,-4.2041015625,
0.9985,0.48046875,2.5224609375,-4.1240234375,
0.999,-0.240234375,2.9228515625,-3.84375,
0.9995,-0.8408203125,3.4033203125,-3.68359375,