Date,2021-01-13 11:15:04
Filename,STFCB-20201012-0105-0159_20210113_111404_002.dat
Data Label,베어링불량
Label No,01
Motor Spec,L-SF-04,1760,2.2,4.7,
Period,1SEC
Sample Rate,2000
RMS,3.15382,3.45705,3.20632,
Data Length,2000,
0,2.7626953125,0.400390625,-4.244140625,
0.0005,2.2021484375,1.3212890625,-4.6044921875,
0.001,1.4013671875,2.40234375,-4.884765625,
0.0015,0.720703125,2.962890625,-4.7646484375,
0.002,-0.2802734375,3.68359375,-4.5244140625,
0.0025,-1.1611328125,3.9638671875,-3.84375,
0.003,-1.8818359375,4.404296875,-3.5234375,
0.0035,-2.8828125,4.6044921875,-2.6826171875,
0.004,-3.443359375,4.7646484375,-2.2421875,
0.0045,-3.763671875,4.484375,-1.4814453125,
0.005,-4.1640625,4.2041015625,-0.720703125,
0.0055,-4.2041015625,3.443359375,0.240234375,
0.006,-4.4443359375,2.8828125,1.041015625,
0.0065,-4.5244140625,1.921875,2.2021484375,
0.007,-4.3642578125,1.44140625,2.5625,
0.0075,-4.0439453125,0.6005859375,3.203125,
0.008,-3.4833984375,-0.3203125,3.443359375,
0.0085,-2.962890625,-1.12109375,3.8037109375,
0.009,-2.2021484375,-2.08203125,3.9638671875,
0.0095,-1.5615234375,-2.9228515625,4.2041015625,
0.01,-0.720703125,-3.4033203125,3.8037109375,
0.0105,0.080078125,-4.00390625,3.6435546875,
0.011,0.9208984375,-4.1640625,2.8828125,
0.0115,1.5615234375,-4.5244140625,2.6025390625,
0.012,2.4423828125,-4.8046875,1.8017578125,
0.0125,2.802734375,-4.8447265625,1.44140625,
0.013,3.1630859375,-4.5244140625,0.7607421875,
0.0135,3.3232421875,-4.1640625,0.1201171875,
0.014,3.4833984375,-3.5634765625,-0.80078125,
0.0145,3.603515625,-2.962890625,-1.5615234375,
0.015,3.763671875,-2.322265625,-2.40234375,
0.0155,3.5634765625,-1.841796875,-2.7626953125,
0.016,3.443359375,-1.0810546875,-3.443359375,
0.0165,2.802734375,-0.2802734375,-3.68359375,
0.017,2.482421875,0.6005859375,-4.1640625,
0.0175,1.76171875,1.5615234375,-4.404296875,
0.018,1.3212890625,2.2822265625,-4.6845703125,
0.0185,0.400390625,2.8828125,-4.32421875,
0.019,-0.400390625,3.4833984375,-4.1640625,
0.0195,-1.28125,3.8037109375,-3.5634765625,
0.02,-1.9619140625,4.1640625,-3.283203125,
0.0205,-2.8828125,4.5244140625,-2.642578125,
0.021,-3.203125,4.4443359375,-2.2021484375,
0.0215,-3.7236328125,4.3642578125,-1.4013671875,
0.022,-3.8837890625,3.84375,-0.640625,
0.0225,-4.1640625,3.283203125,0.3603515625,
0.023,-4.3642578125,2.5224609375,1.361328125,
0.0235,-4.5244140625,1.9619140625,2.2021484375,
0.024,-4.1240234375,1.201171875,2.5625,
0.0245,-3.923828125,0.4404296875,3.2431640625,
0.025,-3.203125,-0.6005859375,3.443359375,
0.0255,-2.802734375,-1.44140625,3.8837890625,
0.026,-1.921875,-2.5224609375,4.1240234375,
0.0265,-1.2412109375,-3.203125,4.083984375,
0.027,-0.2802734375,-3.7236328125,3.5634765625,
0.0275,0.48046875,-4.1640625,3.283203125,
0.028,1.28125,-4.3642578125,2.642578125,
0.0285,2.0419921875,-4.6845703125,2.162109375,
0.029,2.8427734375,-4.96484375,1.4814453125,
0.0295,3.04296875,-4.484375,0.8408203125,
0.03,3.4033203125,-4.32421875,0.240234375,
0.0305,3.36328125,-3.5634765625,-0.640625,
0.031,3.5634765625,-3.0830078125,-1.44140625,
0.0315,3.603515625,-2.2822265625,-2.2822265625,
0.032,3.68359375,-1.841796875,-2.8828125,
0.0325,3.1630859375,-1.041015625,-3.203125,
0.033,2.962890625,-0.400390625,-3.68359375,
0.0335,2.2822265625,0.560546875,-3.84375,
0.034,1.921875,1.28125,-4.244140625,
0.0345,1.201171875,2.2822265625,-4.5244140625,
0.035,0.5205078125,2.72265625,-4.32421875,
0.0355,-0.3603515625,3.3232421875,-4.0439453125,
0.036,-1.041015625,3.5634765625,-3.603515625,
0.0365,-1.76171875,3.923828125,-3.203125,
0.037,-2.5224609375,4.2041015625,-2.72265625,
0.0375,-3.203125,4.5244140625,-2.2421875,
0.038,-3.36328125,4.1240234375,-1.5615234375,
0.0385,-3.84375,4.083984375,-0.9609375,
0.039,-3.8837890625,3.283203125,0.080078125,
0.0395,-4.244140625,2.8828125,0.9208984375,
0.04,-4.3642578125,2.0419921875,1.921875,
0.0405,-4.3642578125,1.6015625,2.40234375,
0.041,-3.923828125,0.6806640625,2.962890625,
0.0415,-3.603515625,-0.1201171875,3.443359375,
0.042,-2.9228515625,-1.0810546875,3.7236328125,
0.0425,-2.40234375,-1.9619140625,4.083984375,
0.043,-1.6015625,-3.04296875,4.2841796875,
0.0435,-0.6806640625,-3.5234375,3.84375,
0.044,0.240234375,-4.2041015625,3.603515625,
0.0445,1.0009765625,-4.4443359375,2.962890625,
0.045,1.8017578125,-4.7646484375,2.4423828125,
0.0455,2.6025390625,-4.96484375,1.8017578125,
0.046,3.2431640625,-5.0048828125,1.12109375,
0.0465,3.4033203125,-4.404296875,0.2802734375,
0.047,3.763671875,-4.2041015625,-0.3603515625,
0.0475,3.7236328125,-3.203125,-1.4013671875,
0.048,3.84375,-2.6826171875,-2.2021484375,
0.0485,3.8837890625,-1.8017578125,-3.1630859375,
0.049,3.5234375,-1.0810546875,-3.5634765625,
0.0495,3.0830078125,-0.240234375,-4.00390625,
0.05,2.5625,0.6005859375,-4.1640625,
0.0505,1.8818359375,1.4814453125,-4.4443359375,
0.051,1.2412109375,2.322265625,-4.64453125,
0.0515,0.4404296875,3.203125,-4.6845703125,
0.052,-0.6005859375,3.4833984375,-4.0439453125,
0.0525,-1.2412109375,3.9638671875,-3.84375,
0.053,-2.08203125,4.1240234375,-3.0830078125,
0.0535,-2.72265625,4.4443359375,-2.642578125,
0.054,-3.443359375,4.6044921875,-2.001953125,
0.0545,-3.84375,4.404296875,-1.3212890625,
0.055,-3.9638671875,3.8837890625,-0.6005859375,
0.0555,-4.1640625,3.5234375,0.1201171875,
0.056,-4.2041015625,2.6025390625,1.12109375,
0.0565,-4.32421875,2.162109375,1.8017578125,
0.057,-4.3642578125,1.4013671875,2.6826171875,
0.0575,-3.8837890625,0.640625,2.962890625,
0.058,-3.603515625,-0.2001953125,3.4833984375,
0.0585,-2.9228515625,-1.0009765625,3.68359375,
0.059,-2.4423828125,-1.841796875,4.00390625,
0.0595,-1.681640625,-2.72265625,4.1240234375,
0.06,-0.9609375,-3.5634765625,4.1240234375,
0.0605,0.1201171875,-3.923828125,3.4833984375,
0.061,0.720703125,-4.5244140625,3.3232421875,
0.0615,1.681640625,-4.564453125,2.5224609375,
0.062,2.2822265625,-4.96484375,2.162109375,
0.0625,3.0830078125,-5.0849609375,1.44140625,
0.063,3.4033203125,-4.724609375,0.6806640625,
0.0635,3.6435546875,-4.3642578125,0,
0.064,3.84375,-3.8037109375,-0.9208984375,
0.0645,3.9638671875,-2.9228515625,-1.9619140625,
0.065,3.9638671875,-2.3623046875,-2.6826171875,
0.0655,3.9638671875,-1.5615234375,-3.5634765625,
0.066,3.36328125,-0.640625,-3.8837890625,
0.0665,3.0830078125,0.2001953125,-4.3642578125,
0.067,2.2021484375,1.28125,-4.5244140625,
0.0675,1.6416015625,2.162109375,-4.884765625,
0.068,0.7607421875,3.0029296875,-4.884765625,
0.0685,-0.2001953125,3.68359375,-4.64453125,
0.069,-1.1611328125,4.00390625,-4.00390625,
0.0695,-1.8818359375,4.484375,-3.6435546875,
0.07,-3.0029296875,4.724609375,-2.642578125,
0.0705,-3.443359375,4.8046875,-2.2421875,
0.071,-4.1240234375,4.8046875,-1.44140625,
0.0715,-4.2841796875,4.2041015625,-0.640625,
0.072,-4.4443359375,3.7236328125,0.2001953125,
0.0725,-4.5244140625,2.8427734375,1.28125,
0.073,-4.564453125,2.0419921875,2.2421875,
0.0735,-4.4443359375,1.361328125,2.7626953125,
0.074,-4.2841796875,0.6005859375,3.4833984375,
0.0745,-3.5234375,-0.400390625,3.6435546875,
0.075,-3.203125,-1.1611328125,4.00390625,
0.0755,-2.1220703125,-2.2822265625,4.1240234375,
0.076,-1.6015625,-3.0830078125,4.32421875,
0.0765,-0.640625,-3.84375,4.1240234375,
0.077,0.2001953125,-4.32421875,3.763671875,
0.0775,1.041015625,-4.5244140625,3.1630859375,
0.078,1.76171875,-4.8447265625,2.6826171875,
0.0785,2.72265625,-5.044921875,1.8017578125,
0.079,3.0830078125,-5.0048828125,1.4013671875,
0.0795,3.68359375,-4.96484375,0.640625,
0.08,3.7236328125,-4.32421875,-0.2001953125,
0.0805,3.9638671875,-3.8837890625,-0.9208984375,
0.081,3.9638671875,-2.9228515625,-2.001953125,
0.0815,4.1240234375,-2.40234375,-2.7626953125,
0.082,3.8837890625,-1.6416015625,-3.36328125,
0.0825,3.7236328125,-0.8408203125,-4.00390625,
0.083,2.962890625,0.1201171875,-4.2041015625,
0.0835,2.6025390625,0.9208984375,-4.6845703125,
0.084,1.6015625,2.08203125,-4.884765625,
0.0845,1.12109375,2.802734375,-5.0849609375,
0.085,0.080078125,3.603515625,-4.8447265625,
0.0855,-0.880859375,4.1240234375,-4.404296875,
0.086,-1.7216796875,4.484375,-3.84375,
0.0865,-2.6025390625,4.884765625,-3.203125,
0.087,-3.603515625,5.0849609375,-2.40234375,
0.0875,-3.923828125,4.96484375,-1.8017578125,
0.088,-4.564453125,4.8046875,-1.0009765625,
0.0885,-4.564453125,4.00390625,0.0400390625,
0.089,-4.8447265625,3.5234375,0.880859375,
0.0895,-4.884765625,2.3623046875,2.2021484375,
0.09,-4.9248046875,1.7216796875,2.962890625,
0.0905,-4.5244140625,0.80078125,3.4833984375,
0.091,-4.2041015625,-0.2001953125,4.1240234375,
0.0915,-3.2431640625,-1.2412109375,4.244140625,
0.092,-2.7626953125,-2.162109375,4.6044921875,
0.0925,-1.6015625,-3.5634765625,4.7646484375,
0.093,-0.8408203125,-4.1240234375,4.5244140625,
0.0935,0.2802734375,-4.724609375,4.1240234375,
0.094,1.1611328125,-5.0849609375,3.5234375,
0.0945,1.9619140625,-5.1650390625,2.8427734375,
0.095,2.9228515625,-5.4453125,2.001953125,
0.0955,3.8037109375,-5.525390625,1.1611328125,
0.096,3.9638671875,-5.044921875,0.4404296875,
0.0965,4.404296875,-4.8046875,-0.400390625,
0.097,4.2041015625,-3.84375,-1.3212890625,
0.0975,4.32421875,-3.2431640625,-2.08203125,
0.098,4.244140625,-2.08203125,-3.203125,
0.0985,4.1240234375,-1.5615234375,-3.8037109375,
0.099,3.5634765625,-0.6005859375,-4.2041015625,
0.0995,3.1630859375,0.2802734375,-4.6044921875,
0.1,2.322265625,1.12109375,-4.6845703125,
0.1005,1.76171875,1.9619140625,-4.96484375,
0.101,0.880859375,3.123046875,-5.1650390625,
0.1015,0.16015625,3.603515625,-4.8447265625,
0.102,-0.9208984375,4.32421875,-4.5244140625,
0.1025,-1.7216796875,4.484375,-3.8837890625,
0.103,-2.4423828125,4.8046875,-3.36328125,
0.1035,-3.36328125,5.044921875,-2.5625,
0.104,-4.0439453125,5.1650390625,-1.9619140625,
0.1045,-4.244140625,4.724609375,-1.201171875,
0.105,-4.7646484375,4.484375,-0.400390625,
0.1055,-4.6845703125,3.5634765625,0.6005859375,
0.106,-4.884765625,3.04296875,1.4814453125,
0.1065,-4.96484375,1.921875,2.6826171875,
0.107,-4.8447265625,1.4013671875,3.1630859375,
0.1075,-4.3642578125,0.3603515625,3.84375,
0.108,-3.84375,-0.640625,4.2041015625,
0.1085,-3.04296875,-1.681640625,4.4443359375,
0.109,-2.3623046875,-2.642578125,4.6845703125,
0.1095,-1.361328125,-3.84375,4.9248046875,
0.11,-0.3603515625,-4.2841796875,4.32421875,
0.1105,0.640625,-5.0048828125,4.0439453125,
0.111,1.5615234375,-5.125,3.2431640625,
0.1115,2.3623046875,-5.4052734375,2.6025390625,
0.112,3.36328125,-5.60546875,1.7216796875,
0.1125,4.0439453125,-5.60546875,0.9208984375,
0.113,4.1640625,-4.8447265625,0,
0.1135,4.484375,-4.564453125,-0.80078125,
0.114,4.32421875,-3.4833984375,-1.8017578125,
0.1145,4.404296875,-2.802734375,-2.642578125,
0.115,4.404296875,-1.681640625,-3.8037109375,
0.1155,3.9638671875,-0.9609375,-4.2041015625,
0.116,3.36328125,0.080078125,-4.64453125,
0.1165,2.6826171875,0.880859375,-4.8046875,
0.117,1.921875,1.76171875,-4.96484375,
0.1175,1.201171875,2.72265625,-5.125,
0.118,0.3203125,3.763671875,-5.205078125,
0.1185,-0.80078125,4.083984375,-4.4443359375,
0.119,-1.4814453125,4.6044921875,-4.1640625,
0.1195,-2.2822265625,4.6044921875,-3.36328125,
0.12,-3.0029296875,4.8447265625,-2.8427734375,
0.1205,-3.8837890625,5.044921875,-2.0419921875,
0.121,-4.2841796875,4.8046875,-1.3212890625,
0.1215,-4.4443359375,4.2841796875,-0.5205078125,
0.122,-4.6044921875,3.84375,0.240234375,
0.1225,-4.6044921875,2.962890625,1.201171875,
0.123,-4.6845703125,2.3623046875,2.001953125,
0.1235,-4.7646484375,1.44140625,3.0029296875,
0.124,-4.244140625,0.720703125,3.2431640625,
0.1245,-3.923828125,-0.240234375,3.84375,
0.125,-3.203125,-1.1611328125,4.00390625,
0.1255,-2.642578125,-1.9619140625,4.3642578125,
0.126,-1.8017578125,-2.962890625,4.484375,
0.1265,-1.0009765625,-3.8037109375,4.5244140625,
0.127,0.1201171875,-4.2041015625,3.84375,
0.1275,0.80078125,-4.8046875,3.68359375,
0.128,1.76171875,-4.884765625,2.8427734375,
0.1285,2.40234375,-5.2451171875,2.40234375,
0.129,3.36328125,-5.4453125,1.5615234375,
0.1295,3.763671875,-5.125,0.7607421875,
0.13,4.00390625,-4.64453125,0,
0.1305,4.1240234375,-4.1240234375,-0.9208984375,
0.131,4.2041015625,-3.203125,-1.9619140625,
0.1315,4.2841796875,-2.5224609375,-2.7626953125,
0.132,4.32421875,-1.681640625,-3.8037109375,
0.1325,3.603515625,-0.7607421875,-4.1240234375,
0.133,3.2431640625,0.1201171875,-4.64453125,
0.1335,2.40234375,1.201171875,-4.724609375,
0.134,1.8017578125,2.1220703125,-5.044921875,
0.1345,0.9208984375,3.123046875,-5.125,
0.135,0,3.84375,-4.9248046875,
0.1355,-1.0810546875,4.1640625,-4.2041015625,
0.136,-1.76171875,4.6044921875,-3.8837890625,
0.1365,-2.8427734375,4.7646484375,-2.8828125,
0.137,-3.36328125,4.9248046875,-2.4423828125,
0.1375,-4.1640625,5.044921875,-1.6416015625,
0.138,-4.32421875,4.404296875,-0.80078125,
0.1385,-4.5244140625,4.00390625,0,
0.139,-4.564453125,3.1630859375,0.9208984375,
0.1395,-4.64453125,2.3623046875,1.921875,
0.14,-4.564453125,1.6015625,2.5625,
0.1405,-4.484375,0.8408203125,3.3232421875,
0.141,-3.7236328125,-0.16015625,3.5234375,
0.1415,-3.4833984375,-0.80078125,4.00390625,
0.142,-2.5224609375,-1.8017578125,4.083984375,
0.1425,-2.0419921875,-2.5625,4.32421875,
0.143,-1.0810546875,-3.4833984375,4.32421875,
0.1435,-0.2802734375,-4.00390625,3.923828125,
0.144,0.6806640625,-4.3642578125,3.4033203125,
0.1445,1.3212890625,-4.6845703125,3.0029296875,
0.145,2.2421875,-4.884765625,2.2021484375,
0.1455,2.72265625,-5.044921875,1.841796875,
0.146,3.443359375,-5.125,1.12109375,
0.1465,3.5234375,-4.484375,0.2802734375,
0.147,3.84375,-4.244140625,-0.4404296875,
0.1475,3.84375,-3.36328125,-1.44140625,
0.148,4.0439453125,-2.8828125,-2.2421875,
0.1485,3.9638671875,-2.1220703125,-2.962890625,
0.149,3.84375,-1.44140625,-3.6435546875,
0.1495,3.1630859375,-0.4404296875,-3.923828125,
0.15,2.9228515625,0.3203125,-4.404296875,
0.1505,2.0419921875,1.44140625,-4.564453125,
0.151,1.5615234375,2.2021484375,-4.9248046875,
0.1515,0.640625,3.1630859375,-4.8447265625,
0.152,-0.3203125,3.6435546875,-4.4443359375,
0.1525,-1.1611328125,4.1240234375,-4.00390625,
0.153,-2.001953125,4.484375,-3.443359375,
0.1535,-2.8828125,4.724609375,-2.7626953125,
0.154,-3.36328125,4.8046875,-2.2822265625,
0.1545,-4.00390625,4.7646484375,-1.4814453125,
0.155,-4.1240234375,4.083984375,-0.640625,
0.1555,-4.484375,3.763671875,0.16015625,
0.156,-4.484375,2.6025390625,1.361328125,
0.1565,-4.6044921875,2.162109375,2.0419921875,
0.157,-4.484375,1.28125,2.802734375,
0.1575,-4.1640625,0.560546875,3.3232421875,
0.158,-3.5234375,-0.400390625,3.603515625,
0.1585,-3.04296875,-1.2412109375,3.9638671875,
0.159,-2.1220703125,-2.3623046875,4.1640625,
0.1595,-1.5615234375,-3.0029296875,4.244140625,
0.16,-0.640625,-3.8037109375,4.083984375,
0.1605,0.3203125,-4.1240234375,3.4833984375,
0.161,1.0810546875,-4.5244140625,3.0830078125,
0.1615,1.9619140625,-4.724609375,2.2822265625,
0.162,2.642578125,-4.9248046875,1.76171875,
0.1625,3.04296875,-4.8046875,1.2412109375,
0.163,3.4833984375,-4.64453125,0.5205078125,
0.1635,3.443359375,-3.923828125,-0.3203125,
0.164,3.68359375,-3.68359375,-0.9609375,
0.1645,3.6435546875,-2.6025390625,-2.0419921875,
0.165,3.763671875,-2.322265625,-2.5625,
0.1655,3.5634765625,-1.44140625,-3.203125,
0.166,3.1630859375,-0.7607421875,-3.5634765625,
0.1665,2.6826171875,0.080078125,-3.8837890625,
0.167,2.2021484375,0.9208984375,-4.1640625,
0.1675,1.5615234375,1.8017578125,-4.5244140625,
0.168,1.0009765625,2.40234375,-4.5244140625,
0.1685,0.2001953125,3.123046875,-4.404296875,
0.169,-0.640625,3.443359375,-3.84375,
0.1695,-1.3212890625,3.923828125,-3.68359375,
0.17,-2.2421875,4.1240234375,-2.9228515625,
0.1705,-2.72265625,4.484375,-2.6826171875,
0.171,-3.2431640625,4.4443359375,-2.001953125,
0.1715,-3.603515625,4.1640625,-1.361328125,
0.172,-3.84375,3.6435546875,-0.6005859375,
0.1725,-4.1240234375,3.2431640625,0.2802734375,
0.173,-4.32421875,2.40234375,1.3212890625,
0.1735,-4.404296875,2.0419921875,1.921875,
0.174,-4.2841796875,1.28125,2.6826171875,
0.1745,-3.8037109375,0.48046875,3.04296875,
0.175,-3.443359375,-0.400390625,3.5234375,
0.1755,-2.72265625,-1.4814453125,3.84375,
0.176,-2.162109375,-2.40234375,4.2041015625,
0.1765,-1.28125,-3.0830078125,4.00390625,
0.177,-0.48046875,-3.763671875,3.84375,
0.1775,0.48046875,-4.0439453125,3.203125,
0.178,1.201171875,-4.5244140625,2.8828125,
0.1785,2.2421875,-4.7646484375,2.0419921875,
0.179,2.6826171875,-4.884765625,1.6015625,
0.1795,3.1630859375,-4.6845703125,0.9208984375,
0.18,3.4033203125,-4.32421875,0.16015625,
0.1805,3.5234375,-3.7236328125,-0.720703125,
0.181,3.68359375,-3.0830078125,-1.6416015625,
0.1815,3.8037109375,-2.2822265625,-2.5224609375,
0.182,3.603515625,-1.681640625,-2.9228515625,
0.1825,3.36328125,-0.9208984375,-3.603515625,
0.183,2.6826171875,-0.1201171875,-3.7236328125,
0.1835,2.3623046875,0.6806640625,-4.1640625,
0.184,1.521484375,1.76171875,-4.3642578125,
0.1845,1.041015625,2.482421875,-4.564453125,
0.185,0.16015625,3.0029296875,-4.2041015625,
0.1855,-0.6005859375,3.5234375,-3.9638671875,
0.186,-1.361328125,3.7236328125,-3.36328125,
0.1865,-2.001953125,4.083984375,-3.04296875,
0.187,-2.8427734375,4.32421875,-2.40234375,
0.1875,-3.123046875,4.2841796875,-2.001953125,
0.188,-3.5634765625,4.1240234375,-1.3212890625,
0.1885,-3.68359375,3.5634765625,-0.640625,
0.189,-4.00390625,3.1630859375,0.2001953125,
0.1895,-4.083984375,2.4423828125,1.201171875,
0.19,-4.2841796875,1.9619140625,1.921875,
0.1905,-4.0439453125,1.361328125,2.3623046875,
0.191,-3.923828125,0.6806640625,2.962890625,
0.1915,-3.2431640625,-0.2802734375,3.203125,
0.192,-2.962890625,-1.041015625,3.763671875,
0.1925,-2.1220703125,-2.1220703125,3.9638671875,
0.193,-1.6015625,-2.802734375,4.083984375,
0.1935,-0.640625,-3.4833984375,3.763671875,
0.194,0.16015625,-3.9638671875,3.4833984375,
0.1945,0.9609375,-4.2841796875,2.9228515625,
0.195,1.76171875,-4.64453125,2.482421875,
0.1955,2.6025390625,-5.0048828125,1.841796875,
0.196,2.9228515625,-4.8046875,1.28125,
0.1965,3.4833984375,-4.6845703125,0.560546875,
0.197,3.5234375,-4.00390625,-0.400390625,
0.1975,3.763671875,-3.4833984375,-1.2412109375,
0.198,3.84375,-2.5625,-2.2822265625,
0.1985,3.9638671875,-2.001953125,-2.962890625,
0.199,3.4833984375,-1.1611328125,-3.4033203125,
0.1995,3.203125,-0.400390625,-3.9638671875,
0.2,2.482421875,0.560546875,-4.1640625,
0.2005,2.0419921875,1.4013671875,-4.5244140625,
0.201,1.12109375,2.5625,-4.8046875,
0.2015,0.400390625,3.123046875,-4.564453125,
0.202,-0.6005859375,3.7236328125,-4.2041015625,
0.2025,-1.3212890625,3.9638671875,-3.7236328125,
0.203,-2.0419921875,4.244140625,-3.1630859375,
0.2035,-2.8828125,4.484375,-2.5224609375,
0.204,-3.6435546875,4.64453125,-1.921875,
0.2045,-3.8037109375,4.1240234375,-1.1611328125,
0.205,-4.1640625,3.9638671875,-0.5205078125,
0.2055,-4.083984375,3.1630859375,0.4404296875,
0.206,-4.2841796875,2.642578125,1.2412109375,
0.2065,-4.3642578125,1.76171875,2.2421875,
0.207,-4.2041015625,1.201171875,2.72265625,
0.2075,-3.763671875,0.3603515625,3.1630859375,
0.208,-3.36328125,-0.400390625,3.4833984375,
0.2085,-2.72265625,-1.2412109375,3.68359375,
0.209,-2.2021484375,-2.08203125,3.9638671875,
0.2095,-1.4013671875,-3.0830078125,4.1240234375,
0.21,-0.6005859375,-3.4833984375,3.7236328125,
0.2105,0.2802734375,-4.083984375,3.5234375,
0.211,0.9609375,-4.244140625,2.8828125,
0.2115,1.6416015625,-4.564453125,2.5224609375,
0.212,2.5224609375,-4.8447265625,1.841796875,
0.2125,3.04296875,-4.96484375,1.28125,
0.213,3.2431640625,-4.5244140625,0.5205078125,
0.2135,3.603515625,-4.244140625,0,
0.214,3.603515625,-3.4033203125,-1.041015625,
0.2145,3.84375,-2.962890625,-1.841796875,
0.215,3.9638671875,-2.1220703125,-2.8427734375,
0.2155,3.7236328125,-1.6015625,-3.203125,
0.216,3.36328125,-0.640625,-3.84375,
0.2165,2.8427734375,0.2001953125,-4.1240234375,
0.217,2.2421875,1.0810546875,-4.484375,
0.2175,1.6416015625,2.0419921875,-4.7646484375,
0.218,0.8408203125,3.04296875,-4.96484375,
0.2185,-0.240234375,3.5234375,-4.3642578125,
0.219,-1.0009765625,4.1240234375,-4.2041015625,
0.2195,-1.841796875,4.32421875,-3.4833984375,
0.22,-2.6025390625,4.6044921875,-2.962890625,
0.2205,-3.5634765625,4.884765625,-2.2822265625,
0.221,-4.0439453125,4.724609375,-1.4814453125,
0.2215,-4.244140625,4.2041015625,-0.640625,
0.222,-4.5244140625,3.84375,0.1201171875,
0.2225,-4.5244140625,2.8427734375,1.28125,
0.223,-4.64453125,2.2421875,2.0419921875,
0.2235,-4.6845703125,1.28125,3.123046875,
0.224,-4.1240234375,0.4404296875,3.443359375,
0.2245,-3.7236328125,-0.48046875,3.8837890625,
0.225,-2.962890625,-1.3212890625,4.00390625,
0.2255,-2.2822265625,-2.2822265625,4.2841796875,
0.226,-1.44140625,-3.203125,4.3642578125,
0.2265,-0.6005859375,-4.0439453125,4.32421875,
0.227,0.48046875,-4.32421875,3.5234375,
0.2275,1.12109375,-4.7646484375,3.283203125,
0.228,2.162109375,-4.884765625,2.2822265625,
0.2285,2.72265625,-5.0849609375,1.841796875,
0.229,3.443359375,-5.205078125,1.0810546875,
0.2295,3.7236328125,-4.724609375,0.3203125,
0.23,3.84375,-4.2041015625,-0.48046875,
0.2305,3.9638671875,-3.68359375,-1.1611328125,
0.231,3.9638671875,-2.7626953125,-2.2021484375,
0.2315,3.923828125,-2.2021484375,-2.802734375,
0.232,3.923828125,-1.361328125,-3.68359375,
0.2325,3.2431640625,-0.5205078125,-3.923828125,
0.233,3.0029296875,0.2802734375,-4.404296875,
0.2335,2.2021484375,1.1611328125,-4.484375,
0.234,1.681640625,1.9619140625,-4.8447265625,
0.2345,0.880859375,2.9228515625,-4.884765625,
0.235,0.0400390625,3.603515625,-4.724609375,
0.2355,-1.0009765625,3.9638671875,-4.083984375,
0.236,-1.6015625,4.404296875,-3.84375,
0.2365,-2.642578125,4.564453125,-2.962890625,
0.237,-3.203125,4.8046875,-2.6025390625,
0.2375,-4.00390625,5.0048828125,-1.8017578125,
0.238,-4.244140625,4.484375,-1.0009765625,
0.2385,-4.5244140625,4.1240234375,-0.240234375,
0.239,-4.64453125,3.36328125,0.8408203125,
0.2395,-4.8046875,2.5224609375,1.921875,
0.24,-4.7646484375,1.841796875,2.6025390625,
0.2405,-4.6845703125,0.9609375,3.4833984375,
0.241,-3.923828125,-0.16015625,3.8037109375,
0.2415,-3.6435546875,-0.9208984375,4.2841796875,
0.242,-2.5625,-2.1220703125,4.484375,
0.2425,-1.9619140625,-3.04296875,4.724609375,
0.243,-0.9609375,-3.9638671875,4.6044921875,
0.2435,0.080078125,-4.6044921875,4.2841796875,
0.244,1.0810546875,-4.96484375,3.4833984375,
0.2445,1.921875,-5.365234375,3.0029296875,
0.245,3.123046875,-5.525390625,1.8818359375,
0.2455,3.4833984375,-5.4453125,1.361328125,
0.246,4.1640625,-5.3251953125,0.48046875,
0.2465,4.2841796875,-4.6044921875,-0.5205078125,
0.247,4.404296875,-4.00390625,-1.28125,
0.2475,4.404296875,-3.0029296875,-2.4423828125,
0.248,4.404296875,-2.08203125,-3.36328125,
0.2485,4.083984375,-1.361328125,-3.84375,
0.249,3.84375,-0.4404296875,-4.6044921875,
0.2495,2.8427734375,0.6005859375,-4.64453125,
0.25,2.4423828125,1.4013671875,-5.0048828125,
0.2505,1.28125,2.642578125,-5.125,
0.251,0.720703125,3.3232421875,-5.125,
0.2515,-0.3203125,4.00390625,-4.8447265625,
0.252,-1.2412109375,4.404296875,-4.3642578125,
0.2525,-2.0419921875,4.564453125,-3.6435546875,
0.253,-2.8427734375,4.8046875,-3.0830078125,
0.2535,-3.763671875,5.044921875,-2.2021484375,
0.254,-4.00390625,4.884765625,-1.681640625,
0.2545,-4.564453125,4.7646484375,-0.9208984375,
0.255,-4.564453125,3.9638671875,0,
0.2555,-4.8046875,3.5634765625,0.7607421875,
0.256,-4.7646484375,2.482421875,1.921875,
0.2565,-4.8447265625,1.921875,2.6826171875,
0.257,-4.5244140625,1.0810546875,3.2431640625,
0.2575,-4.2841796875,0.240234375,3.84375,
0.258,-3.4833984375,-0.80078125,4.0439453125,
0.2585,-3.0830078125,-1.6416015625,4.484375,
0.259,-1.9619140625,-2.9228515625,4.64453125,
0.2595,-1.44140625,-3.5634765625,4.64453125,
0.26,-0.3203125,-4.3642578125,4.404296875,
0.2605,0.640625,-4.8447265625,3.84375,
0.261,1.521484375,-5.1650390625,3.2431640625,
0.2615,2.482421875,-5.4052734375,2.5224609375,
0.262,3.4033203125,-5.6455078125,1.7216796875,
0.2625,3.68359375,-5.3251953125,1.0810546875,
0.263,4.32421875,-5.1650390625,0.16015625,
0.2635,4.2841796875,-4.2841796875,-0.8408203125,
0.264,4.484375,-3.8037109375,-1.7216796875,
0.2645,4.484375,-2.5625,-2.962890625,
0.265,4.484375,-1.921875,-3.68359375,
0.2655,3.9638671875,-0.9609375,-4.2041015625,
0.266,3.5634765625,0.0400390625,-4.7646484375,
0.2665,2.6025390625,1.0810546875,-4.8447265625,
0.267,2.0419921875,1.921875,-5.1650390625,
0.2675,0.9609375,3.2431640625,-5.3251953125,
0.268,0.240234375,3.68359375,-5.125,
0.2685,-0.9208984375,4.404296875,-4.64453125,
0.269,-1.6416015625,4.724609375,-4.0439453125,
0.2695,-2.5224609375,4.8447265625,-3.36328125,
0.27,-3.443359375,5.0849609375,-2.5224609375,
0.2705,-4.2041015625,5.1650390625,-1.8017578125,
0.271,-4.3642578125,4.6044921875,-1.0009765625,
0.2715,-4.7646484375,4.4443359375,-0.2802734375,
0.272,-4.6044921875,3.443359375,0.6806640625,
0.2725,-4.7646484375,2.8828125,1.44140625,
0.273,-4.724609375,1.76171875,2.642578125,
0.2735,-4.564453125,1.28125,3.0830078125,
0.274,-4.1240234375,0.3203125,3.5634765625,
0.2745,-3.6435546875,-0.5205078125,3.923828125,
0.275,-2.8828125,-1.44140625,4.1240234375,
0.2755,-2.2822265625,-2.2822265625,4.32421875,
0.276,-1.521484375,-3.36328125,4.6044921875,
0.2765,-0.6806640625,-3.84375,4.1240234375,
0.277,0.240234375,-4.64453125,3.8037109375,
0.2775,1.12109375,-4.64453125,3.203125,
0.278,1.841796875,-5.0048828125,2.802734375,
0.2785,2.7626953125,-5.1650390625,1.921875,
0.279,3.3232421875,-5.28515625,1.44140625,
0.2795,3.5634765625,-4.8447265625,0.640625,
0.28,3.9638671875,-4.64453125,0,
0.2805,3.9638671875,-3.8037109375,-1.12109375,
0.281,4.2041015625,-3.283203125,-1.8818359375,
0.2815,4.2841796875,-2.2822265625,-3.04296875,
0.282,4.1240234375,-1.8017578125,-3.443359375,
0.2825,3.7236328125,-0.7607421875,-4.1640625,
0.283,3.123046875,0.240234375,-4.4443359375,
0.2835,2.482421875,1.12109375,-4.8046875,
0.284,1.8017578125,2.2021484375,-5.0048828125,
0.2845,0.9609375,3.1630859375,-5.28515625,
0.285,0,3.6435546875,-4.7646484375,
0.2855,-1.0009765625,4.404296875,-4.5244140625,
0.286,-1.8818359375,4.5244140625,-3.7236328125,
0.2865,-2.6025390625,4.8447265625,-3.203125,
0.287,-3.6435546875,5.0849609375,-2.322265625,
0.2875,-4.2041015625,5.044921875,-1.6015625,
0.288,-4.4443359375,4.484375,-0.6806640625,
0.2885,-4.6845703125,4.1240234375,0.080078125,
0.289,-4.64453125,3.0830078125,1.12109375,
0.2895,-4.7646484375,2.40234375,1.9619140625,
0.29,-4.8447265625,1.44140625,3.123046875,
0.2905,-4.32421875,0.640625,3.443359375,
0.291,-3.8837890625,-0.3203125,3.9638671875,
0.2915,-3.1630859375,-1.1611328125,4.083984375,
0.292,-2.482421875,-2.1220703125,4.1640625,
0.2925,-1.6416015625,-3.0830078125,4.4443359375,
0.293,-0.8408203125,-3.9638671875,4.484375,
0.2935,0.2802734375,-4.2041015625,3.68359375,
0.294,0.9208984375,-4.724609375,3.5234375,
0.2945,1.76171875,-4.7646484375,2.6025390625,
0.295,2.40234375,-5.0048828125,2.2021484375,
0.2955,3.3232421875,-5.1650390625,1.3212890625,
0.296,3.5634765625,-4.884765625,0.6806640625,
0.2965,3.8037109375,-4.4443359375,-0.16015625,
0.297,3.84375,-3.923828125,-0.80078125,
0.2975,3.8837890625,-3.1630859375,-1.681640625,
0.298,3.9638671875,-2.482421875,-2.482421875,
0.2985,4.00390625,-1.76171875,-3.36328125,
0.299,3.4833984375,-1.041015625,-3.5634765625,
0.2995,3.2431640625,-0.2802734375,-4.1640625,
0.3,2.4423828125,0.6806640625,-4.2841796875,
0.3005,2.0419921875,1.4013671875,-4.724609375,
0.301,1.2412109375,2.4423828125,-4.8447265625,
0.3015,0.560546875,3.1630859375,-4.8447265625,
0.302,-0.5205078125,3.6435546875,-4.244140625,
0.3025,-1.1611328125,4.1640625,-4.0439453125,
0.303,-2.001953125,4.32421875,-3.283203125,
0.3035,-2.6826171875,4.6845703125,-2.9228515625,
0.304,-3.603515625,4.96484375,-2.2021484375,
0.3045,-3.84375,4.484375,-1.44140625,
0.305,-4.244140625,4.2841796875,-0.6806640625,
0.3055,-4.3642578125,3.5634765625,0.240234375,
0.306,-4.5244140625,2.8828125,1.201171875,
0.3065,-4.64453125,2.162109375,2.08203125,
0.307,-4.64453125,1.4013671875,2.9228515625,
0.3075,-4.00390625,0.5205078125,3.2431640625,
0.308,-3.8037109375,-0.3203125,3.84375,
0.3085,-2.8828125,-1.361328125,3.923828125,
0.309,-2.40234375,-2.2021484375,4.2841796875,
0.3095,-1.44140625,-3.203125,4.3642578125,
0.31,-0.640625,-3.84375,4.083984375,
0.3105,0.400390625,-4.244140625,3.5234375,
0.311,1.12109375,-4.64453125,3.1630859375,
0.3115,2.08203125,-4.8447265625,2.2822265625,
0.312,2.642578125,-5.0048828125,1.8818359375,
0.3125,3.443359375,-5.125,1.0810546875,
0.313,3.5234375,-4.484375,0.2802734375,
0.3135,3.84375,-4.2041015625,-0.4404296875,
0.314,3.763671875,-3.283203125,-1.361328125,
0.3145,3.8837890625,-2.72265625,-2.2021484375,
0.315,3.84375,-1.9619140625,-2.962890625,
0.3155,3.68359375,-1.2412109375,-3.603515625,
0.316,3.04296875,-0.3203125,-3.84375,
0.3165,2.72265625,0.3203125,-4.2041015625,
0.317,1.8818359375,1.28125,-4.32421875,
0.3175,1.4814453125,2.0419921875,-4.6044921875,
0.318,0.6005859375,2.9228515625,-4.64453125,
0.3185,-0.2802734375,3.3232421875,-4.1640625,
0.319,-1.0009765625,3.8037109375,-3.84375,
0.3195,-1.681640625,4.00390625,-3.3232421875,
0.32,-2.4423828125,4.2841796875,-2.802734375,
0.3205,-2.962890625,4.484375,-2.3623046875,
0.321,-3.5634765625,4.484375,-1.7216796875,
0.3215,-3.68359375,3.8837890625,-1.0009765625,
0.322,-4.00390625,3.8037109375,-0.400390625,
0.3225,-4.0439453125,2.8427734375,0.640625,
0.323,-4.32421875,2.482421875,1.3212890625,
0.3235,-4.2841796875,1.7216796875,2.2021484375,
0.324,-4.1240234375,1.1611328125,2.642578125,
0.3245,-3.6435546875,0.2802734375,3.0830078125,
0.325,-3.283203125,-0.560546875,3.4833984375,
0.3255,-2.642578125,-1.44140625,3.8037109375,
0.326,-2.1220703125,-2.2822265625,4.083984375,
0.3265,-1.28125,-3.123046875,4.1240234375,
0.327,-0.400390625,-3.5634765625,3.603515625,
0.3275,0.3603515625,-4.1640625,3.443359375,
0.328,1.28125,-4.404296875,2.72265625,
0.3285,1.9619140625,-4.8046875,2.3623046875,
0.329,2.642578125,-4.9248046875,1.76171875,
0.3295,3.1630859375,-4.8447265625,1.0810546875,
0.33,3.3232421875,-4.244140625,0.240234375,
0.3305,3.68359375,-4.00390625,-0.5205078125,
0.331,3.7236328125,-2.962890625,-1.6416015625,
0.3315,3.8837890625,-2.5625,-2.2822265625,
0.332,3.84375,-1.7216796875,-3.1630859375,
0.3325,3.4033203125,-1.0009765625,-3.5634765625,
0.333,2.8828125,-0.16015625,-3.923828125,
0.3335,2.322265625,0.8408203125,-4.2041015625,
0.334,1.6416015625,1.841796875,-4.5244140625,
0.3345,1.0009765625,2.5224609375,-4.564453125,
0.335,0.16015625,3.2431640625,-4.484375,
0.3355,-0.80078125,3.5634765625,-3.84375,
0.336,-1.44140625,3.9638671875,-3.5634765625,
0.3365,-2.4423828125,4.2041015625,-2.72265625,
0.337,-2.8828125,4.404296875,-2.3623046875,
0.3375,-3.4033203125,4.404296875,-1.8017578125,
0.338,-3.7236328125,4.083984375,-1.12109375,
0.3385,-3.84375,3.5234375,-0.3603515625,
0.339,-4.0439453125,3.04296875,0.4404296875,
0.3395,-4.1240234375,2.2021484375,1.44140625,
0.34,-4.1640625,1.8017578125,1.9619140625,
0.3405,-4.0439453125,1.041015625,2.6826171875,
0.341,-3.5234375,0.2802734375,2.9228515625,
0.3415,-3.2431640625,-0.400390625,3.36328125,
0.342,-2.5224609375,-1.361328125,3.5634765625,
0.3425,-2.1220703125,-2.1220703125,3.8837890625,
0.343,-1.3212890625,-2.8427734375,3.84375,
0.3435,-0.6005859375,-3.4833984375,3.68359375,
0.344,0.2802734375,-3.8037109375,3.1630859375,
0.3445,0.9609375,-4.244140625,2.962890625,
0.345,1.921875,-4.5244140625,2.2021484375,
0.3455,2.322265625,-4.7646484375,1.921875,
0.346,2.9228515625,-4.724609375,1.2412109375,
0.3465,3.1630859375,-4.3642578125,0.560546875,
0.347,3.443359375,-3.9638671875,-0.2802734375,
0.3475,3.6435546875,-3.3232421875,-1.1611328125,
0.348,3.84375,-2.72265625,-2.08203125,
0.3485,3.8037109375,-2.2021484375,-2.6826171875,
0.349,3.68359375,-1.4013671875,-3.443359375,
0.3495,3.04296875,-0.5205078125,-3.7236328125,
0.35,2.7626953125,0.3603515625,-4.244140625,
0.3505,1.921875,1.521484375,-4.484375,
0.351,1.4013671875,2.322265625,-4.8046875,
0.3515,0.48046875,3.04296875,-4.564453125,
0.352,-0.400390625,3.68359375,-4.32421875,
0.3525,-1.28125,3.9638671875,-3.68359375,
0.353,-2.08203125,4.3642578125,-3.2431640625,
0.3535,-3.0830078125,4.6044921875,-2.4423828125,
0.354,-3.443359375,4.6044921875,-1.9619140625,
0.3545,-3.9638671875,4.4443359375,-1.2412109375,
0.355,-4.083984375,3.84375,-0.400390625,
0.3555,-4.244140625,3.3232421875,0.4404296875,
0.356,-4.3642578125,2.40234375,1.5615234375,
0.3565,-4.4443359375,1.7216796875,2.3623046875,
0.357,-4.1240234375,1.0009765625,2.802734375,
0.3575,-3.8837890625,0.2001953125,3.36328125,
0.358,-3.1630859375,-0.6806640625,3.5234375,
0.3585,-2.7626953125,-1.44140625,3.8837890625,
0.359,-1.76171875,-2.6025390625,4.0439453125,
0.3595,-1.2412109375,-3.203125,4.083984375,
0.36,-0.3203125,-3.763671875,3.68359375,
0.3605,0.48046875,-4.1640625,3.3232421875,
0.361,1.2412109375,-4.3642578125,2.72265625,
0.3615,2.001953125,-4.64453125,2.2021484375,
0.362,2.802734375,-4.8447265625,1.5615234375,
0.3625,3.0029296875,-4.64453125,1.041015625,
0.363,3.4833984375,-4.5244140625,0.3603515625,
0.3635,3.443359375,-3.8037109375,-0.48046875,
0.364,3.68359375,-3.4033203125,-1.1611328125,
0.3645,3.68359375,-2.5625,-2.2021484375,
0.365,3.84375,-2.162109375,-2.7626953125,
0.3655,3.443359375,-1.4013671875,-3.2431640625,
0.366,3.2431640625,-0.640625,-3.8037109375,
0.3665,2.5625,0.2802734375,-3.9638671875,
0.367,2.2021484375,1.12109375,-4.4443359375,
0.3675,1.4013671875,2.2421875,-4.6845703125,
0.368,0.80078125,2.802734375,-4.64453125,
0.3685,-0.2001953125,3.4833984375,-4.3642578125,
0.369,-1.0009765625,3.84375,-3.923828125,
0.3695,-1.76171875,4.2041015625,-3.5234375,
0.37,-2.6025390625,4.5244140625,-2.8828125,
0.3705,-3.36328125,4.8046875,-2.322265625,
0.371,-3.68359375,4.484375,-1.6416015625,
0.3715,-4.1640625,4.404296875,-0.9208984375,
0.372,-4.2041015625,3.5634765625,0.080078125,
0.3725,-4.5244140625,3.04296875,0.9609375,
0.373,-4.6044921875,2.001953125,2.162109375,
0.3735,-4.6044921875,1.4814453125,2.6826171875,
0.374,-4.1240234375,0.6005859375,3.283203125,
0.3745,-3.7236328125,-0.3203125,3.763671875,
0.375,-3.04296875,-1.28125,3.9638671875,
0.3755,-2.40234375,-2.162109375,4.2841796875,
0.376,-1.44140625,-3.36328125,4.484375,
0.3765,-0.6005859375,-3.84375,4.083984375,
0.377,0.3603515625,-4.484375,3.763671875,
0.3775,1.201171875,-4.64453125,3.0830078125,
0.378,1.9619140625,-4.884765625,2.5224609375,
0.3785,2.9228515625,-5.125,1.7216796875,
0.379,3.5634765625,-5.1650390625,1.0009765625,
0.3795,3.68359375,-4.5244140625,0.16015625,
0.38,4.00390625,-4.32421875,-0.5205078125,
0.3805,3.8837890625,-3.36328125,-1.44140625,
0.381,4.00390625,-2.802734375,-2.2421875,
0.3815,3.9638671875,-1.841796875,-3.3232421875,
0.382,3.68359375,-1.1611328125,-3.7236328125,
0.3825,3.203125,-0.240234375,-4.1640625,
0.383,2.6826171875,0.560546875,-4.3642578125,
0.3835,2.0419921875,1.361328125,-4.5244140625,
0.384,1.3212890625,2.2822265625,-4.7646484375,
0.3845,0.6005859375,3.2431640625,-4.9248046875,
0.385,-0.400390625,3.603515625,-4.32421875,
0.3855,-1.1611328125,4.2041015625,-4.1240234375,
0.386,-1.921875,4.2841796875,-3.36328125,
0.3865,-2.6025390625,4.6044921875,-2.9228515625,
0.387,-3.4833984375,4.8046875,-2.2021484375,
0.3875,-3.9638671875,4.724609375,-1.5615234375,
0.388,-4.1640625,4.2041015625,-0.80078125,
0.3885,-4.4443359375,3.8837890625,0,
0.389,-4.4443359375,3.0029296875,0.9208984375,
0.3895,-4.6044921875,2.40234375,1.76171875,
0.39,-4.6845703125,1.5615234375,2.8427734375,
0.3905,-4.2841796875,0.880859375,3.1630859375,
0.391,-3.9638671875,0,3.8037109375,
0.3915,-3.283203125,-1.0009765625,3.9638671875,
0.392,-2.72265625,-1.8818359375,4.32421875,
0.3925,-1.921875,-2.8828125,4.484375,
0.393,-1.0009765625,-3.8837890625,4.6044921875,
0.3935,0.1201171875,-4.2841796875,3.8837890625,
0.394,0.8408203125,-4.884765625,3.763671875,
0.3945,1.841796875,-5.044921875,2.802734375,
0.395,2.5625,-5.3251953125,2.2421875,
0.3955,3.5234375,-5.525390625,1.4013671875,
0.396,3.9638671875,-5.205078125,0.6005859375,
0.3965,4.1640625,-4.6845703125,-0.3603515625,
0.397,4.3642578125,-4.1640625,-1.1611328125,
0.3975,4.32421875,-3.0830078125,-2.322265625,
0.398,4.32421875,-2.3623046875,-3.0830078125,
0.3985,4.32421875,-1.361328125,-4.1640625,
0.399,3.603515625,-0.3603515625,-4.4443359375,
0.3995,3.1630859375,0.5205078125,-4.8447265625,
0.4,2.2822265625,1.5615234375,-4.96484375,
0.4005,1.521484375,2.5224609375,-5.205078125,
0.401,0.640625,3.4833984375,-5.205078125,
0.4015,-0.3203125,4.2841796875,-5.0849609375,
0.402,-1.361328125,4.484375,-4.1640625,
0.4025,-2.08203125,4.9248046875,-3.84375,
0.403,-3.203125,5.0048828125,-2.72265625,
0.4035,-3.7236328125,5.0849609375,-2.2021484375,
0.404,-4.484375,5.125,-1.44140625,
0.4045,-4.64453125,4.484375,-0.560546875,
0.405,-4.7646484375,3.923828125,0.2802734375,
0.4055,-4.8447265625,3.1630859375,1.12109375,
0.406,-4.7646484375,2.2421875,2.2021484375,
0.4065,-4.64453125,1.5615234375,2.802734375,
0.407,-4.564453125,0.720703125,3.68359375,
0.4075,-3.8037109375,-0.3203125,3.8037109375,
0.408,-3.5234375,-1.0009765625,4.2841796875,
0.4085,-2.5224609375,-2.001953125,4.32421875,
0.409,-1.9619140625,-2.8427734375,4.6044921875,
0.4095,-1.041015625,-3.7236328125,4.484375,
0.41,-0.2001953125,-4.3642578125,4.244140625,
0.4105,0.880859375,-4.6845703125,3.5634765625,
0.411,1.5615234375,-5.125,3.203125,
0.4115,2.6025390625,-5.28515625,2.2021484375,
0.412,3.0830078125,-5.4052734375,1.841796875,
0.4125,3.84375,-5.525390625,0.9609375,
0.413,4.0439453125,-4.884765625,0.080078125,
0.4135,4.2841796875,-4.484375,-0.720703125,
0.414,4.32421875,-3.5634765625,-1.76171875,
0.4145,4.484375,-2.72265625,-2.7626953125,
0.415,4.32421875,-2.001953125,-3.443359375,
0.4155,4.1640625,-1.0810546875,-4.32421875,
0.416,3.3232421875,0.0400390625,-4.5244140625,
0.4165,3.04296875,0.8408203125,-5.0048828125,
0.417,1.921875,2.1220703125,-5.125,
0.4175,1.28125,2.9228515625,-5.4052734375,
0.418,0.2802734375,3.84375,-5.1650390625,
0.4185,-0.80078125,4.484375,-4.8046875,
0.419,-1.8017578125,4.724609375,-4.00390625,
0.4195,-2.6025390625,5.0849609375,-3.4833984375,
0.42,-3.7236328125,5.2451171875,-2.4423828125,
0.4205,-4.083984375,5.0849609375,-1.921875,
0.421,-4.724609375,5.0048828125,-1.0009765625,
0.4215,-4.7646484375,4.1640625,0,
0.422,-4.884765625,3.68359375,0.7607421875,
0.4225,-4.9248046875,2.5625,2.001953125,
0.423,-4.884765625,1.76171875,2.8427734375,
0.4235,-4.5244140625,0.9609375,3.3232421875,
0.424,-4.244140625,0.1201171875,3.9638671875,
0.4245,-3.36328125,-0.9609375,4.083984375,
0.425,-2.9228515625,-1.681640625,4.4443359375,
0.4255,-1.8017578125,-2.962890625,4.484375,
0.426,-1.28125,-3.5634765625,4.5244140625,
0.4265,-0.2802734375,-4.244140625,4.2041015625,
0.427,0.640625,-4.64453125,3.68359375,
0.4275,1.44140625,-4.8447265625,3.04296875,
0.428,2.2421875,-5.125,2.40234375,
0.4285,3.123046875,-5.3251953125,1.6416015625,
0.429,3.36328125,-5.1650390625,1.201171875,
0.4295,3.8837890625,-5.044921875,0.3603515625,
0.43,3.8837890625,-4.1640625,-0.5205078125,
0.4305,4.1240234375,-3.84375,-1.2412109375,
0.431,4.1240234375,-2.72265625,-2.3623046875,
0.4315,4.2041015625,-2.322265625,-2.962890625,
0.432,3.8837890625,-1.44140625,-3.5634765625,
0.4325,3.6435546875,-0.640625,-4.1640625,
0.433,2.8427734375,0.3603515625,-4.3642578125,
0.4335,2.482421875,1.201171875,-4.8046875,
0.434,1.521484375,2.3623046875,-5.0048828125,
0.4345,1.0009765625,2.962890625,-5.0849609375,
0.435,0,3.8037109375,-4.8447265625,
0.4355,-1.041015625,4.2041015625,-4.244140625,
0.436,-1.8818359375,4.6044921875,-3.8037109375,
0.4365,-2.802734375,4.8046875,-3.0830078125,
0.437,-3.5634765625,5.0849609375,-2.4423828125,
0.4375,-3.923828125,4.8046875,-1.8017578125,
0.438,-4.5244140625,4.724609375,-0.9208984375,
0.4385,-4.5244140625,3.84375,0.1201171875,
0.439,-4.8046875,3.4033203125,0.9609375,
0.4395,-4.8447265625,2.2021484375,2.2421875,
0.44,-4.8447265625,1.681640625,2.8427734375,
0.4405,-4.404296875,0.720703125,3.443359375,
0.441,-3.9638671875,-0.2001953125,3.8837890625,
0.4415,-3.203125,-1.2412109375,4.1240234375,
0.442,-2.5625,-2.1220703125,4.4443359375,
0.4425,-1.6015625,-3.36328125,4.6044921875,
0.443,-0.80078125,-3.84375,4.2841796875,
0.4435,0.2802734375,-4.5244140625,3.9638671875,
0.444,1.12109375,-4.724609375,3.2431640625,
0.4445,1.841796875,-5.044921875,2.72265625,
0.445,2.8427734375,-5.2451171875,1.8818359375,
0.4455,3.4833984375,-5.3251953125,1.201171875,
0.446,3.6435546875,-4.8046875,0.48046875,
0.4465,4.00390625,-4.5244140625,-0.3203125,
0.447,3.8837890625,-3.603515625,-1.2412109375,
0.4475,4.0439453125,-3.0830078125,-1.9619140625,
0.448,4.0439453125,-2.08203125,-3.04296875,
0.4485,3.84375,-1.6015625,-3.4033203125,
0.449,3.4833984375,-0.640625,-3.9638671875,
0.4495,2.8828125,0.16015625,-4.2041015625,
0.45,2.2822265625,1.041015625,-4.484375,
0.4505,1.6015625,1.921875,-4.6845703125,
0.451,0.9609375,2.8828125,-4.96484375,
0.4515,0.1201171875,3.283203125,-4.5244140625,
0.452,-0.720703125,3.9638671875,-4.32421875,
0.4525,-1.5615234375,4.083984375,-3.5634765625,
0.453,-2.2421875,4.484375,-3.2431640625,
0.4535,-3.1630859375,4.64453125,-2.5224609375,
0.454,-3.5634765625,4.7646484375,-2.08203125,
0.4545,-3.8837890625,4.404296875,-1.28125,
0.455,-4.2041015625,4.1240234375,-0.6005859375,
0.4555,-4.3642578125,3.3232421875,0.4404296875,
0.456,-4.5244140625,2.802734375,1.28125,
0.4565,-4.64453125,1.9619140625,2.322265625,
0.457,-4.4443359375,1.4013671875,2.6826171875,
0.4575,-4.1640625,0.5205078125,3.4033203125,
0.458,-3.5234375,-0.4404296875,3.68359375,
0.4585,-3.0029296875,-1.3212890625,4.083984375,
0.459,-2.2021484375,-2.40234375,4.32421875,
0.4595,-1.4814453125,-3.283203125,4.484375,
0.46,-0.5205078125,-3.763671875,3.923828125,
0.4605,0.3203125,-4.5244140625,3.763671875,
0.461,1.2412109375,-4.64453125,2.962890625,
0.4615,1.921875,-5.0048828125,2.5224609375,
0.462,2.9228515625,-5.1650390625,1.76171875,
0.4625,3.3232421875,-5.044921875,1.12109375,
0.463,3.6435546875,-4.64453125,0.2802734375,
0.4635,3.84375,-4.1240234375,-0.5205078125,
0.464,3.8837890625,-3.36328125,-1.44140625,
0.4645,3.9638671875,-2.642578125,-2.322265625,
0.465,4.083984375,-1.8818359375,-3.283203125,
0.4655,3.5634765625,-1.12109375,-3.5634765625,
0.466,3.283203125,-0.2802734375,-4.1640625,
0.4665,2.482421875,0.640625,-4.244140625,
0.467,2.001953125,1.44140625,-4.6044921875,
0.4675,1.201171875,2.5224609375,-4.7646484375,
0.468,0.48046875,3.203125,-4.7646484375,
0.4685,-0.6005859375,3.5634765625,-4.1240234375,
0.469,-1.28125,4.00390625,-3.8837890625,
0.4695,-2.001953125,4.1240234375,-3.203125,
0.47,-2.642578125,4.4443359375,-2.72265625,
0.4705,-3.5234375,4.6845703125,-2.001953125,
0.471,-3.7236328125,4.244140625,-1.3212890625,
0.4715,-4.00390625,4.00390625,-0.6806640625,
0.472,-4.00390625,3.3232421875,0.1201171875,
0.4725,-4.2041015625,2.7626953125,0.9609375,
0.473,-4.244140625,2.0419921875,1.8017578125,
0.4735,-4.32421875,1.5615234375,2.482421875,
0.474,-3.84375,0.80078125,2.72265625,
0.4745,-3.68359375,0.1201171875,3.283203125,
0.475,-2.8828125,-0.8408203125,3.443359375,
0.4755,-2.5625,-1.6015625,3.84375,
0.476,-1.76171875,-2.6025390625,4.0439453125,
0.4765,-1.1611328125,-3.1630859375,3.84375,
0.477,-0.240234375,-3.7236328125,3.5234375,
0.4775,0.48046875,-4.1240234375,3.1630859375,
0.478,1.28125,-4.32421875,2.6826171875,
0.4785,1.9619140625,-4.64453125,2.2421875,
0.479,2.6826171875,-4.9248046875,1.681640625,
0.4795,2.8828125,-4.5244140625,1.0009765625,
0.48,3.4033203125,-4.4443359375,0.3603515625,
0.4805,3.443359375,-3.603515625,-0.640625,
0.481,3.8037109375,-3.203125,-1.44140625,
0.4815,3.84375,-2.4423828125,-2.40234375,
0.482,3.84375,-1.9619140625,-2.962890625,
0.4825,3.36328125,-1.041015625,-3.4833984375,
0.483,3.123046875,-0.3203125,-3.9638671875,
0.4835,2.40234375,0.7607421875,-4.1640625,
0.484,1.921875,1.5615234375,-4.564453125,
0.4845,1.12109375,2.6025390625,-4.8046875,
0.485,0.2001953125,3.123046875,-4.404296875,
0.4855,-0.720703125,3.68359375,-4.1240234375,
0.486,-1.44140625,4.00390625,-3.5634765625,
0.4865,-2.2822265625,4.32421875,-2.962890625,
0.487,-2.962890625,4.5244140625,-2.4423828125,
0.4875,-3.68359375,4.6044921875,-1.76171875,
0.488,-3.8037109375,4.00390625,-0.9609375,
0.4885,-4.1240234375,3.8037109375,-0.3203125,
0.489,-4.1240234375,2.8427734375,0.7607421875,
0.4895,-4.2841796875,2.3623046875,1.5615234375,
0.49,-4.2841796875,1.521484375,2.40234375,
0.4905,-4.00390625,0.880859375,2.8427734375,
0.491,-3.5234375,0.0400390625,3.203125,
0.4915,-3.0830078125,-0.720703125,3.5234375,
0.492,-2.40234375,-1.6015625,3.68359375,
0.4925,-1.8818359375,-2.40234375,3.923828125,
0.493,-1.0810546875,-3.2431640625,3.9638671875,
0.4935,-0.2001953125,-3.6435546875,3.36328125,
0.494,0.48046875,-4.0439453125,3.203125,
0.4945,1.28125,-4.2041015625,2.5224609375,
0.495,1.921875,-4.5244140625,2.2021484375,
0.4955,2.5625,-4.724609375,1.6015625,
0.496,3.0029296875,-4.6044921875,1.0009765625,
0.4965,3.1630859375,-4.1640625,0.3203125,
0.497,3.443359375,-3.8837890625,-0.3203125,
0.4975,3.4833984375,-3.04296875,-1.28125,
0.498,3.68359375,-2.642578125,-2.001953125,
0.4985,3.763671875,-1.9619140625,-2.8828125,
0.499,3.443359375,-1.3212890625,-3.203125,
0.4995,3.0830078125,-0.5205078125,-3.7236328125,
0.5,2.5224609375,0.3603515625,-4.00390625,
0.5005,2.0419921875,1.201171875,-4.4443359375,
0.501,1.4013671875,2.08203125,-4.64453125,
0.5015,0.640625,2.8828125,-4.6845703125,
0.502,-0.3603515625,3.4033203125,-4.1240234375,
0.5025,-1.041015625,3.9638671875,-3.9638671875,
0.503,-2.001953125,4.2041015625,-3.203125,
0.5035,-2.642578125,4.564453125,-2.8427734375,
0.504,-3.4033203125,4.724609375,-2.1220703125,
0.5045,-3.8037109375,4.404296875,-1.361328125,
0.505,-4.0439453125,3.923828125,-0.640625,
0.5055,-4.2841796875,3.4833984375,0.2802734375,
0.506,-4.404296875,2.5224609375,1.44140625,
0.5065,-4.484375,2.001953125,2.08203125,
0.507,-4.4443359375,1.201171875,2.9228515625,
0.5075,-3.8037109375,0.2802734375,3.2431640625,
0.508,-3.4833984375,-0.560546875,3.7236328125,
0.5085,-2.6025390625,-1.6015625,3.8837890625,
0.509,-2.001953125,-2.5224609375,4.1640625,
0.5095,-1.201171875,-3.3232421875,4.083984375,
0.51,-0.3603515625,-3.8837890625,3.8837890625,
0.5105,0.6005859375,-4.1640625,3.203125,
0.511,1.28125,-4.564453125,2.9228515625,
0.5115,2.322265625,-4.7646484375,1.921875,
0.512,2.72265625,-4.8447265625,1.5615234375,
0.5125,3.3232421875,-4.8447265625,0.880859375,
0.513,3.4833984375,-4.2841796875,0.1201171875,
0.5135,3.603515625,-3.84375,-0.640625,
0.514,3.68359375,-3.0830078125,-1.521484375,
0.5145,3.763671875,-2.3623046875,-2.40234375,
0.515,3.6435546875,-1.841796875,-2.8828125,
0.5155,3.5234375,-1.12109375,-3.5634765625,
0.516,2.8427734375,-0.2802734375,-3.7236328125,
0.5165,2.5625,0.4404296875,-4.2041015625,
0.517,1.7216796875,1.44140625,-4.3642578125,
0.5175,1.28125,2.162109375,-4.6845703125,
0.518,0.48046875,2.962890625,-4.5244140625,
0.5185,-0.3603515625,3.4833984375,-4.244140625,
0.519,-1.1611328125,3.8037109375,-3.7236328125,
0.5195,-1.8017578125,4.1640625,-3.36328125,
0.52,-2.72265625,4.4443359375,-2.642578125,
0.5205,-3.123046875,4.5244140625,-2.2822265625,
0.521,-3.7236328125,4.564453125,-1.6015625,
0.5215,-3.8837890625,3.9638671875,-0.80078125,
0.522,-4.244140625,3.68359375,0,
0.5225,-4.32421875,2.802734375,1.0810546875,
0.523,-4.5244140625,2.2822265625,1.921875,
0.5235,-4.404296875,1.5615234375,2.5224609375,
0.524,-4.2841796875,0.80078125,3.203125,
0.5245,-3.5634765625,-0.2802734375,3.5234375,
0.525,-3.2431640625,-1.041015625,3.9638671875,
0.5255,-2.2822265625,-2.322265625,4.1640625,
0.526,-1.7216796875,-3.0029296875,4.404296875,
0.5265,-0.720703125,-3.8037109375,4.1640625,
0.527,0.240234375,-4.32421875,3.763671875,
0.5275,1.12109375,-4.64453125,3.1630859375,
0.528,1.9619140625,-4.96484375,2.5625,
0.5285,2.9228515625,-5.205078125,1.76171875,
0.529,3.2431640625,-5.0849609375,1.1611328125,
0.5295,3.84375,-4.884765625,0.3603515625,
0.53,3.84375,-4.1240234375,-0.6005859375,
0.5305,4.0439453125,-3.603515625,-1.361328125,
0.531,4.083984375,-2.5224609375,-2.5625,
0.5315,4.083984375,-1.921875,-3.2431640625,
0.532,3.68359375,-1.041015625,-3.7236328125,
0.5325,3.36328125,-0.3203125,-4.32421875,
0.533,2.5224609375,0.6806640625,-4.3642578125,
0.5335,2.0419921875,1.4814453125,-4.7646484375,
0.534,1.0009765625,2.7626953125,-4.884765625,
0.5345,0.400390625,3.283203125,-4.7646484375,
0.535,-0.640625,3.8837890625,-4.404296875,
0.5355,-1.4013671875,4.2041015625,-3.84375,
0.536,-2.1220703125,4.404296875,-3.283203125,
0.5365,-2.962890625,4.6044921875,-2.5625,
0.537,-3.7236328125,4.8046875,-1.9619140625,
0.5375,-3.8837890625,4.4443359375,-1.28125,
0.538,-4.32421875,4.2841796875,-0.640625,
0.5385,-4.244140625,3.443359375,0.2802734375,
0.539,-4.5244140625,3.0029296875,1.0009765625,
0.5395,-4.5244140625,1.921875,2.162109375,
0.54,-4.5244140625,1.521484375,2.6826171875,
0.5405,-4.1240234375,0.640625,3.203125,
0.541,-3.7236328125,-0.2001953125,3.6435546875,
0.5415,-3.0830078125,-1.1611328125,3.84375,
0.542,-2.5224609375,-1.9619140625,4.1640625,
0.5425,-1.681640625,-3.04296875,4.484375,
0.543,-0.9609375,-3.5634765625,4.1640625,
0.5435,0.0400390625,-4.2841796875,3.9638671875,
0.544,0.9208984375,-4.5244140625,3.3232421875,
0.5445,1.6416015625,-4.884765625,2.8828125,
0.545,2.6025390625,-5.1650390625,2.0419921875,
0.5455,3.3232421875,-5.365234375,1.521484375,
0.546,3.5634765625,-4.96484375,0.6806640625,
0.5465,4.083984375,-4.7646484375,0,
0.547,4.0439453125,-3.84375,-1.0810546875,
0.5475,4.2841796875,-3.283203125,-1.9619140625,
0.548,4.32421875,-2.2421875,-3.1630859375,
0.5485,4.2041015625,-1.681640625,-3.7236328125,
0.549,3.68359375,-0.640625,-4.32421875,
0.5495,3.1630859375,0.3203125,-4.6845703125,
0.55,2.40234375,1.3212890625,-4.884765625,
0.5505,1.6416015625,2.3623046875,-5.1650390625,
0.551,0.720703125,3.5634765625,-5.4052734375,
0.5515,-0.3203125,4.00390625,-4.8046875,
0.552,-1.28125,4.64453125,-4.5244140625,
0.5525,-2.1220703125,4.8046875,-3.68359375,
0.553,-2.962890625,5.044921875,-3.0029296875,
0.5535,-3.9638671875,5.2451171875,-2.1220703125,
0.554,-4.6044921875,5.1650390625,-1.3212890625,
0.5545,-4.6845703125,4.4443359375,-0.400390625,
0.555,-5.0048828125,4.1240234375,0.3603515625,
0.5555,-4.8447265625,3.0029296875,1.44140625,
0.556,-4.884765625,2.2421875,2.2822265625,
0.5565,-4.884765625,1.201171875,3.443359375,
0.557,-4.3642578125,0.3603515625,3.763671875,
0.5575,-3.84375,-0.640625,4.1240234375,
0.558,-3.1630859375,-1.4013671875,4.32421875,
0.5585,-2.40234375,-2.2822265625,4.484375,
0.559,-1.6015625,-3.203125,4.5244140625,
0.5595,-0.6806640625,-4.2041015625,4.6044921875,
0.56,0.400390625,-4.484375,3.84375,
0.5605,1.12109375,-5.0048828125,3.603515625,
0.561,1.921875,-5.0048828125,2.72265625,
0.5615,2.6025390625,-5.205078125,2.2021484375,
0.562,3.4833984375,-5.4052734375,1.361328125,
0.5625,3.8837890625,-5.1650390625,0.640625,
0.563,4.083984375,-4.64453125,-0.240234375,
0.5635,4.244140625,-4.2041015625,-0.9208984375,
0.564,4.2041015625,-3.2431640625,-1.921875,
0.5645,4.2841796875,-2.72265625,-2.72265625,
0.565,4.3642578125,-1.8017578125,-3.763671875,
0.5655,3.8037109375,-1.041015625,-4.0439453125,
0.566,3.443359375,0,-4.64453125,
0.5665,2.6826171875,0.9208984375,-4.7646484375,
0.567,2.08203125,1.841796875,-5.0849609375,
0.5675,1.2412109375,2.8828125,-5.2451171875,
0.568,0.3203125,3.84375,-5.28515625,
0.5685,-0.8408203125,4.244140625,-4.5244140625,
0.569,-1.5615234375,4.8046875,-4.32421875,
0.5695,-2.6025390625,4.96484375,-3.36328125,
0.57,-3.3232421875,5.205078125,-2.8427734375,
0.5705,-4.244140625,5.4052734375,-1.9619140625,
0.571,-4.64453125,4.96484375,-1.0810546875,
0.5715,-4.8447265625,4.404296875,-0.2001953125,
0.572,-5.0048828125,3.8037109375,0.7607421875,
0.5725,-5.044921875,2.642578125,1.9619140625,
0.573,-4.96484375,1.921875,2.6826171875,
0.5735,-4.96484375,0.9208984375,3.68359375,
0.574,-4.1640625,0,3.9638671875,
0.5745,-3.763671875,-0.9609375,4.484375,
0.575,-2.72265625,-2.001953125,4.5244140625,
0.5755,-2.001953125,-2.962890625,4.724609375,
0.576,-1.041015625,-3.84375,4.6044921875,
0.5765,-0.16015625,-4.564453125,4.4443359375,
0.577,0.9609375,-4.8046875,3.5634765625,
0.5775,1.6015625,-5.205078125,3.203125,
0.578,2.72265625,-5.28515625,2.08203125,
0.5785,3.1630859375,-5.3251953125,1.6015625,
0.579,3.923828125,-5.3251953125,0.80078125,
0.5795,4.0439453125,-4.6845703125,0,
0.58,4.1640625,-4.244140625,-0.80078125,
0.5805,4.1240234375,-3.5234375,-1.6416015625,
0.581,4.1640625,-2.642578125,-2.6025390625,
0.5815,4.00390625,-2.001953125,-3.203125,
0.582,3.9638671875,-1.1611328125,-4.00390625,
0.5825,3.1630859375,-0.16015625,-4.2041015625,
0.583,2.9228515625,0.6005859375,-4.64453125,
0.5835,1.921875,1.5615234375,-4.6845703125,
0.584,1.521484375,2.322265625,-5.0048828125,
0.5845,0.6005859375,3.2431640625,-4.96484375,
0.585,-0.3203125,3.8037109375,-4.64453125,
0.5855,-1.2412109375,4.1640625,-4.083984375,
0.586,-1.8818359375,4.564453125,-3.7236328125,
0.5865,-2.8828125,4.8046875,-2.8828125,
0.587,-3.36328125,4.96484375,-2.5224609375,
0.5875,-4.1240234375,5.044921875,-1.681640625,
0.588,-4.2841796875,4.404296875,-0.80078125,
0.5885,-4.64453125,4.083984375,0,
0.589,-4.6845703125,3.123046875,1.0810546875,
0.5895,-4.9248046875,2.4423828125,1.9619140625,
0.59,-4.7646484375,1.7216796875,2.72265625,
0.5905,-4.6044921875,0.9208984375,3.4833984375,
0.591,-3.84375,-0.240234375,3.8037109375,
0.5915,-3.5634765625,-1.041015625,4.32421875,
0.592,-2.4423828125,-2.322265625,4.484375,
0.5925,-1.921875,-3.0830078125,4.724609375,
0.593,-0.8408203125,-4.00390625,4.484375,
0.5935,0.16015625,-4.484375,4.0439453125,
0.594,1.0810546875,-4.8447265625,3.4033203125,
0.5945,1.9619140625,-5.1650390625,2.802734375,
0.595,3.0029296875,-5.365234375,1.921875,
0.5955,3.36328125,-5.28515625,1.3212890625,
0.596,4.00390625,-5.1650390625,0.48046875,
0.5965,4.00390625,-4.3642578125,-0.5205078125,
0.597,4.244140625,-3.9638671875,-1.2412109375,
0.5975,4.2041015625,-2.802734375,-2.4423828125,
0.598,4.2041015625,-2.162109375,-3.1630859375,
0.5985,3.84375,-1.3212890625,-3.7236328125,
0.599,3.5634765625,-0.48046875,-4.32421875,
0.5995,2.72265625,0.5205078125,-4.404296875,
0.6,2.2822265625,1.28125,-4.7646484375,
0.6005,1.28125,2.5224609375,-4.884765625,
0.601,0.7607421875,3.04296875,-4.9248046875,
0.6015,-0.2802734375,3.8037109375,-4.64453125,
0.602,-1.12109375,4.1240234375,-4.0439453125,
0.6025,-1.841796875,4.404296875,-3.603515625,
0.603,-2.6826171875,4.6044921875,-2.8828125,
0.6035,-3.36328125,4.8046875,-2.2822265625,
0.604,-3.68359375,4.6044921875,-1.76171875,
0.6045,-4.1240234375,4.404296875,-1.0810546875,
0.605,-4.1640625,3.68359375,-0.2001953125,
0.6055,-4.5244140625,3.4833984375,0.640625,
0.606,-4.484375,2.2822265625,1.7216796875,
0.6065,-4.564453125,1.9619140625,2.2421875,
0.607,-4.32421875,1.12109375,2.8828125,
0.6075,-3.923828125,0.400390625,3.3232421875,
0.608,-3.36328125,-0.6005859375,3.68359375,
0.6085,-2.8828125,-1.44140625,4.0439453125,
0.609,-2.08203125,-2.5224609375,4.32421875,
0.6095,-1.44140625,-3.0830078125,4.244140625,
0.61,-0.5205078125,-3.8837890625,4.083984375,
0.6105,0.4404296875,-4.2041015625,3.5234375,
0.611,1.1611328125,-4.6845703125,3.1630859375,
0.6115,2.162109375,-4.96484375,2.3623046875,
0.612,2.802734375,-5.205078125,1.921875,
0.6125,3.2431640625,-5.0048828125,1.12109375,
0.613,3.68359375,-4.8447265625,0.48046875,
0.6135,3.7236328125,-4.083984375,-0.5205078125,
0.614,4.0439453125,-3.603515625,-1.3212890625,
0.6145,4.083984375,-2.5625,-2.5224609375,
0.615,4.083984375,-2.1220703125,-3.0029296875,
0.6155,3.763671875,-1.1611328125,-3.7236328125,
0.616,3.2431640625,-0.3203125,-4.083984375,
0.6165,2.642578125,0.640625,-4.404296875,
0.617,1.921875,1.6015625,-4.6845703125,
0.6175,1.201171875,2.6826171875,-5.0048828125,
0.618,0.400390625,3.1630859375,-4.64453125,
0.6185,-0.6005859375,3.8837890625,-4.4443359375,
0.619,-1.44140625,4.1240234375,-3.7236328125,
0.6195,-2.1220703125,4.4443359375,-3.283203125,
0.62,-3.1630859375,4.6845703125,-2.4423828125,
0.6205,-3.68359375,4.564453125,-1.9619140625,
0.621,-3.8837890625,4.32421875,-1.201171875,
0.6215,-4.2041015625,3.9638671875,-0.48046875,
0.622,-4.1640625,3.2431640625,0.4404296875,
0.6225,-4.3642578125,2.6025390625,1.28125,
0.623,-4.404296875,1.76171875,2.2822265625,
0.6235,-4.1640625,1.28125,2.6025390625,
0.624,-3.923828125,0.4404296875,3.2431640625,
0.6245,-3.2431640625,-0.4404296875,3.36328125,
0.625,-2.8427734375,-1.201171875,3.8037109375,
0.6255,-2.001953125,-2.162109375,3.923828125,
0.626,-1.521484375,-2.8828125,4.1240234375,
0.6265,-0.6806640625,-3.36328125,3.68359375,
0.627,0.080078125,-3.923828125,3.5234375,
0.6275,0.9208984375,-4.1240234375,2.8427734375,
0.628,1.521484375,-4.5244140625,2.5625,
0.6285,2.40234375,-4.7646484375,1.8818359375,
0.629,2.6826171875,-4.8046875,1.521484375,
0.6295,3.123046875,-4.6044921875,0.80078125,
0.63,3.2431640625,-4.1240234375,0.1201171875,
0.6305,3.5234375,-3.603515625,-0.7607421875,
0.631,3.6435546875,-2.962890625,-1.6015625,
0.6315,3.84375,-2.4423828125,-2.40234375,
0.632,3.6435546875,-1.8818359375,-2.8427734375,
0.6325,3.5234375,-1.12109375,-3.5234375,
0.633,2.8427734375,-0.2001953125,-3.763671875,
0.6335,2.5224609375,0.6806640625,-4.32421875,
0.634,1.7216796875,1.76171875,-4.564453125,
0.6345,1.2412109375,2.482421875,-4.8046875,
0.635,0.240234375,3.0830078125,-4.3642578125,
0.6355,-0.6005859375,3.68359375,-4.1640625,
0.636,-1.44140625,3.9638671875,-3.5634765625,
0.6365,-2.162109375,4.404296875,-3.203125,
0.637,-3.0830078125,4.64453125,-2.5625,
0.6375,-3.4033203125,4.4443359375,-1.8818359375,
0.638,-3.8837890625,4.32421875,-1.1611328125,
0.6385,-4.00390625,3.68359375,-0.3203125,
0.639,-4.244140625,3.123046875,0.640625,
0.6395,-4.3642578125,2.2822265625,1.6416015625,
0.64,-4.484375,1.681640625,2.4423828125,
0.6405,-3.9638671875,0.880859375,2.802734375,
0.641,-3.8037109375,0.1201171875,3.4033203125,
0.6415,-2.962890625,-0.880859375,3.5234375,
0.642,-2.5625,-1.6416015625,3.8837890625,
0.6425,-1.6416015625,-2.7626953125,4.1240234375,
0.643,-0.9609375,-3.3232421875,3.923828125,
0.6435,0,-3.84375,3.4833984375,
0.644,0.6806640625,-4.1640625,3.0830078125,
0.6445,1.44140625,-4.3642578125,2.5224609375,
0.645,2.162109375,-4.64453125,1.9619140625,
0.6455,2.8828125,-4.8447265625,1.361328125,
0.646,3.04296875,-4.3642578125,0.720703125,
0.6465,3.4033203125,-4.2041015625,0.1201171875,
0.647,3.3232421875,-3.443359375,-0.720703125,
0.6475,3.5634765625,-3.04296875,-1.4814453125,
0.648,3.603515625,-2.2421875,-2.3623046875,
0.6485,3.6435546875,-1.8017578125,-2.8427734375,
0.649,3.1630859375,-1.041015625,-3.283203125,
0.6495,2.9228515625,-0.3603515625,-3.7236328125,
0.65,2.2822265625,0.6005859375,-3.9638671875,
0.6505,1.921875,1.361328125,-4.3642578125,
0.651,1.201171875,2.3623046875,-4.6044921875,
0.6515,0.48046875,2.802734375,-4.32421875,
0.652,-0.4404296875,3.443359375,-4.1240234375,
0.6525,-1.1611328125,3.763671875,-3.603515625,
0.653,-1.8818359375,4.083984375,-3.2431640625,
0.6535,-2.642578125,4.404296875,-2.72265625,
0.654,-3.283203125,4.6044921875,-2.2021484375,
0.6545,-3.5634765625,4.1640625,-1.44140625,
0.655,-4.00390625,4.083984375,-0.80078125,
0.6555,-4.083984375,3.2431640625,0.2802734375,
0.656,-4.404296875,2.802734375,1.12109375,
0.6565,-4.5244140625,1.921875,2.162109375,
0.657,-4.3642578125,1.4013671875,2.6826171875,
0.6575,-3.923828125,0.4404296875,3.203125,
0.658,-3.5234375,-0.4404296875,3.603515625,
0.6585,-2.802734375,-1.361328125,3.84375,
0.659,-2.2021484375,-2.2822265625,4.1640625,
0.6595,-1.3212890625,-3.3232421875,4.32421875,
0.66,-0.3603515625,-3.8037109375,3.763671875,
0.6605,0.48046875,-4.3642578125,3.5234375,
0.661,1.361328125,-4.6044921875,2.802734375,
0.6615,2.1220703125,-4.884765625,2.2421875,
0.662,2.9228515625,-5.044921875,1.5615234375,
0.6625,3.4833984375,-4.9248046875,0.8408203125,
0.663,3.5634765625,-4.32421875,0.0400390625,
0.6635,3.8037109375,-4.00390625,-0.640625,
0.664,3.763671875,-2.962890625,-1.7216796875,
0.6645,3.84375,-2.482421875,-2.40234375,
0.665,3.84375,-1.6015625,-3.36328125,
0.6655,3.36328125,-0.80078125,-3.7236328125,
0.666,2.9228515625,0.0400390625,-4.083984375,
0.6665,2.322265625,0.7607421875,-4.2041015625,
0.667,1.681640625,1.681640625,-4.484375,
0.6675,1.0810546875,2.5224609375,-4.64453125,
0.668,0.2802734375,3.2431640625,-4.6044921875,
0.6685,-0.720703125,3.5634765625,-3.923828125,
0.669,-1.3212890625,4.00390625,-3.8037109375,
0.6695,-2.2021484375,4.1240234375,-2.962890625,
0.67,-2.802734375,4.404296875,-2.642578125,
0.6705,-3.4833984375,4.6044921875,-1.9619140625,
0.671,-3.8037109375,4.32421875,-1.28125,
0.6715,-3.9638671875,3.8837890625,-0.640625,
0.672,-4.1240234375,3.443359375,0.1201171875,
0.6725,-4.244140625,2.6025390625,1.1611328125,
0.673,-4.3642578125,2.1220703125,1.841796875,
0.6735,-4.3642578125,1.4013671875,2.6826171875,
0.674,-3.8837890625,0.640625,3.0029296875,
0.6745,-3.68359375,-0.2001953125,3.5634765625,
0.675,-2.9228515625,-1.12109375,3.763671875,
0.6755,-2.4423828125,-1.9619140625,4.1240234375,
0.676,-1.6416015625,-2.8828125,4.2041015625,
0.6765,-0.8408203125,-3.603515625,4.1240234375,
0.677,0.16015625,-4.083984375,3.5234375,
0.6775,0.80078125,-4.564453125,3.36328125,
0.678,1.921875,-4.8447265625,2.4423828125,
0.6785,2.482421875,-5.044921875,2.08203125,
0.679,3.2431640625,-5.1650390625,1.3212890625,
0.6795,3.5234375,-4.724609375,0.5205078125,
0.68,3.84375,-4.32421875,-0.3203125,
0.6805,3.9638671875,-3.6435546875,-1.28125,
0.681,4.083984375,-2.7626953125,-2.322265625,
0.6815,4.083984375,-2.2021484375,-2.962890625,
0.682,3.9638671875,-1.28125,-3.84375,
0.6825,3.2431640625,-0.3203125,-4.1240234375,
0.683,2.8828125,0.5205078125,-4.5244140625,
0.6835,1.921875,1.7216796875,-4.724609375,
0.684,1.28125,2.5625,-4.96484375,
0.6845,0.400390625,3.36328125,-4.8447265625,
0.685,-0.560546875,3.9638671875,-4.5244140625,
0.6855,-1.44140625,4.1640625,-3.84375,
0.686,-2.2421875,4.5244140625,-3.36328125,
0.6865,-3.283203125,4.7646484375,-2.40234375,
0.687,-3.603515625,4.7646484375,-1.9619140625,
0.6875,-4.2041015625,4.724609375,-1.201171875,
0.688,-4.32421875,4.00390625,-0.3603515625,
0.6885,-4.4443359375,3.5234375,0.4404296875,
0.689,-4.5244140625,2.5625,1.521484375,
0.6895,-4.5244140625,1.8818359375,2.3623046875,
0.69,-4.32421875,1.201171875,2.8427734375,
0.6905,-4.1640625,0.4404296875,3.4833984375,
0.691,-3.36328125,-0.5205078125,3.6435546875,
0.6915,-3.0830078125,-1.2412109375,4.0439453125,
0.692,-2.001953125,-2.40234375,4.1640625,
0.6925,-1.5615234375,-3.04296875,4.32421875,
0.693,-0.640625,-3.84375,4.083984375,
0.6935,0.240234375,-4.32421875,3.68359375,
0.694,1.041015625,-4.6044921875,3.123046875,
0.6945,1.841796875,-4.884765625,2.6025390625,
0.695,2.72265625,-5.0849609375,1.8818359375,
0.6955,3.0830078125,-5.0849609375,1.4013671875,
0.696,3.68359375,-5.0048828125,0.6806640625,
0.6965,3.763671875,-4.32421875,-0.240234375,
0.697,4.0439453125,-3.9638671875,-1.0009765625,
0.6975,4.083984375,-2.9228515625,-2.1220703125,
0.698,4.2041015625,-2.40234375,-2.8828125,
0.6985,3.9638671875,-1.6015625,-3.5234375,
0.699,3.763671875,-0.80078125,-4.1640625,
0.6995,2.962890625,0.2802734375,-4.3642578125,
0.7,2.6025390625,1.12109375,-4.8447265625,
0.7005,1.5615234375,2.40234375,-5.0849609375,
0.701,1.0009765625,3.04296875,-5.1650390625,
0.7015,-0.16015625,3.84375,-4.8447265625,
0.702,-1.12109375,4.3642578125,-4.404296875,
0.7025,-1.9619140625,4.6845703125,-3.763671875,
0.703,-2.9228515625,5.044921875,-3.0830078125,
0.7035,-3.8837890625,5.2451171875,-2.2421875,
0.704,-4.2041015625,4.96484375,-1.521484375,
0.7045,-4.8046875,4.7646484375,-0.640625,
0.705,-4.7646484375,3.8837890625,0.3603515625,
0.7055,-4.9248046875,3.283203125,1.2412109375,
0.706,-4.96484375,2.08203125,2.5625,
0.7065,-4.884765625,1.4013671875,3.283203125,
0.707,-4.3642578125,0.4404296875,3.7236328125,
0.7075,-4.00390625,-0.5205078125,4.2841796875,
0.708,-3.0830078125,-1.521484375,4.32421875,
0.7085,-2.4423828125,-2.40234375,4.6044921875,
0.709,-1.3212890625,-3.763671875,4.7646484375,
0.7095,-0.5205078125,-4.32421875,4.404296875,
0.71,0.560546875,-4.8447265625,3.9638671875,
0.7105,1.361328125,-5.0849609375,3.3232421875,
0.711,2.1220703125,-5.1650390625,2.642578125,
0.7115,3.0830078125,-5.365234375,1.841796875,
0.712,3.84375,-5.4853515625,1.041015625,
0.7125,3.923828125,-4.9248046875,0.2802734375,
0.713,4.32421875,-4.6845703125,-0.5205078125,
0.7135,4.1240234375,-3.7236328125,-1.361328125,
0.714,4.2841796875,-3.1630859375,-2.1220703125,
0.7145,4.2041015625,-2.08203125,-3.2431640625,
0.715,4.1240234375,-1.5615234375,-3.7236328125,
0.7155,3.603515625,-0.6005859375,-4.2041015625,
0.716,3.123046875,0.2802734375,-4.564453125,
0.7165,2.3623046875,1.201171875,-4.7646484375,
0.717,1.76171875,2.0419921875,-5.044921875,
0.7175,0.9208984375,3.1630859375,-5.2451171875,
0.718,0.1201171875,3.603515625,-4.884765625,
0.7185,-0.9208984375,4.3642578125,-4.564453125,
0.719,-1.76171875,4.6044921875,-3.8837890625,
0.7195,-2.482421875,4.884765625,-3.4033203125,
0.72,-3.4833984375,5.125,-2.5625,
0.7205,-4.1640625,5.2451171875,-1.9619140625,
0.721,-4.3642578125,4.724609375,-1.041015625,
0.7215,-4.8447265625,4.484375,-0.3203125,
0.722,-4.8046875,3.5234375,0.80078125,
0.7225,-5.0048828125,2.9228515625,1.7216796875,
0.723,-5.0849609375,1.841796875,2.9228515625,
0.7235,-4.8046875,1.1611328125,3.443359375,
0.724,-4.2841796875,0.1201171875,4.00390625,
0.7245,-3.7236328125,-0.9208984375,4.404296875,
0.725,-2.8828125,-1.9619140625,4.5244140625,
0.7255,-2.1220703125,-2.962890625,4.7646484375,
0.726,-1.12109375,-4.1640625,4.9248046875,
0.7265,0,-4.5244140625,4.2041015625,
0.727,0.9208984375,-5.125,3.923828125,
0.7275,1.76171875,-5.205078125,3.0830078125,
0.728,2.6025390625,-5.4453125,2.40234375,
0.7285,3.5634765625,-5.60546875,1.521484375,
0.729,4.1240234375,-5.4453125,0.640625,
0.7295,4.244140625,-4.724609375,-0.3203125,
0.73,4.484375,-4.3642578125,-1.0009765625,
0.7305,4.32421875,-3.2431640625,-2.0419921875,
0.731,4.32421875,-2.5625,-2.8427734375,
0.7315,4.32421875,-1.5615234375,-3.923828125,
0.732,3.763671875,-0.7607421875,-4.2041015625,
0.7325,3.2431640625,0.240234375,-4.64453125,
0.733,2.5224609375,0.9609375,-4.7646484375,
0.7335,1.8818359375,1.841796875,-4.9248046875,
0.734,1.0810546875,2.7626953125,-5.0849609375,
0.7345,0.240234375,3.763671875,-5.0849609375,
0.735,-0.8408203125,4.00390625,-4.32421875,
0.7355,-1.521484375,4.5244140625,-4.1240234375,
0.736,-2.2822265625,4.564453125,-3.2431640625,
0.7365,-2.962890625,4.8046875,-2.8427734375,
0.737,-3.84375,5.044921875,-2.0419921875,
0.7375,-4.1640625,4.7646484375,-1.3212890625,
0.738,-4.404296875,4.2841796875,-0.560546875,
0.7385,-4.564453125,3.84375,0.240234375,
0.739,-4.6044921875,2.962890625,1.2412109375,
0.7395,-4.724609375,2.322265625,2.0419921875,
0.74,-4.8046875,1.521484375,3.04296875,
0.7405,-4.244140625,0.7607421875,3.283203125,
0.741,-4.00390625,-0.2001953125,3.923828125,
0.7415,-3.203125,-1.1611328125,4.083984375,
0.742,-2.6826171875,-2.08203125,4.404296875,
0.7425,-1.8017578125,-3.0830078125,4.5244140625,
0.743,-0.9609375,-3.8837890625,4.484375,
0.7435,0.2001953125,-4.32421875,3.84375,
0.744,0.9208984375,-4.8447265625,3.6435546875,
0.7445,1.921875,-5.0048828125,2.72265625,
0.745,2.5625,-5.3251953125,2.2421875,
0.7455,3.5234375,-5.4853515625,1.4013671875,
0.746,3.84375,-5.044921875,0.6005859375,
0.7465,4.1240234375,-4.6044921875,-0.3203125,
0.747,4.2041015625,-3.923828125,-1.1611328125,
0.7475,4.2841796875,-3.0029296875,-2.2822265625,
0.748,4.2841796875,-2.322265625,-3.0029296875,
0.7485,4.244140625,-1.44140625,-3.9638671875,
0.749,3.5234375,-0.48046875,-4.244140625,
0.7495,3.1630859375,0.3603515625,-4.724609375,
0.75,2.162109375,1.4013671875,-4.8447265625,
0.7505,1.5615234375,2.40234375,-5.0849609375,
0.751,0.640625,3.3232421875,-5.0849609375,
0.7515,-0.3203125,3.9638671875,-4.8046875,
0.752,-1.28125,4.2841796875,-4.0439453125,
0.7525,-1.9619140625,4.64453125,-3.68359375,
0.753,-3.04296875,4.7646484375,-2.642578125,
0.7535,-3.4833984375,4.8447265625,-2.2421875,
0.754,-4.2041015625,4.9248046875,-1.44140625,
0.7545,-4.32421875,4.2041015625,-0.640625,
0.755,-4.5244140625,3.84375,0.1201171875,
0.7555,-4.5244140625,2.962890625,1.0810546875,
0.756,-4.564453125,2.2421875,1.9619140625,
0.7565,-4.484375,1.5615234375,2.6025390625,
0.757,-4.3642578125,0.7607421875,3.3232421875,
0.7575,-3.603515625,-0.240234375,3.4833984375,
0.758,-3.36328125,-0.9208984375,3.9638671875,
0.7585,-2.40234375,-1.8818359375,4.0439453125,
0.759,-1.9619140625,-2.5625,4.32421875,
0.7595,-1.041015625,-3.4833984375,4.2041015625,
0.76,-0.240234375,-3.923828125,3.84375,
0.7605,0.640625,-4.3642578125,3.4033203125,
0.761,1.361328125,-4.64453125,2.962890625,
0.7615,2.2421875,-4.884765625,2.2421875,
0.762,2.72265625,-5.0849609375,1.841796875,
0.7625,3.443359375,-5.0849609375,1.0810546875,
0.763,3.5234375,-4.4443359375,0.2802734375,
0.7635,3.8837890625,-4.244140625,-0.48046875,
0.764,3.8837890625,-3.283203125,-1.521484375,
0.7645,4.1240234375,-2.802734375,-2.322265625,
0.765,4.0439453125,-2.08203125,-3.0830078125,
0.7655,3.84375,-1.3212890625,-3.7236328125,
0.766,3.1630859375,-0.400390625,-4.0439453125,
0.7665,2.8427734375,0.5205078125,-4.5244140625,
0.767,1.921875,1.7216796875,-4.724609375,
0.7675,1.44140625,2.4423828125,-4.96484375,
0.768,0.48046875,3.3232421875,-4.8447265625,
0.7685,-0.5205078125,3.8037109375,-4.3642578125,
0.769,-1.361328125,4.244140625,-3.8837890625,
0.7695,-2.2822265625,4.5244140625,-3.203125,
0.77,-3.1630859375,4.8046875,-2.5625,
0.7705,-3.5634765625,4.7646484375,-2.001953125,
0.771,-4.1640625,4.64453125,-1.2412109375,
0.7715,-4.2041015625,3.8837890625,-0.3603515625,
0.772,-4.5244140625,3.5234375,0.4404296875,
0.7725,-4.5244140625,2.40234375,1.7216796875,
0.773,-4.564453125,1.8818359375,2.2822265625,
0.7735,-4.3642578125,1.041015625,2.9228515625,
0.774,-3.923828125,0.2802734375,3.36328125,
0.7745,-3.283203125,-0.640625,3.6435546875,
0.775,-2.7626953125,-1.44140625,3.923828125,
0.7755,-1.8818359375,-2.5625,4.1240234375,
0.776,-1.28125,-3.123046875,4.083984375,
0.7765,-0.400390625,-3.84375,3.84375,
0.777,0.560546875,-4.083984375,3.2431640625,
0.7775,1.1611328125,-4.4443359375,2.9228515625,
0.778,2.0419921875,-4.64453125,2.08203125,
0.7785,2.6025390625,-4.8447265625,1.7216796875,
0.779,2.962890625,-4.6845703125,1.1611328125,
0.7795,3.3232421875,-4.5244140625,0.48046875,
0.78,3.36328125,-3.84375,-0.3203125,
0.7805,3.603515625,-3.5634765625,-1.0009765625,
0.781,3.603515625,-2.6025390625,-2.001953125,
0.7815,3.7236328125,-2.322265625,-2.4423828125,
0.782,3.5634765625,-1.5615234375,-3.203125,
0.7825,3.1630859375,-0.80078125,-3.4833984375,
0.783,2.7626953125,0.0400390625,-3.8837890625,
0.7835,2.2021484375,0.9208984375,-4.1640625,
0.784,1.6416015625,1.8017578125,-4.5244140625,
0.7845,1.0009765625,2.40234375,-4.5244140625,
0.785,0.240234375,3.1630859375,-4.404296875,
0.7855,-0.6806640625,3.4833984375,-3.84375,
0.786,-1.361328125,4.00390625,-3.6435546875,
0.7865,-2.322265625,4.32421875,-2.9228515625,
0.787,-2.8828125,4.564453125,-2.6025390625,
0.7875,-3.36328125,4.484375,-1.9619140625,
0.788,-3.763671875,4.2041015625,-1.201171875,
0.7885,-3.9638671875,3.68359375,-0.400390625,
0.789,-4.244140625,3.123046875,0.560546875,
0.7895,-4.4443359375,2.322265625,1.6015625,
0.79,-4.4443359375,1.841796875,2.1220703125,
0.7905,-4.2841796875,1.0810546875,2.8828125,
0.791,-3.68359375,0.240234375,3.203125,
0.7915,-3.283203125,-0.720703125,3.68359375,
0.792,-2.4423828125,-1.8017578125,3.9638671875,
0.7925,-1.841796875,-2.72265625,4.2041015625,
0.793,-0.9609375,-3.283203125,3.8837890625,
0.7935,-0.16015625,-3.9638671875,3.68359375,
0.794,0.7607421875,-4.1640625,3.0029296875,
0.7945,1.4814453125,-4.564453125,2.642578125,
0.795,2.482421875,-4.8447265625,1.841796875,
0.7955,2.8427734375,-4.8046875,1.361328125,
0.796,3.2431640625,-4.5244140625,0.640625,
0.7965,3.443359375,-4.083984375,-0.16015625,
0.797,3.5234375,-3.5234375,-0.9609375,
0.7975,3.603515625,-2.802734375,-1.841796875,
0.798,3.7236328125,-2.162109375,-2.6826171875,
0.7985,3.443359375,-1.5615234375,-3.0029296875,
0.799,3.2431640625,-0.7607421875,-3.603515625,
0.7995,2.5625,0.080078125,-3.7236328125,
0.8,2.2421875,0.8408203125,-4.1640625,
0.8005,1.4013671875,1.8818359375,-4.3642578125,
0.801,0.9609375,2.5224609375,-4.5244140625,
0.8015,0.080078125,3.04296875,-4.1640625,
0.802,-0.640625,3.4833984375,-3.8837890625,
0.8025,-1.4013671875,3.7236328125,-3.36328125,
0.803,-2.08203125,4.083984375,-2.962890625,
0.8035,-2.8828125,4.404296875,-2.40234375,
0.804,-3.1630859375,4.2841796875,-1.9619140625,
0.8045,-3.6435546875,4.1640625,-1.28125,
0.805,-3.7236328125,3.5634765625,-0.6005859375,
0.8055,-4.0439453125,3.203125,0.2802734375,
0.806,-4.1640625,2.3623046875,1.28125,
0.8065,-4.404296875,2.0419921875,1.9619140625,
0.807,-4.083984375,1.3212890625,2.40234375,
0.8075,-3.923828125,0.6005859375,3.04296875,
0.808,-3.2431640625,-0.400390625,3.3232421875,
0.8085,-2.9228515625,-1.2412109375,3.84375,
0.809,-2.0419921875,-2.322265625,4.1240234375,
0.8095,-1.44140625,-2.962890625,4.1240234375,
0.81,-0.5205078125,-3.68359375,3.8037109375,
0.8105,0.3203125,-4.1240234375,3.443359375,
0.811,1.12109375,-4.4443359375,2.8828125,
0.8115,1.9619140625,-4.7646484375,2.3623046875,
0.812,2.8427734375,-5.0849609375,1.681640625,
0.8125,3.123046875,-4.724609375,1.0009765625,
0.813,3.603515625,-4.64453125,0.2802734375,
0.8135,3.603515625,-3.84375,-0.640625,
0.814,3.84375,-3.36328125,-1.521484375,
0.8145,3.8837890625,-2.3623046875,-2.5625,
0.815,3.923828125,-1.76171875,-3.2431640625,
0.8155,3.4033203125,-0.880859375,-3.6435546875,
0.816,3.123046875,0,-4.1240234375,
0.8165,2.2822265625,0.8408203125,-4.244140625,
0.817,1.841796875,1.681640625,-4.564453125,
0.8175,0.9208984375,2.8427734375,-4.8447265625,
0.818,0.1201171875,3.3232421875,-4.484375,
0.8185,-0.80078125,3.84375,-4.083984375,
0.819,-1.5615234375,4.083984375,-3.5634765625,
0.8195,-2.2822265625,4.2841796875,-2.962890625,
0.82,-3.0830078125,4.484375,-2.322265625,
0.8205,-3.763671875,4.64453125,-1.681640625,
0.821,-3.84375,4.00390625,-0.9208984375,
0.8215,-4.1640625,3.84375,-0.3603515625,
0.822,-4.1240234375,2.9228515625,0.560546875,
0.8225,-4.244140625,2.5224609375,1.361328125,
0.823,-4.32421875,1.6416015625,2.3623046875,
0.8235,-4.1240234375,1.12109375,2.72265625,
0.824,-3.7236328125,0.2802734375,3.1630859375,
0.8245,-3.283203125,-0.48046875,3.4833984375,
0.825,-2.6826171875,-1.28125,3.68359375,
0.8255,-2.1220703125,-2.1220703125,3.9638671875,
0.826,-1.3212890625,-3.0830078125,4.1240234375,
0.8265,-0.5205078125,-3.4833984375,3.6435546875,
0.827,0.2802734375,-4.1240234375,3.5234375,
0.8275,1.0009765625,-4.2841796875,2.8828125,
0.828,1.7216796875,-4.64453125,2.5224609375,
0.8285,2.5625,-4.884765625,1.841796875,
0.829,3.123046875,-5.0048828125,1.28125,
0.8295,3.3232421875,-4.5244140625,0.48046875,
0.83,3.68359375,-4.3642578125,-0.240234375,
0.8305,3.763671875,-3.443359375,-1.1611328125,
0.831,3.9638671875,-2.9228515625,-1.9619140625,
0.8315,4.083984375,-2.1220703125,-3.04296875,
0.832,3.8037109375,-1.44140625,-3.443359375,
0.8325,3.4033203125,-0.5205078125,-4.00390625,
0.833,2.8427734375,0.3603515625,-4.32421875,
0.8335,2.2421875,1.28125,-4.64453125,
0.834,1.521484375,2.2822265625,-4.9248046875,
0.8345,0.640625,3.3232421875,-5.0048828125,
0.835,-0.5205078125,3.763671875,-4.3642578125,
0.8355,-1.2412109375,4.32421875,-4.1640625,
0.836,-2.2421875,4.484375,-3.283203125,
0.8365,-2.962890625,4.8046875,-2.72265625,
0.837,-3.84375,4.96484375,-2.001953125,
0.8375,-4.2841796875,4.724609375,-1.1611328125,
0.838,-4.404296875,4.0439453125,-0.3603515625,
0.8385,-4.6044921875,3.6435546875,0.48046875,
0.839,-4.6044921875,2.5224609375,1.6416015625,
0.8395,-4.6044921875,1.9619140625,2.2822265625,
0.84,-4.564453125,1.041015625,3.2431640625,
0.8405,-3.923828125,0.16015625,3.5234375,
0.841,-3.5634765625,-0.640625,3.923828125,
0.8415,-2.72265625,-1.6015625,4.00390625,
0.842,-2.0419921875,-2.482421875,4.244140625,
0.8425,-1.2412109375,-3.3232421875,4.244140625,
0.843,-0.400390625,-4.0439453125,4.1240234375,
0.8435,0.6005859375,-4.2841796875,3.36328125,
0.844,1.2412109375,-4.6845703125,3.123046875,
0.8445,2.2421875,-4.8447265625,2.162109375,
0.845,2.6826171875,-5.0048828125,1.76171875,
0.8455,3.443359375,-5.125,1.0810546875,
0.846,3.6435546875,-4.6845703125,0.2802734375,
0.8465,3.8037109375,-4.2041015625,-0.4404296875,
0.847,3.8837890625,-3.5634765625,-1.201171875,
0.8475,3.9638671875,-2.7626953125,-2.162109375,
0.848,3.9638671875,-2.2421875,-2.802734375,
0.8485,3.923828125,-1.44140625,-3.603515625,
0.849,3.3232421875,-0.6005859375,-3.8837890625,
0.8495,3.04296875,0.240234375,-4.4443359375,
0.85,2.2021484375,1.2412109375,-4.5244140625,
0.8505,1.7216796875,2.0419921875,-4.9248046875,
0.851,0.880859375,3.0029296875,-4.96484375,
0.8515,0,3.68359375,-4.7646484375,
0.852,-1.041015625,4.083984375,-4.1640625,
0.8525,-1.76171875,4.5244140625,-3.84375,
0.853,-2.8427734375,4.7646484375,-2.9228515625,
0.8535,-3.36328125,4.96484375,-2.5224609375,
0.854,-4.1640625,5.0048828125,-1.7216796875,
0.8545,-4.4443359375,4.484375,-0.7607421875,
0.855,-4.6845703125,4.083984375,0.080078125,
0.8555,-4.8447265625,3.203125,1.201171875,
0.856,-4.96484375,2.322265625,2.2421875,
0.8565,-4.8046875,1.5615234375,2.9228515625,
0.857,-4.64453125,0.6806640625,3.763671875,
0.8575,-3.84375,-0.4404296875,3.9638671875,
0.858,-3.4033203125,-1.28125,4.484375,
0.8585,-2.2822265625,-2.6025390625,4.6044921875,
0.859,-1.6015625,-3.4833984375,4.7646484375,
0.8595,-0.5205078125,-4.2841796875,4.484375,
0.86,0.48046875,-4.8447265625,4.083984375,
0.8605,1.4013671875,-5.044921875,3.2431640625,
0.861,2.2421875,-5.4453125,2.6826171875,
0.8615,3.36328125,-5.5654296875,1.5615234375,
0.862,3.68359375,-5.4052734375,1.0009765625,
0.8625,4.2841796875,-5.1650390625,0.2001953125,
0.863,4.2841796875,-4.404296875,-0.7607421875,
0.8635,4.32421875,-3.8037109375,-1.521484375,
0.864,4.32421875,-2.72265625,-2.642578125,
0.8645,4.2841796875,-1.9619140625,-3.4833984375,
0.865,3.8837890625,-1.1611328125,-3.8837890625,
0.8655,3.6435546875,-0.2802734375,-4.564453125,
0.866,2.72265625,0.720703125,-4.564453125,
0.8665,2.2822265625,1.44140625,-4.96484375,
0.867,1.201171875,2.6826171875,-5.044921875,
0.8675,0.6806640625,3.2431640625,-5.0849609375,
0.868,-0.3603515625,3.9638671875,-4.7646484375,
0.8685,-1.2412109375,4.404296875,-4.2841796875,
0.869,-2.0419921875,4.564453125,-3.603515625,
0.8695,-2.8427734375,4.8046875,-3.04296875,
0.87,-3.7236328125,5.044921875,-2.2822265625,
0.8705,-4.00390625,4.9248046875,-1.76171875,
0.871,-4.564453125,4.8046875,-0.9609375,
0.8715,-4.564453125,3.9638671875,0,
0.872,-4.8447265625,3.603515625,0.7607421875,
0.8725,-4.8447265625,2.482421875,1.9619140625,
0.873,-4.9248046875,1.921875,2.72265625,
0.8735,-4.564453125,1.0810546875,3.283203125,
0.874,-4.32421875,0.2001953125,3.8837890625,
0.8745,-3.4833984375,-0.9208984375,4.1240234375,
0.875,-3.04296875,-1.76171875,4.5244140625,
0.8755,-1.9619140625,-3.0830078125,4.7646484375,
0.876,-1.28125,-3.7236328125,4.724609375,
0.8765,-0.16015625,-4.5244140625,4.32421875,
0.877,0.880859375,-5.0048828125,3.8037109375,
0.8775,1.7216796875,-5.28515625,3.123046875,
0.878,2.6826171875,-5.525390625,2.3623046875,
0.8785,3.6435546875,-5.7255859375,1.521484375,
0.879,3.8837890625,-5.28515625,0.7607421875,
0.8795,4.4443359375,-5.0849609375,-0.16015625,
0.88,4.32421875,-4.1240234375,-1.12109375,
0.8805,4.484375,-3.5634765625,-1.9619140625,
0.881,4.484375,-2.322265625,-3.203125,
0.8815,4.404296875,-1.6416015625,-3.84375,
0.882,3.763671875,-0.640625,-4.32421875,
0.8825,3.36328125,0.2802734375,-4.8447265625,
0.883,2.40234375,1.28125,-4.8447265625,
0.8835,1.841796875,2.162109375,-5.125,
0.884,0.7607421875,3.4033203125,-5.28515625,
0.8845,0,3.84375,-4.884765625,
0.885,-1.0810546875,4.4443359375,-4.5244140625,
0.8855,-1.921875,4.6044921875,-3.84375,
0.886,-2.6025390625,4.7646484375,-3.203125,
0.8865,-3.5634765625,4.96484375,-2.3623046875,
0.887,-4.2041015625,5.0849609375,-1.681640625,
0.8875,-4.32421875,4.484375,-0.9208984375,
0.888,-4.724609375,4.2841796875,-0.2001953125,
0.8885,-4.564453125,3.3232421875,0.7607421875,
0.889,-4.6845703125,2.802734375,1.521484375,
0.8895,-4.6845703125,1.76171875,2.6025390625,
0.89,-4.5244140625,1.28125,3.0029296875,
0.8905,-4.083984375,0.3203125,3.5234375,
0.891,-3.5634765625,-0.5205078125,3.84375,
0.8915,-2.8828125,-1.44140625,4.1240234375,
0.892,-2.2822265625,-2.2822265625,4.32421875,
0.8925,-1.4814453125,-3.36328125,4.564453125,
0.893,-0.640625,-3.8037109375,4.1240234375,
0.8935,0.2802734375,-4.5244140625,3.923828125,
0.894,1.1611328125,-4.724609375,3.1630859375,
0.8945,1.8818359375,-5.044921875,2.7626953125,
0.895,2.8427734375,-5.28515625,1.9619140625,
0.8955,3.36328125,-5.365234375,1.44140625,
0.896,3.68359375,-4.884765625,0.6005859375,
0.8965,4.083984375,-4.64453125,-0.240234375,
0.897,4.083984375,-3.763671875,-1.2412109375,
0.8975,4.32421875,-3.203125,-2.08203125,
0.898,4.404296875,-2.2421875,-3.203125,
0.8985,4.1240234375,-1.6015625,-3.603515625,
0.899,3.68359375,-0.560546875,-4.2841796875,
0.8995,3.04296875,0.4404296875,-4.564453125,
0.9,2.40234375,1.3212890625,-4.8447265625,
0.9005,1.5615234375,2.40234375,-5.125,
0.901,0.7607421875,3.443359375,-5.3251953125,
0.9015,-0.400390625,3.84375,-4.64453125,
0.902,-1.2412109375,4.484375,-4.404296875,
0.9025,-2.1220703125,4.6044921875,-3.5634765625,
0.903,-2.8828125,4.9248046875,-2.962890625,
0.9035,-3.8837890625,5.125,-2.08203125,
0.904,-4.404296875,4.9248046875,-1.3212890625,
0.9045,-4.5244140625,4.32421875,-0.48046875,
0.905,-4.7646484375,3.8837890625,0.3203125,
0.9055,-4.6845703125,2.8427734375,1.4013671875,
0.906,-4.6845703125,2.2021484375,2.2021484375,
0.9065,-4.724609375,1.2412109375,3.2431640625,
0.907,-4.1240234375,0.4404296875,3.4833984375,
0.9075,-3.7236328125,-0.5205078125,3.923828125,
0.908,-2.962890625,-1.28125,4.00390625,
0.9085,-2.40234375,-2.1220703125,4.244140625,
0.909,-1.44140625,-3.1630859375,4.2841796875,
0.9095,-0.720703125,-3.8837890625,4.2841796875,
0.91,0.3603515625,-4.1240234375,3.603515625,
0.9105,0.9609375,-4.64453125,3.36328125,
0.911,1.76171875,-4.6845703125,2.5224609375,
0.9115,2.40234375,-4.96484375,2.08203125,
0.912,3.2431640625,-5.125,1.3212890625,
0.9125,3.443359375,-4.7646484375,0.6806640625,
0.913,3.7236328125,-4.4443359375,0,
0.9135,3.8037109375,-3.84375,-0.80078125,
0.914,3.8837890625,-3.1630859375,-1.681640625,
0.9145,3.9638671875,-2.5224609375,-2.4423828125,
0.915,4.0439453125,-1.8818359375,-3.283203125,
0.9155,3.4833984375,-1.12109375,-3.5634765625,
0.916,3.283203125,-0.3203125,-4.1640625,
0.9165,2.482421875,0.720703125,-4.32421875,
0.917,2.08203125,1.4013671875,-4.8447265625,
0.9175,1.2412109375,2.5224609375,-4.9248046875,
0.918,0.6005859375,3.283203125,-4.8447265625,
0.9185,-0.6005859375,3.763671875,-4.244140625,
0.919,-1.28125,4.244140625,-4.00390625,
0.9195,-2.2021484375,4.484375,-3.2431640625,
0.92,-2.8828125,4.7646484375,-2.8427734375,
0.9205,-3.763671875,5.0048828125,-2.08203125,
0.921,-4.00390625,4.484375,-1.2412109375,
0.9215,-4.3642578125,4.2041015625,-0.5205078125,
0.922,-4.484375,3.443359375,0.5205078125,
0.9225,-4.64453125,2.6826171875,1.521484375,
0.923,-4.64453125,1.921875,2.322265625,
0.9235,-4.564453125,1.201171875,3.1630859375,
0.924,-3.84375,0.2001953125,3.4033203125,
0.9245,-3.603515625,-0.6005859375,3.923828125,
0.925,-2.642578125,-1.8017578125,3.8837890625,
0.9255,-2.1220703125,-2.5224609375,4.32421875,
0.926,-1.1611328125,-3.5234375,4.32421875,
0.9265,-0.3203125,-3.9638671875,3.923828125,
0.927,0.640625,-4.3642578125,3.36328125,
0.9275,1.4013671875,-4.6845703125,2.8828125,
0.928,2.3623046875,-4.8447265625,2.0419921875,
0.9285,2.802734375,-4.96484375,1.6015625,
0.929,3.4833984375,-5.0048828125,0.9208984375,
0.9295,3.5234375,-4.2841796875,0.080078125,
0.93,3.763671875,-4.0439453125,-0.6005859375,
0.9305,3.7236328125,-3.0830078125,-1.5615234375,
0.931,3.84375,-2.5625,-2.2822265625,
0.9315,3.7236328125,-1.8017578125,-2.962890625,
0.932,3.5234375,-1.1611328125,-3.5234375,
0.9325,2.8828125,-0.3203125,-3.763671875,
0.933,2.6025390625,0.2802734375,-4.1240234375,
0.9335,1.841796875,1.28125,-4.2841796875,
0.934,1.44140625,1.9619140625,-4.564453125,
0.9345,0.6005859375,2.8828125,-4.564453125,
0.935,-0.2802734375,3.2431640625,-4.1240234375,
0.9355,-1.0009765625,3.763671875,-3.84375,
0.936,-1.7216796875,3.9638671875,-3.3232421875,
0.9365,-2.4423828125,4.32421875,-2.8828125,
0.937,-2.962890625,4.484375,-2.40234375,
0.9375,-3.5634765625,4.484375,-1.8017578125,
0.938,-3.7236328125,3.923828125,-1.0009765625,
0.9385,-4.083984375,3.8037109375,-0.400390625,
0.939,-4.1240234375,2.8427734375,0.7607421875,
0.9395,-4.4443359375,2.5224609375,1.44140625,
0.94,-4.3642578125,1.76171875,2.2822265625,
0.9405,-4.1640625,1.12109375,2.72265625,
0.941,-3.7236328125,0.240234375,3.203125,
0.9415,-3.283203125,-0.6806640625,3.5634765625,
0.942,-2.5625,-1.681640625,3.923828125,
0.9425,-2.001953125,-2.4423828125,4.1240234375,
0.943,-1.1611328125,-3.283203125,4.1240234375,
0.9435,-0.2001953125,-3.763671875,3.5634765625,
0.944,0.6005859375,-4.244140625,3.3232421875,
0.9445,1.5615234375,-4.5244140625,2.5224609375,
0.945,2.2421875,-4.884765625,2.162109375,
0.9455,2.8427734375,-4.884765625,1.4814453125,
0.946,3.3232421875,-4.7646484375,0.80078125,
0.9465,3.443359375,-4.1240234375,0,
0.947,3.7236328125,-3.763671875,-0.80078125,
0.9475,3.763671875,-2.72265625,-2.001953125,
0.948,3.84375,-2.322265625,-2.5625,
0.9485,3.68359375,-1.4814453125,-3.283203125,
0.949,3.203125,-0.640625,-3.6435546875,
0.9495,2.72265625,0.16015625,-4.00390625,
0.95,2.0419921875,1.041015625,-4.244140625,
0.9505,1.4013671875,2.0419921875,-4.564453125,
0.951,0.7607421875,2.642578125,-4.484375,
0.9515,0,3.3232421875,-4.3642578125,
0.952,-1.0009765625,3.5634765625,-3.68359375,
0.9525,-1.6015625,3.9638671875,-3.443359375,
0.953,-2.5625,4.1640625,-2.5625,
0.9535,-2.962890625,4.3642578125,-2.2822265625,
0.954,-3.443359375,4.2841796875,-1.6416015625,
0.9545,-3.7236328125,3.9638671875,-1.0009765625,
0.955,-3.84375,3.443359375,-0.3203125,
0.9555,-4.00390625,2.9228515625,0.560546875,
0.956,-4.1640625,2.2021484375,1.521484375,
0.9565,-4.1640625,1.76171875,1.9619140625,
0.957,-4.0439453125,1.12109375,2.6826171875,
0.9575,-3.5234375,0.2802734375,2.9228515625,
0.958,-3.283203125,-0.5205078125,3.443359375,
0.9585,-2.5224609375,-1.44140625,3.6435546875,
0.959,-2.08203125,-2.2021484375,4.00390625,
0.9595,-1.28125,-2.9228515625,3.84375,
0.96,-0.5205078125,-3.5634765625,3.7236328125,
0.9605,0.400390625,-3.8837890625,3.1630859375,
0.961,1.0810546875,-4.404296875,2.9228515625,
0.9615,2.0419921875,-4.64453125,2.162109375,
0.962,2.482421875,-4.884765625,1.8818359375,
0.9625,3.0830078125,-4.8046875,1.12109375,
0.963,3.3232421875,-4.3642578125,0.3603515625,
0.9635,3.603515625,-3.923828125,-0.48046875,
0.964,3.8037109375,-3.203125,-1.44140625,
0.9645,3.9638671875,-2.5625,-2.40234375,
0.965,3.84375,-1.9619140625,-2.8828125,
0.9655,3.68359375,-1.1611328125,-3.68359375,
0.966,2.962890625,-0.2802734375,-3.8837890625,
0.9665,2.6025390625,0.640625,-4.404296875,
0.967,1.7216796875,1.8818359375,-4.64453125,
0.9675,1.1611328125,2.642578125,-4.8447265625,
0.968,0.16015625,3.3232421875,-4.5244140625,
0.9685,-0.720703125,3.8837890625,-4.2041015625,
0.969,-1.5615234375,4.083984375,-3.5634765625,
0.9695,-2.3623046875,4.484375,-3.0830078125,
0.97,-3.36328125,4.724609375,-2.2421875,
0.9705,-3.6435546875,4.5244140625,-1.6416015625,
0.971,-4.1240234375,4.32421875,-0.9609375,
0.9715,-4.1640625,3.68359375,-0.16015625,
0.972,-4.32421875,3.123046875,0.720703125,
0.9725,-4.3642578125,2.162109375,1.76171875,
0.973,-4.4443359375,1.5615234375,2.5224609375,
0.9735,-4.00390625,0.7607421875,2.8828125,
0.974,-3.8037109375,0.0400390625,3.443359375,
0.9745,-2.962890625,-0.8408203125,3.5234375,
0.975,-2.6025390625,-1.5615234375,3.84375,
0.9755,-1.6416015625,-2.6826171875,4.00390625,
0.976,-1.12109375,-3.203125,3.9638671875,
0.9765,-0.2001953125,-3.8037109375,3.603515625,
0.977,0.560546875,-4.1240234375,3.203125,
0.9775,1.28125,-4.3642578125,2.6826171875,
0.978,2.0419921875,-4.564453125,2.162109375,
0.9785,2.802734375,-4.8447265625,1.5615234375,
0.979,2.962890625,-4.564453125,1.0009765625,
0.9795,3.443359375,-4.5244140625,0.400390625,
0.98,3.4033203125,-3.8037109375,-0.48046875,
0.9805,3.7236328125,-3.443359375,-1.1611328125,
0.981,3.763671875,-2.5224609375,-2.2021484375,
0.9815,3.8837890625,-2.2021484375,-2.7626953125,
0.982,3.5234375,-1.4013671875,-3.283203125,
0.9825,3.283203125,-0.720703125,-3.84375,
0.983,2.6025390625,0.400390625,-4.083984375,
0.9835,2.2421875,1.2412109375,-4.5244140625,
0.984,1.4013671875,2.3623046875,-4.8447265625,
0.9845,0.7607421875,2.9228515625,-4.724609375,
0.985,-0.3603515625,3.68359375,-4.4443359375,
0.9855,-1.1611328125,4.00390625,-3.923828125,
0.986,-1.921875,4.404296875,-3.4833984375,
0.9865,-2.8427734375,4.724609375,-2.802734375,
0.987,-3.6435546875,4.96484375,-2.162109375,
0.9875,-3.8837890625,4.484375,-1.361328125,
0.988,-4.404296875,4.404296875,-0.640625,
0.9885,-4.3642578125,3.4833984375,0.400390625,
0.989,-4.64453125,2.9228515625,1.28125,
0.9895,-4.724609375,1.841796875,2.482421875,
0.99,-4.564453125,1.201171875,3.0830078125,
0.9905,-4.00390625,0.16015625,3.5234375,
0.991,-3.603515625,-0.640625,3.9638671875,
0.9915,-2.7626953125,-1.5615234375,4.083984375,
0.992,-2.1220703125,-2.482421875,4.32421875,
0.9925,-1.1611328125,-3.68359375,4.484375,
0.993,-0.2001953125,-4.0439453125,3.923828125,
0.9935,0.6806640625,-4.6044921875,3.603515625,
0.994,1.44140625,-4.7646484375,2.8828125,
0.9945,2.2421875,-4.96484375,2.2421875,
0.995,3.0830078125,-5.125,1.4814453125,
0.9955,3.68359375,-5.0849609375,0.7607421875,
0.996,3.763671875,-4.4443359375,0,
0.9965,3.9638671875,-4.2041015625,-0.6806640625,
0.997,3.84375,-3.203125,-1.6015625,
0.9975,3.9638671875,-2.72265625,-2.3623046875,
0.998,3.9638671875,-1.76171875,-3.36328125,
0.9985,3.603515625,-1.1611328125,-3.7236328125,
0.999,3.1630859375,-0.2001953125,-4.1640625,
0.9995,2.6025390625,0.6005859375,-4.32421875,