Date,2021-02-02 10:06:08
Filename,STFCB-20200928-0105-0105_20210202_100504_002.dat
Data Label,회전체불평형
Label No,02
Motor Spec,L-PAHU-03S,1760,55,105.3,
Period,1SEC
Sample Rate,2000
RMS,61.5228,61.4881,60.98002,
Data Length,2000,
0,-51.5302734375,81.51953125,-33.2724609375,
0.0005,-54.61328125,81.4794921875,-29.2685546875,
0.001,-67.3056640625,80.318359375,-7.0068359375,
0.0015,-69.3076171875,79.0771484375,-2.4423828125,
0.002,-79.677734375,67.42578125,18.5380859375,
0.0025,-81.6396484375,62.4609375,26.3056640625,
0.003,-81.6396484375,52.8115234375,40.3193359375,
0.0035,-81.6396484375,38.7177734375,51.6103515625,
0.004,-81.6396484375,32.671875,55.2138671875,
0.0045,-78.95703125,11.931640625,67.10546875,
0.005,-79.9580078125,6.1259765625,72.1103515625,
0.0055,-71.6298828125,-14.89453125,81.5595703125,
0.006,-66.2646484375,-23.142578125,81.5595703125,
0.0065,-55.0537109375,-35.314453125,81.51953125,
0.007,-40.2392578125,-46.8056640625,81.51953125,
0.0075,-36.0751953125,-52.1708984375,81.51953125,
0.008,-14.2138671875,-66.2646484375,79.4375,
0.0085,-10.73046875,-70.548828125,80.4384765625,
0.009,11.8115234375,-80.5986328125,68.0263671875,
0.0095,17.216796875,-80.2783203125,61.98046875,
0.01,32.4716796875,-81.6396484375,49.48828125,
0.0105,44.7236328125,-81.6396484375,37.9169921875,
0.011,52.53125,-81.6796875,32.19140625,
0.0115,65.6240234375,-81.3994140625,12.4921875,
0.012,70.4287109375,-81.6396484375,7.7275390625,
0.0125,81.4794921875,-71.3095703125,-13.9736328125,
0.013,81.4794921875,-67.42578125,-19.8994140625,
0.0135,81.4794921875,-57.3359375,-35.5146484375,
0.014,81.4794921875,-45.724609375,-46.7255859375,
0.0145,81.4794921875,-40.51953125,-52.0908203125,
0.015,81.4794921875,-19.138671875,-63.982421875,
0.0155,81.4794921875,-15.8955078125,-67.42578125,
0.016,73.671875,7.4072265625,-79.517578125,
0.0165,71.26953125,12.6923828125,-81.3994140625,
0.017,59.1376953125,29.869140625,-81.6796875,
0.0175,47.4462890625,39.9990234375,-81.6396484375,
0.018,38.7578125,47.806640625,-81.6796875,
0.0185,20.3798828125,57.7763671875,-77.0751953125,
0.019,15.5751953125,65.1435546875,-80.2783203125,
0.0195,-7.4873046875,79.5576171875,-71.3896484375,
0.02,-13.212890625,81.51953125,-68.2666015625,
0.0205,-29.548828125,81.51953125,-55.9345703125,
0.021,-39.798828125,81.51953125,-44.4033203125,
0.0215,-48.4873046875,81.51953125,-37.95703125,
0.022,-61.5400390625,81.51953125,-19.21875,
0.0225,-66.1044921875,81.51953125,-15.7353515625,
0.023,-77.755859375,77.5556640625,7.4873046875,
0.0235,-77.8759765625,73.1513671875,11.8115234375,
0.024,-81.6796875,61.01953125,29.1884765625,
0.0245,-81.6396484375,52.1708984375,40.119140625,
0.025,-81.6396484375,44.0029296875,49.568359375,
0.0255,-81.6396484375,26.5859375,58.5771484375,
0.026,-81.6796875,20.419921875,62.4609375,
0.0265,-73.671875,-1.44140625,74.072265625,
0.027,-71.4697265625,-7.9677734375,76.9951171875,
0.0275,-62.7412109375,-25.5849609375,81.5595703125,
0.028,-54.1328125,-36.5556640625,81.51953125,
0.0285,-46.0048828125,-44.68359375,81.5595703125,
0.029,-28.02734375,-54.93359375,80.9990234375,
0.0295,-25.064453125,-59.09765625,81.5595703125,
0.03,-1.5615234375,-74.2724609375,74.6728515625,
0.0305,3.0029296875,-78.076171875,73.9921875,
0.031,22.421875,-81.6396484375,62.5810546875,
0.0315,31.2705078125,-81.6396484375,52.451171875,
0.032,41.2001953125,-81.6796875,42.0009765625,
0.0325,53.3720703125,-81.6396484375,25.9052734375,
0.033,58.4169921875,-81.6396484375,21.8212890625,
0.0335,73.671875,-77.4755859375,0.0400390625,
0.034,76.1142578125,-74.6328125,-5.6455078125,
0.0345,81.4794921875,-63.26171875,-23.1025390625,
0.035,81.4794921875,-54.4130859375,-32.1513671875,
0.0355,81.4794921875,-46.685546875,-42.921875,
0.036,81.4794921875,-31.630859375,-55.1337890625,
0.0365,81.4794921875,-28.2275390625,-59.8583984375,
0.037,78.8369140625,-5.6455078125,-72.470703125,
0.0375,77.1552734375,-1.8017578125,-73.7119140625,
0.038,65.82421875,18.9384765625,-81.6396484375,
0.0385,60.458984375,27.546875,-81.6396484375,
0.039,51.0498046875,41.48046875,-81.6396484375,
0.0395,35.474609375,51.41015625,-81.6396484375,
0.04,28.7880859375,57.5361328125,-81.6796875,
0.0405,6.0458984375,70.548828125,-76.39453125,
0.041,1.5615234375,74.953125,-76.234375,
0.0415,-19.69921875,81.51953125,-66.544921875,
0.042,-27.7470703125,81.51953125,-59.818359375,
0.0425,-38.7578125,81.599609375,-48.0869140625,
0.043,-49.48828125,81.51953125,-31.2705078125,
0.0435,-53.4921875,81.51953125,-27.70703125,
0.044,-68.5869140625,79.4375,-4.8447265625,
0.0445,-73.6318359375,81.5595703125,-1.521484375,
0.045,-81.6796875,70.1484375,20.7001953125,
0.0455,-81.6796875,63.181640625,26.3056640625,
0.046,-81.6396484375,50.849609375,40.0390625,
0.0465,-81.6396484375,37.2763671875,51.5703125,
0.047,-81.6396484375,32.4716796875,58.0166015625,
0.0475,-81.6396484375,11.2109375,70.4287109375,
0.048,-81.6796875,6.1259765625,73.7919921875,
0.0485,-69.34765625,-15.2548828125,81.51953125,
0.049,-63.341796875,-22.421875,81.4794921875,
0.0495,-53.3720703125,-36.67578125,81.51953125,
0.05,-39.9189453125,-49.80859375,81.51953125,
0.0505,-35.955078125,-54.1328125,81.5595703125,
0.051,-12.97265625,-66.064453125,77.755859375,
0.0515,-9.9697265625,-68.5068359375,77.1953125,
0.052,13.2529296875,-79.7578125,65.34375,
0.0525,19.859375,-81.6396484375,62.3408203125,
0.053,35.8349609375,-81.6396484375,51.73046875,
0.0535,47.5263671875,-81.6396484375,38.59765625,
0.054,52.3310546875,-81.6396484375,31.7109375,
0.0545,65.0634765625,-80.4384765625,11.4912109375,
0.055,71.109375,-81.6396484375,6.5263671875,
0.0555,81.4794921875,-74.1923828125,-15.2548828125,
0.056,81.4794921875,-70.1484375,-22.2216796875,
0.0565,81.51953125,-57.81640625,-35.634765625,
0.057,81.439453125,-44.04296875,-46.205078125,
0.0575,81.4794921875,-38.7177734375,-51.3701171875,
0.058,81.4794921875,-17.8173828125,-66.3447265625,
0.0585,81.4794921875,-14.25390625,-70.9892578125,
0.059,75.9140625,8.328125,-81.6796875,
0.0595,69.66796875,14.013671875,-81.19921875,
0.06,56.8154296875,29.708984375,-81.6796875,
0.0605,45.484375,42.4013671875,-81.6396484375,
0.061,38.9580078125,50.5693359375,-81.6396484375,
0.0615,19.3388671875,64.3828125,-81.6396484375,
0.062,13.5732421875,69.7880859375,-81.6796875,
0.0625,-8.4482421875,81.5595703125,-72.5908203125,
0.063,-15.3349609375,81.51953125,-67.74609375,
0.0635,-32.111328125,81.51953125,-57.5361328125,
0.064,-44.123046875,81.51953125,-46.28515625,
0.0645,-50.689453125,81.3994140625,-38.3974609375,
0.065,-60.859375,81.4794921875,-18.4580078125,
0.0655,-64.6630859375,81.5595703125,-13.7333984375,
0.066,-78.236328125,76.07421875,9.8095703125,
0.0665,-81.0791015625,73.9921875,15.0146484375,
0.067,-81.6396484375,62.2607421875,33.15234375,
0.0675,-81.6396484375,51.25,42.44140625,
0.068,-81.6396484375,40.7998046875,50.4091796875,
0.0685,-80.9189453125,22.8623046875,59.7783203125,
0.069,-81.6796875,17.4169921875,66.14453125,
0.0695,-76.7548828125,-5.365234375,80.638671875,
0.07,-75.1533203125,-11.2109375,81.51953125,
0.0705,-63.1015625,-28.7080078125,81.51953125,
0.071,-52.8115234375,-37.9970703125,81.51953125,
0.0715,-45.00390625,-47.806640625,81.51953125,
0.072,-27.06640625,-59.73828125,81.19921875,
0.0725,-23.5830078125,-65.8642578125,81.4794921875,
0.073,0.640625,-78.15625,77.275390625,
0.0735,3.923828125,-78.556640625,73.9921875,
0.074,24.4638671875,-81.6396484375,60.37890625,
0.0745,33.3525390625,-81.6396484375,52.8115234375,
0.075,45.7646484375,-81.6396484375,43.0419921875,
0.0755,55.4541015625,-81.6396484375,26.345703125,
0.076,60.8994140625,-81.6396484375,20.5,
0.0765,73.83203125,-75.11328125,-2.5224609375,
0.077,76.9150390625,-74.5927734375,-6.6064453125,
0.0775,81.5595703125,-64.7431640625,-26.5859375,
0.078,81.4794921875,-57.9765625,-35.5546875,
0.0785,81.4794921875,-48.447265625,-45.4443359375,
0.079,81.4794921875,-31.55078125,-55.0537109375,
0.0795,81.4794921875,-28.34765625,-59.5380859375,
0.08,80.1982421875,-4.64453125,-74.232421875,
0.0805,81.4794921875,-1.28125,-78.076171875,
0.081,69.748046875,19.939453125,-81.6396484375,
0.0815,61.5400390625,27.3466796875,-81.6396484375,
0.082,49.80859375,39.5986328125,-81.6796875,
0.0825,33.9130859375,51.41015625,-81.6396484375,
0.083,29.4287109375,57.255859375,-81.6796875,
0.0835,6.2861328125,72.55078125,-78.8369140625,
0.084,1.5615234375,76.154296875,-77.275390625,
0.0845,-18.8984375,81.5595703125,-64.703125,
0.085,-27.0263671875,81.51953125,-56.8955078125,
0.0855,-39.2783203125,81.51953125,-47.24609375,
0.086,-53.0517578125,81.51953125,-31.951171875,
0.0865,-56.294921875,81.51953125,-28.7080078125,
0.087,-69.908203125,81.51953125,-5.525390625,
0.0875,-72.0302734375,80.6787109375,-1.681640625,
0.088,-81.6796875,69.587890625,19.69921875,
0.0885,-81.6396484375,64.6630859375,27.947265625,
0.089,-81.6396484375,54.6533203125,41.6806640625,
0.0895,-81.6396484375,39.55859375,52.69140625,
0.09,-81.6396484375,32.751953125,56.0146484375,
0.0905,-80.71875,10.8505859375,69.4677734375,
0.091,-80.5986328125,5.0849609375,73.6318359375,
0.0915,-72.2705078125,-15.9755859375,81.51953125,
0.092,-66.625,-24.34375,81.51953125,
0.0925,-54.7734375,-36.3955078125,81.51953125,
0.093,-39.078125,-47.88671875,81.51953125,
0.0935,-34.7939453125,-52.5712890625,81.5595703125,
0.094,-12.412109375,-67.666015625,79.0771484375,
0.0945,-9.1689453125,-72.791015625,80.8388671875,
0.095,13.7734375,-81.6396484375,69.9482421875,
0.0955,19.8193359375,-81.6396484375,63.6220703125,
0.096,34.673828125,-81.6396484375,50.9697265625,
0.0965,48.1669921875,-81.6396484375,38.357421875,
0.097,54.93359375,-81.6396484375,32.7919921875,
0.0975,68.3466796875,-81.6396484375,12.0517578125,
0.098,72.5107421875,-81.6796875,6.486328125,
0.0985,81.4794921875,-72.5107421875,-15.0947265625,
0.099,81.4794921875,-67.10546875,-21.701171875,
0.0995,81.4794921875,-56.85546875,-37.556640625,
0.1,81.4794921875,-44.68359375,-49.328125,
0.1005,81.4794921875,-38.7578125,-54.212890625,
0.101,81.4794921875,-16.8564453125,-65.904296875,
0.1015,81.51953125,-13.1328125,-68.787109375,
0.102,71.91015625,10.7705078125,-81.2392578125,
0.1025,70.62890625,15.9755859375,-81.6396484375,
0.103,58.8173828125,34.43359375,-81.6396484375,
0.1035,46.8857421875,44.9638671875,-81.6396484375,
0.104,38.2373046875,51.8505859375,-81.6396484375,
0.1045,17.376953125,64.0625,-81.439453125,
0.105,12.8525390625,71.2294921875,-81.6796875,
0.1055,-11.2509765625,81.5595703125,-75.0732421875,
0.106,-16.6962890625,81.51953125,-72.150390625,
0.1065,-33.6328125,81.4794921875,-58.1767578125,
0.107,-43.322265625,81.51953125,-44.8837890625,
0.1075,-51.4501953125,81.51953125,-37.2763671875,
0.108,-63.501953125,81.51953125,-17.3369140625,
0.1085,-69.0673828125,81.51953125,-13.4931640625,
0.109,-81.6796875,78.9169921875,10.810546875,
0.1095,-80.8388671875,73.83203125,14.734375,
0.11,-81.6396484375,59.8583984375,33.232421875,
0.1105,-81.6396484375,50.7294921875,43.5625,
0.111,-81.6396484375,41.8408203125,53.7724609375,
0.1115,-81.6396484375,23.8232421875,62.94140625,
0.112,-81.6396484375,18.09765625,67.826171875,
0.1125,-75.7939453125,-5.4453125,80.0380859375,
0.113,-73.912109375,-11.2109375,81.4794921875,
0.1135,-64.0224609375,-30.0693359375,81.51953125,
0.114,-54.8935546875,-41.2001953125,81.51953125,
0.1145,-46.1650390625,-49.16796875,81.51953125,
0.115,-26.2255859375,-59.3779296875,81.51953125,
0.1155,-22.26171875,-63.58203125,81.51953125,
0.116,2.1220703125,-77.515625,74.9931640625,
0.1165,6.4462890625,-80.9990234375,74.1923828125,
0.117,26.3857421875,-81.6396484375,62.5810546875,
0.1175,35.5546875,-81.6396484375,52.3310546875,
0.118,45.32421875,-81.6396484375,41,
0.1185,56.4150390625,-81.6396484375,24.0634765625,
0.119,63.5419921875,-81.6396484375,18.5380859375,
0.1195,79.4775390625,-80.158203125,-3.84375,
0.12,81.51953125,-78.4765625,-9.048828125,
0.1205,81.4794921875,-66.5048828125,-26.9462890625,
0.121,81.4794921875,-57.3359375,-36.1552734375,
0.1215,81.4794921875,-48.7275390625,-46.365234375,
0.122,81.4794921875,-32.3916015625,-58.3369140625,
0.1225,81.4794921875,-28.7080078125,-62.62109375,
0.123,81.4794921875,-5.125,-76.07421875,
0.1235,80.1181640625,-0.7607421875,-76.39453125,
0.124,68.0263671875,19.69921875,-81.6396484375,
0.1245,61.2197265625,29.2685546875,-81.6396484375,
0.125,51.41015625,42.6416015625,-81.6396484375,
0.1255,34.673828125,53.7724609375,-81.6396484375,
0.126,28.587890625,57.2158203125,-81.6396484375,
0.1265,5.365234375,70.94921875,-75.9541015625,
0.127,0.080078125,75.513671875,-75.2333984375,
0.1275,-21.220703125,81.51953125,-66.1845703125,
0.128,-30.0693359375,81.359375,-59.9384765625,
0.1285,-41.9609375,81.439453125,-48.84765625,
0.129,-53.171875,81.3994140625,-32.111328125,
0.1295,-56.7353515625,81.51953125,-28.1474609375,
0.13,-72.0703125,81.51953125,-4.5244140625,
0.1305,-76.5146484375,81.51953125,-1.12109375,
0.131,-81.6396484375,73.5517578125,21.5009765625,
0.1315,-81.6396484375,66.3046875,27.546875,
0.132,-81.6396484375,53.65234375,41.2802734375,
0.1325,-81.6396484375,38.4775390625,52.8115234375,
0.133,-81.6396484375,32.912109375,58.857421875,
0.1335,-81.6396484375,9.9296875,73.0712890625,
0.134,-81.6796875,5.0048828125,76.1943359375,
0.1345,-70.1884765625,-16.6962890625,81.5595703125,
0.135,-64.2626953125,-23.623046875,81.51953125,
0.1355,-53.9326171875,-38.4375,81.51953125,
0.136,-40.279296875,-51.169921875,81.6396484375,
0.1365,-36.115234375,-56.21484375,81.4794921875,
0.137,-12.4521484375,-68.9072265625,80.8388671875,
0.1375,-9.609375,-72.0703125,80.9990234375,
0.138,14.9345703125,-81.6396484375,68.5068359375,
0.1385,20.7802734375,-81.6396484375,65.904296875,
0.139,38.1171875,-81.599609375,54.0927734375,
0.1395,49.248046875,-81.6396484375,40.279296875,
0.14,54.2529296875,-81.6396484375,32.51171875,
0.1405,68.38671875,-81.6396484375,9.609375,
0.141,73.271484375,-81.6396484375,5.3251953125,
0.1415,81.4794921875,-74.3525390625,-17.6171875,
0.142,81.4794921875,-70.4287109375,-23.86328125,
0.1425,81.4794921875,-57.6162109375,-38.1572265625,
0.143,81.4794921875,-43.001953125,-48.4072265625,
0.1435,81.4794921875,-37.3564453125,-53.6123046875,
0.144,81.599609375,-15.4951171875,-68.2265625,
0.1445,81.4794921875,-12.2119140625,-73.3115234375,
0.145,76.71484375,11.2109375,-81.6796875,
0.1455,71.3896484375,16.49609375,-81.6396484375,
0.146,58.2568359375,33.072265625,-81.6396484375,
0.1465,46.92578125,45.724609375,-81.6396484375,
0.147,39.8388671875,53.732421875,-81.6396484375,
0.1475,18.818359375,67.185546875,-81.6396484375,
0.148,13.0927734375,71.4697265625,-81.6796875,
0.1485,-10.0498046875,81.5595703125,-73.431640625,
0.149,-16.3759765625,81.51953125,-68.546875,
0.1495,-33.47265625,81.51953125,-58.1767578125,
0.15,-45.8447265625,81.4794921875,-46.3251953125,
0.1505,-52.291015625,81.51953125,-38.6376953125,
0.151,-62.6611328125,81.51953125,-17.6572265625,
0.1515,-65.50390625,81.51953125,-13.0126953125,
0.152,-78.9970703125,75.513671875,10.650390625,
0.1525,-81.6396484375,74.15234375,16.1357421875,
0.153,-81.6396484375,63.7021484375,34.2333984375,
0.1535,-81.6396484375,52.8916015625,44.4833984375,
0.154,-81.6396484375,42.6416015625,52.2509765625,
0.1545,-81.6396484375,24.34375,61.6201171875,
0.155,-81.6396484375,18.41796875,67.6259765625,
0.1555,-79.59765625,-4.564453125,81.5595703125,
0.156,-77.4755859375,-10.6103515625,81.51953125,
0.1565,-65.1435546875,-28.0673828125,81.51953125,
0.157,-54.1728515625,-37.5166015625,81.51953125,
0.1575,-45.8447265625,-46.9658203125,81.51953125,
0.158,-26.8662109375,-59.6181640625,81.51953125,
0.1585,-23.462890625,-65.18359375,81.51953125,
0.159,0.9609375,-77.8759765625,76.154296875,
0.1595,4.32421875,-77.5556640625,72.390625,
0.16,24.263671875,-81.6396484375,59.2177734375,
0.1605,33.9130859375,-81.6396484375,51.73046875,
0.161,46.7255859375,-81.6396484375,42.9619140625,
0.1615,57.2158203125,-81.6396484375,26.2255859375,
0.162,63.0615234375,-81.6396484375,20.4599609375,
0.1625,76.0341796875,-77.8759765625,-2.5625,
0.163,78.95703125,-76.9150390625,-6.806640625,
0.1635,81.4794921875,-67.0654296875,-26.9462890625,
0.164,81.4794921875,-60.619140625,-35.71484375,
0.1645,81.4794921875,-50.609375,-46.0849609375,
0.165,81.4794921875,-33.072265625,-55.013671875,
0.1655,81.4794921875,-29.30859375,-58.697265625,
0.166,79.1171875,-4.8046875,-72.951171875,
0.1665,80.958984375,-2.001953125,-76.5146484375,
0.167,68.9072265625,19.9794921875,-81.6396484375,
0.1675,61.3798828125,26.8662109375,-81.6396484375,
0.168,49.7685546875,39.3984375,-81.6396484375,
0.1685,32.9921875,51.169921875,-81.6396484375,
0.169,28.8681640625,56.615234375,-81.6396484375,
0.1695,4.96484375,72.87109375,-77.435546875,
0.17,1.0810546875,77.5556640625,-78.15625,
0.1705,-19.9794921875,81.51953125,-65.6640625,
0.171,-27.4267578125,81.51953125,-58.77734375,
0.1715,-39.9990234375,81.51953125,-48.84765625,
0.172,-53.0517578125,81.51953125,-33.3525390625,
0.1725,-56.7353515625,81.4794921875,-30.109375,
0.173,-69.98828125,81.51953125,-6.2060546875,
0.1735,-71.349609375,81.51953125,-3.1630859375,
0.174,-81.6796875,69.427734375,19.21875,
0.1745,-81.6796875,65.0634765625,25.9853515625,
0.175,-81.6396484375,54.7734375,40.439453125,
0.1755,-81.6396484375,39.798828125,51.890625,
0.176,-81.6396484375,33.5927734375,55.2138671875,
0.1765,-78.31640625,10.6904296875,68.466796875,
0.177,-79.0771484375,6.326171875,72.310546875,
0.1775,-70.5087890625,-15.4150390625,81.51953125,
0.178,-66.3447265625,-23.302734375,81.51953125,
0.1785,-56.0146484375,-35.7548828125,81.5595703125,
0.179,-40.6396484375,-47.966796875,81.51953125,
0.1795,-36.7958984375,-52.291015625,81.51953125,
0.18,-14.0537109375,-67.1455078125,80.55859375,
0.1805,-10.9306640625,-71.509765625,81.5595703125,
0.181,11.771484375,-81.6796875,70.7890625,
0.1815,17.6572265625,-81.6396484375,64.5830078125,
0.182,32.3115234375,-81.6396484375,52.37109375,
0.1825,45.564453125,-81.6396484375,39.5185546875,
0.183,52.0908203125,-81.6396484375,33.6328125,
0.1835,65.6240234375,-81.6396484375,12.8125,
0.184,69.1474609375,-80.87890625,7.9677734375,
0.1845,79.9580078125,-70.388671875,-13.4931640625,
0.185,81.4794921875,-65.744140625,-19.779296875,
0.1855,81.4794921875,-56.455078125,-34.8740234375,
0.186,81.4794921875,-44.763671875,-47.40625,
0.1865,81.4794921875,-39.7587890625,-52.37109375,
0.187,81.4794921875,-18.2177734375,-64.9033203125,
0.1875,81.4794921875,-15.1748046875,-67.4658203125,
0.188,73.671875,7.9677734375,-80.3583984375,
0.1885,72.150390625,13.1328125,-81.6396484375,
0.189,61.6201171875,30.58984375,-81.6396484375,
0.1895,49.568359375,41.48046875,-81.6396484375,
0.19,41.2001953125,48.3271484375,-81.6396484375,
0.1905,20.419921875,60.4189453125,-80.71875,
0.191,15.775390625,66.46484375,-81.6796875,
0.1915,-7.607421875,80.55859375,-73.111328125,
0.192,-12.7724609375,81.3994140625,-70.228515625,
0.1925,-29.1884765625,81.4794921875,-57.5361328125,
0.193,-38.59765625,81.4794921875,-45.3642578125,
0.1935,-47.486328125,81.51953125,-38.4775390625,
0.194,-60.1787109375,81.51953125,-18.8583984375,
0.1945,-65.3837890625,81.51953125,-16.17578125,
0.195,-78.5166015625,76.6748046875,8.16796875,
0.1955,-78.31640625,73.7919921875,11.0107421875,
0.196,-81.6396484375,61.1796875,29.7490234375,
0.1965,-81.6396484375,53.33203125,39.6787109375,
0.197,-81.6396484375,45.32421875,50.3291015625,
0.1975,-81.6396484375,26.90625,59.73828125,
0.198,-81.6796875,21.861328125,63.8623046875,
0.1985,-74.3525390625,-1.8017578125,74.953125,
0.199,-73.111328125,-6.4462890625,77.03515625,
0.1995,-63.3017578125,-25.625,81.5595703125,
0.2,-55.3740234375,-35.5947265625,81.4794921875,
0.2005,-47.0859375,-44.68359375,81.359375,
0.201,-27.70703125,-54.4130859375,80.23828125,
0.2015,-25.1845703125,-57.416015625,80.7587890625,
0.202,-0.3603515625,-71.58984375,70.548828125,
0.2025,2.4423828125,-75.75390625,72.23046875,
0.203,23.54296875,-81.6396484375,61.2998046875,
0.2035,31.630859375,-81.6396484375,53.2919921875,
0.204,42.201171875,-81.6396484375,43.001953125,
0.2045,53.732421875,-81.6396484375,25.9853515625,
0.205,58.3369140625,-81.6396484375,22.7822265625,
0.2055,74.79296875,-78.0361328125,-0.8408203125,
0.206,78.15625,-77.8359375,-4.7646484375,
0.2065,81.4794921875,-65.6240234375,-23.22265625,
0.207,81.4794921875,-56.8955078125,-31.390625,
0.2075,81.4794921875,-48.767578125,-41.6806640625,
0.208,81.439453125,-32.51171875,-54.1728515625,
0.2085,81.4794921875,-29.7890625,-58.296875,
0.209,78.236328125,-6.40625,-71.4697265625,
0.2095,75.59375,-2.8828125,-71.1494140625,
0.21,63.7421875,17.13671875,-79.4775390625,
0.2105,58.6572265625,25.9853515625,-81.6396484375,
0.211,50.44921875,39.478515625,-81.6396484375,
0.2115,34.8740234375,51.5302734375,-81.6396484375,
0.212,30.0693359375,54.93359375,-81.6796875,
0.2125,6.7666015625,68.5869140625,-74.953125,
0.213,2.2822265625,72.310546875,-74.3125,
0.2135,-18.8583984375,81.5595703125,-65.8642578125,
0.214,-27.546875,81.51953125,-60.4990234375,
0.2145,-38.2373046875,81.51953125,-50.208984375,
0.215,-49.8486328125,81.51953125,-33.1923828125,
0.2155,-51.8505859375,81.5595703125,-29.5087890625,
0.216,-66.4248046875,78.4765625,-6.005859375,
0.2165,-70.548828125,80.1982421875,-2.962890625,
0.217,-81.6796875,69.908203125,18.6982421875,
0.2175,-81.6796875,62.94140625,24.7841796875,
0.218,-81.6396484375,51.5703125,37.0361328125,
0.2185,-81.6396484375,36.99609375,49.2880859375,
0.219,-81.6796875,32.271484375,54.61328125,
0.2195,-78.556640625,11.05078125,68.2666015625,
0.22,-79.7578125,6.56640625,72.150390625,
0.2205,-68.5068359375,-14.494140625,81.5595703125,
0.221,-63.3017578125,-21.0205078125,81.3193359375,
0.2215,-53.8525390625,-34.994140625,81.51953125,
0.222,-41.080078125,-48.046875,81.51953125,
0.2225,-37.796875,-53.251953125,81.51953125,
0.223,-14.494140625,-65.9443359375,79.837890625,
0.2235,-12.2119140625,-67.42578125,79.1171875,
0.224,11.4912109375,-78.15625,65.984375,
0.2245,16.49609375,-80.5986328125,63.501953125,
0.225,33.15234375,-81.6396484375,52.8916015625,
0.2255,44.84375,-81.6396484375,40.19921875,
0.226,49.96875,-81.6396484375,33.5927734375,
0.2265,61.6201171875,-76.875,12.0517578125,
0.227,66.14453125,-78.716796875,8.4482421875,
0.2275,80.5185546875,-69.908203125,-14.4140625,
0.228,81.4794921875,-68.38671875,-19.619140625,
0.2285,81.4794921875,-57.49609375,-34.8740234375,
0.229,81.4794921875,-44.8837890625,-44.7236328125,
0.2295,81.4794921875,-39.71875,-50.609375,
0.23,81.3994140625,-19.1787109375,-62.3408203125,
0.2305,81.4794921875,-16.9765625,-67.5458984375,
0.231,74.552734375,7.3271484375,-80.5986328125,
0.2315,71.0693359375,11.0107421875,-79.9580078125,
0.232,58.0166015625,28.107421875,-81.6796875,
0.2325,47.4462890625,39.4384765625,-81.6396484375,
0.233,40.7998046875,48.4873046875,-81.6396484375,
0.2335,19.8193359375,61.900390625,-81.119140625,
0.234,16.015625,66.3046875,-81.6796875,
0.2345,-7.5673828125,77.435546875,-69.267578125,
0.235,-12.2119140625,78.7568359375,-65.7041015625,
0.2355,-29.62890625,81.51953125,-55.57421875,
0.236,-41.2001953125,81.51953125,-45.6044921875,
0.2365,-49.0078125,81.51953125,-39.3984375,
0.237,-60.05859375,81.51953125,-19.138671875,
0.2375,-63.1416015625,81.51953125,-15.775390625,
0.238,-76.6748046875,74.47265625,8.2880859375,
0.2385,-79.4775390625,73.751953125,12.2119140625,
0.239,-81.6396484375,63.2216796875,30.91015625,
0.2395,-81.6396484375,53.5322265625,40.51953125,
0.24,-81.6396484375,43.8828125,48.1669921875,
0.2405,-81.6396484375,25.3447265625,57.9365234375,
0.241,-81.6796875,20.1396484375,62.9814453125,
0.2415,-75.3935546875,-3.2431640625,77.6357421875,
0.242,-73.671875,-8.6083984375,79.998046875,
0.2425,-62.30078125,-25.78515625,81.51953125,
0.243,-51.970703125,-35.474609375,81.5595703125,
0.2435,-44.7236328125,-44.203125,81.5595703125,
0.244,-26.505859375,-56.6953125,81.0390625,
0.2445,-24.2236328125,-61.01953125,81.5595703125,
0.245,0.2001953125,-75.033203125,73.5517578125,
0.2455,3.923828125,-75.9140625,70.9091796875,
0.246,23.54296875,-81.6396484375,59.2578125,
0.2465,33.3125,-81.6396484375,52.1708984375,
0.247,45.2041015625,-81.6396484375,43.8427734375,
0.2475,56.1748046875,-81.6396484375,27.0263671875,
0.248,61.01953125,-81.6396484375,21.2607421875,
0.2485,73.83203125,-76.1142578125,-1.921875,
0.249,75.833984375,-74.3125,-6.24609375,
0.2495,81.4794921875,-64.6630859375,-25.705078125,
0.25,81.4794921875,-58.0166015625,-34.5537109375,
0.2505,81.4794921875,-48.9677734375,-44.203125,
0.251,81.4794921875,-31.4306640625,-53.8525390625,
0.2515,81.4794921875,-28.1474609375,-57.0556640625,
0.252,75.9541015625,-3.9638671875,-71.6298828125,
0.2525,77.7158203125,-1.2412109375,-74.873046875,
0.253,66.9453125,20.3798828125,-81.6796875,
0.2535,60.1787109375,27.5068359375,-81.6396484375,
0.254,49.6083984375,39.8388671875,-81.6396484375,
0.2545,33.6328125,51.330078125,-81.6396484375,
0.255,29.7490234375,57.17578125,-81.6796875,
0.2555,5.5654296875,73.03125,-78.716796875,
0.256,1.841796875,76.955078125,-78.396484375,
0.2565,-19.5390625,81.4794921875,-64.9033203125,
0.257,-26.265625,81.3994140625,-57.9365234375,
0.2575,-39.3583984375,81.51953125,-47.9267578125,
0.258,-51.970703125,81.51953125,-32.7919921875,
0.2585,-55.814453125,81.51953125,-29.7890625,
0.259,-68.8271484375,79.998046875,-5.125,
0.2595,-69.5078125,79.27734375,-2.72265625,
0.26,-79.59765625,65.4638671875,20.2197265625,
0.2605,-81.6796875,62.1005859375,26.185546875,
0.261,-81.6396484375,52.53125,41.48046875,
0.2615,-81.6396484375,38.1572265625,52.6513671875,
0.262,-81.6396484375,32.7919921875,56.4951171875,
0.2625,-78.95703125,9.12890625,69.7880859375,
0.263,-80.23828125,5.2451171875,73.3515625,
0.2635,-70.5888671875,-17.376953125,81.5595703125,
0.264,-66.9052734375,-24.2236328125,81.4794921875,
0.2645,-55.6142578125,-37.15625,81.4794921875,
0.265,-40.439453125,-48.3271484375,81.51953125,
0.2655,-36.3955078125,-52.53125,81.5595703125,
0.266,-12.6923828125,-67.025390625,79.197265625,
0.2665,-10.5302734375,-71.4296875,81.279296875,
0.267,13.61328125,-81.6396484375,69.02734375,
0.2675,18.4580078125,-81.6396484375,63.1416015625,
0.268,33.15234375,-81.6396484375,50.208984375,
0.2685,46.125,-81.6396484375,37.556640625,
0.269,52.5712890625,-81.6396484375,32.51171875,
0.2695,67.6259765625,-81.6396484375,10.8505859375,
0.27,71.8701171875,-81.6796875,6.88671875,
0.2705,81.4794921875,-71.1494140625,-15.375,
0.271,81.4794921875,-66.064453125,-21.30078125,
0.2715,81.4794921875,-56.6953125,-36.35546875,
0.272,81.3994140625,-44.923828125,-49.0078125,
0.2725,81.439453125,-40.3193359375,-53.5322265625,
0.273,81.4794921875,-18.2177734375,-66.6650390625,
0.2735,81.51953125,-14.2939453125,-68.1865234375,
0.274,72.5107421875,9.048828125,-79.8779296875,
0.2745,70.0283203125,14.6142578125,-81.6396484375,
0.275,59.5380859375,31.951171875,-81.6396484375,
0.2755,47.7666015625,43.2822265625,-81.6396484375,
0.276,39.5185546875,49.2880859375,-81.6396484375,
0.2765,18.3779296875,61.5,-79.3974609375,
0.277,13.7333984375,66.705078125,-80.23828125,
0.2775,-10.169921875,81.5595703125,-71.4296875,
0.278,-15.6953125,81.51953125,-69.107421875,
0.2785,-32.0712890625,81.51953125,-57.3359375,
0.279,-42.28125,81.51953125,-45.00390625,
0.2795,-49.7685546875,81.51953125,-38.3974609375,
0.28,-62.1806640625,81.4794921875,-18.2177734375,
0.2805,-67.5458984375,81.4794921875,-15.134765625,
0.281,-81.2392578125,79.677734375,9.12890625,
0.2815,-80.0380859375,74.1923828125,12.9326171875,
0.282,-81.6796875,60.859375,30.830078125,
0.2825,-81.6396484375,51.810546875,40.6796875,
0.283,-81.6396484375,43.40234375,50.7294921875,
0.2835,-81.6396484375,25.3046875,60.69921875,
0.284,-81.6396484375,19.939453125,65.18359375,
0.2845,-73.03125,-4.083984375,76.1943359375,
0.285,-70.62890625,-8.6083984375,76.8349609375,
0.2855,-60.37890625,-28.0673828125,81.4794921875,
0.286,-53.33203125,-37.876953125,81.51953125,
0.2865,-45.9248046875,-47.6865234375,81.5595703125,
0.287,-26.505859375,-58.296875,81.51953125,
0.2875,-23.623046875,-62.30078125,81.5595703125,
0.288,2.2421875,-75.9140625,73.03125,
0.2885,4.6044921875,-79.2373046875,73.9921875,
0.289,26.10546875,-81.6396484375,62.060546875,
0.2895,34.033203125,-81.6396484375,53.892578125,
0.29,44.5234375,-81.6396484375,43.40234375,
0.2905,54.7734375,-81.6396484375,25.78515625,
0.291,61.5,-81.6396484375,21.140625,
0.2915,76.8349609375,-78.0361328125,-3.2431640625,
0.292,79.3974609375,-77.4755859375,-6.646484375,
0.2925,81.4794921875,-64.3828125,-26.3056640625,
0.293,81.4794921875,-55.974609375,-33.47265625,
0.2935,81.4794921875,-47.1259765625,-44.2431640625,
0.294,81.4794921875,-31.0703125,-55.89453125,
0.2945,81.4794921875,-28.7080078125,-60.779296875,
0.295,79.837890625,-3.68359375,-75.2333984375,
0.2955,78.4765625,-1.1611328125,-75.4736328125,
0.296,65.4638671875,20.4599609375,-81.6396484375,
0.2965,59.978515625,28.66796875,-81.6396484375,
0.297,51.2099609375,42.28125,-81.6396484375,
0.2975,34.9140625,53.8525390625,-81.6396484375,
0.298,29.2685546875,59.41796875,-81.6396484375,
0.2985,4.64453125,72.390625,-77.35546875,
0.299,0.48046875,74.9130859375,-75.59375,
0.2995,-21.220703125,81.51953125,-65.34375,
0.3,-29.62890625,81.51953125,-59.2578125,
0.3005,-40.7197265625,81.51953125,-48.767578125,
0.301,-52.2509765625,81.51953125,-31.791015625,
0.3015,-54.4130859375,81.51953125,-28.1474609375,
0.302,-69.34765625,79.5576171875,-3.923828125,
0.3025,-73.751953125,80.87890625,-0.720703125,
0.303,-81.6396484375,70.5888671875,22.0615234375,
0.3035,-81.6396484375,64.0224609375,28.267578125,
0.304,-81.6396484375,52.6513671875,41.0400390625,
0.3045,-81.6396484375,37.9169921875,53.1318359375,
0.305,-81.6396484375,33.0322265625,58.13671875,
0.3055,-81.6396484375,9.609375,74.3125,
0.306,-81.6796875,4.7646484375,77.515625,
0.3065,-71.669921875,-16.8564453125,81.5595703125,
0.307,-64.462890625,-23.9833984375,81.51953125,
0.3075,-54.453125,-37.3564453125,81.5595703125,
0.308,-40.3994140625,-50.7294921875,81.51953125,
0.3085,-37.0361328125,-55.3740234375,81.51953125,
0.309,-13.1328125,-68.6669921875,80.8388671875,
0.3095,-9.609375,-70.068359375,79.0771484375,
0.31,14.2939453125,-80.7587890625,65.6240234375,
0.3105,20.2998046875,-81.6396484375,61.9404296875,
0.311,37.1162109375,-81.6396484375,51.330078125,
0.3115,49.328125,-81.6396484375,39.0380859375,
0.312,54.453125,-81.6396484375,32.7919921875,
0.3125,67.10546875,-81.599609375,10.5302734375,
0.313,71.990234375,-81.6396484375,6.166015625,
0.3135,81.4794921875,-73.2314453125,-17.697265625,
0.314,81.4794921875,-70.3486328125,-23.22265625,
0.3145,81.439453125,-58.1767578125,-38.4775390625,
0.315,81.4794921875,-44.2431640625,-48.126953125,
0.3155,81.4794921875,-38.9580078125,-53.2119140625,
0.316,81.4794921875,-16.2158203125,-67.42578125,
0.3165,81.4794921875,-13.693359375,-72.1103515625,
0.317,75.513671875,11.3310546875,-81.6396484375,
0.3175,70.5087890625,15.294921875,-81.6396484375,
0.318,56.294921875,32.3916015625,-81.6396484375,
0.3185,45.32421875,43.482421875,-81.6396484375,
0.319,38.7578125,52.2109375,-81.6396484375,
0.3195,17.6171875,66.14453125,-81.6396484375,
0.32,13.7734375,71.91015625,-81.6796875,
0.3205,-11.2509765625,81.4794921875,-71.75,
0.321,-15.6953125,81.439453125,-68.06640625,
0.3215,-34.43359375,81.51953125,-56.21484375,
0.322,-45.2841796875,81.51953125,-46.1650390625,
0.3225,-53.01171875,81.51953125,-39.638671875,
0.323,-63.7421875,81.4794921875,-18.337890625,
0.3235,-66.3447265625,81.51953125,-14.89453125,
0.324,-79.3173828125,75.75390625,11.0908203125,
0.3245,-81.51953125,74.4326171875,14.734375,
0.325,-81.6396484375,62.2607421875,34.353515625,
0.3255,-81.6396484375,52.130859375,43.9228515625,
0.326,-81.6396484375,42.2412109375,51.5302734375,
0.3265,-81.6396484375,23.0224609375,60.4990234375,
0.327,-81.6396484375,17.9775390625,65.583984375,
0.3275,-75.5537109375,-6.56640625,80.87890625,
0.328,-74.5927734375,-11.771484375,81.4794921875,
0.3285,-62.541015625,-30.109375,81.4794921875,
0.329,-52.4912109375,-39.5986328125,81.4794921875,
0.3295,-44.6435546875,-48.3671875,81.51953125,
0.33,-25.9052734375,-61.1796875,81.51953125,
0.3305,-23.142578125,-66.8251953125,81.51953125,
0.331,2.4423828125,-80.9990234375,79.1171875,
0.3315,5.8857421875,-80.5986328125,74.4326171875,
0.332,25.9453125,-81.6396484375,60.37890625,
0.3325,35.5146484375,-81.6396484375,51.8505859375,
0.333,46.7255859375,-81.6396484375,43.2421875,
0.3335,58.537109375,-81.6396484375,25.9052734375,
0.334,63.421875,-81.6396484375,20.580078125,
0.3345,76.5546875,-77.4755859375,-3.5634765625,
0.335,77.99609375,-74.3525390625,-8.2080078125,
0.3355,81.4794921875,-64.3427734375,-28.107421875,
0.336,81.4794921875,-57.2958984375,-37.6767578125,
0.3365,81.439453125,-48.84765625,-47.4462890625,
0.337,81.4794921875,-31.9912109375,-57.736328125,
0.3375,81.4794921875,-28.107421875,-60.8193359375,
0.338,80.7587890625,-3.4833984375,-75.673828125,
0.3385,81.4794921875,0.3203125,-79.1171875,
0.339,69.7880859375,22.421875,-81.6396484375,
0.3395,61.7802734375,30.109375,-81.6396484375,
0.34,50.4091796875,42.28125,-81.6396484375,
0.3405,33.6328125,53.4921875,-81.6396484375,
0.341,29.2685546875,58.4169921875,-81.6396484375,
0.3415,4.2841796875,74.8330078125,-79.59765625,
0.342,0,78.796875,-78.7568359375,
0.3425,-21.861328125,81.51953125,-65.103515625,
0.343,-28.98828125,81.51953125,-56.775390625,
0.3435,-41.6005859375,81.51953125,-46.525390625,
0.344,-54.212890625,81.439453125,-30.91015625,
0.3445,-58.6572265625,81.439453125,-28.3876953125,
0.345,-73.19140625,81.4794921875,-3.763671875,
0.3455,-74.712890625,81.51953125,-0.7607421875,
0.346,-81.6396484375,69.3876953125,22.7421875,
0.3465,-81.6396484375,64.623046875,28.748046875,
0.347,-81.6396484375,53.9326171875,44.203125,
0.3475,-81.6396484375,39.55859375,54.6533203125,
0.348,-81.6396484375,33.712890625,58.6171875,
0.3485,-81.51953125,9.2890625,71.58984375,
0.349,-81.6796875,5.2451171875,74.4326171875,
0.3495,-70.7890625,-18.73828125,81.5595703125,
0.35,-66.9052734375,-25.224609375,81.51953125,
0.3505,-54.8134765625,-39.0380859375,81.51953125,
0.351,-39.4384765625,-49.8486328125,81.51953125,
0.3515,-35.6748046875,-53.97265625,81.5595703125,
0.352,-11.0908203125,-68.3466796875,78.9970703125,
0.3525,-9.44921875,-73.111328125,81.51953125,
0.353,15.85546875,-81.6396484375,69.3076171875,
0.3535,20.7802734375,-81.6396484375,64.1826171875,
0.354,36.4755859375,-81.6396484375,51.009765625,
0.3545,48.84765625,-81.6396484375,38.4375,
0.355,55.4541015625,-81.6396484375,33.3525390625,
0.3555,69.9482421875,-81.599609375,11.1708984375,
0.356,74.2724609375,-81.6396484375,7.2470703125,
0.3565,81.4794921875,-73.431640625,-16.49609375,
0.357,81.4794921875,-68.1064453125,-21.78125,
0.3575,81.4794921875,-56.8955078125,-37.8369140625,
0.358,81.4794921875,-44.84375,-49.7685546875,
0.3585,81.4794921875,-40.0791015625,-54.61328125,
0.359,81.4794921875,-17.2568359375,-67.666015625,
0.3595,81.4794921875,-14.0537109375,-69.107421875,
0.36,72.23046875,10.5302734375,-81.0791015625,
0.3605,69.8681640625,15.8955078125,-81.6396484375,
0.361,59.0576171875,33.552734375,-81.6396484375,
0.3615,47.24609375,45.7646484375,-81.6396484375,
0.362,39.958984375,51.6103515625,-81.6396484375,
0.3625,18.4580078125,64.54296875,-81.6396484375,
0.363,14.0537109375,70.068359375,-81.6396484375,
0.3635,-10.330078125,81.5595703125,-75.353515625,
0.364,-16.3759765625,81.51953125,-72.0703125,
0.3645,-32.8720703125,81.4794921875,-59.2578125,
0.365,-42.9619140625,81.4794921875,-45.724609375,
0.3655,-50.2890625,81.4794921875,-38.59765625,
0.366,-63.021484375,81.51953125,-18.4580078125,
0.3665,-67.9462890625,81.51953125,-15.4150390625,
0.367,-81.6396484375,80.1982421875,9.529296875,
0.3675,-80.23828125,74.2724609375,13.453125,
0.368,-81.6396484375,60.3388671875,31.3505859375,
0.3685,-81.6396484375,50.8896484375,41.9208984375,
0.369,-81.6396484375,43.08203125,51.5302734375,
0.3695,-81.6396484375,24.82421875,62.701171875,
0.37,-81.6396484375,20.1396484375,67.265625,
0.3705,-76.154296875,-4.00390625,79.5576171875,
0.371,-73.2314453125,-9.12890625,80.158203125,
0.3715,-63.2216796875,-28.5478515625,81.51953125,
0.372,-55.2138671875,-39.0380859375,81.51953125,
0.3725,-47.4462890625,-48.2470703125,81.51953125,
0.373,-27.9873046875,-58.697265625,81.51953125,
0.3735,-24.5439453125,-62.140625,81.51953125,
0.374,0.9609375,-75.43359375,73.9921875,
0.3745,3.84375,-78.63671875,74.3525390625,
0.375,25.7451171875,-81.6396484375,62.30078125,
0.3755,33.47265625,-81.6396484375,53.6923828125,
0.376,43.8427734375,-81.6396484375,42.76171875,
0.3765,54.1328125,-81.6396484375,24.984375,
0.377,58.0966796875,-81.6396484375,22.1416015625,
0.3775,75.5537109375,-76.5546875,-2.7626953125,
0.378,79.5576171875,-78.1962890625,-5.765625,
0.3785,81.4794921875,-65.50390625,-26.345703125,
0.379,81.4794921875,-57.255859375,-33.5126953125,
0.3795,81.4794921875,-48.3271484375,-44.2431640625,
0.38,81.4794921875,-32.03125,-56.0146484375,
0.3805,81.4794921875,-30.4296875,-61.2197265625,
0.381,81.4794921875,-5.4052734375,-75.6337890625,
0.3815,80.7587890625,-3.1630859375,-75.1533203125,
0.382,66.46484375,18.818359375,-81.6796875,
0.3825,60.5390625,26.1455078125,-81.6396484375,
0.383,51.1298828125,40.3193359375,-81.6396484375,
0.3835,35.2744140625,52.1708984375,-81.6396484375,
0.384,31.5107421875,55.89453125,-81.6396484375,
0.3845,6.5263671875,69.1875,-74.9130859375,
0.385,3.3232421875,71.3896484375,-74.392578125,
0.3855,-19.69921875,81.5595703125,-63.3017578125,
0.386,-27.38671875,81.51953125,-59.2978515625,
0.3865,-39.8388671875,81.51953125,-49.5283203125,
0.387,-51.5703125,81.51953125,-33.15234375,
0.3875,-53.65234375,81.51953125,-30.509765625,
0.388,-68.2666015625,80.318359375,-6.0458984375,
0.3885,-72.390625,81.51953125,-4.00390625,
0.389,-81.6396484375,72.630859375,19.619140625,
0.3895,-81.6396484375,66.865234375,25.2646484375,
0.39,-81.6396484375,54.7333984375,37.796875,
0.3905,-81.6396484375,39.078125,49.7685546875,
0.391,-81.6796875,34.75390625,53.892578125,
0.3915,-80.0380859375,12.572265625,68.0263671875,
0.392,-81.6796875,8.6083984375,71.91015625,
0.3925,-69.98828125,-13.533203125,81.5595703125,
0.393,-63.501953125,-20.4599609375,80.9189453125,
0.3935,-53.091796875,-33.552734375,81.51953125,
0.394,-39.6787109375,-46.9658203125,81.5595703125,
0.3945,-37.0361328125,-52.771484375,81.51953125,
0.395,-14.25390625,-67.265625,80.3583984375,
0.3955,-12.0517578125,-69.2275390625,80.318359375,
0.396,11.69140625,-80.55859375,67.826171875,
0.3965,17.3369140625,-81.6396484375,63.982421875,
0.397,33.3125,-81.6396484375,53.4921875,
0.3975,46.4052734375,-81.6396484375,41.0400390625,
0.398,50.9296875,-81.6396484375,35.234375,
0.3985,63.421875,-80.638671875,13.373046875,
0.399,67.10546875,-81.6396484375,9.76953125,
0.3995,81.279296875,-72.0302734375,-13.453125,
0.4,81.4794921875,-68.9873046875,-19.4189453125,
0.4005,81.3994140625,-58.3369140625,-34.353515625,
0.401,81.4794921875,-44.84375,-44.7236328125,
0.4015,81.4794921875,-39.55859375,-49.568359375,
0.402,79.91796875,-18.9384765625,-61.5400390625,
0.4025,81.4794921875,-16.6962890625,-66.625,
0.403,74.4326171875,7.8076171875,-81.279296875,
0.4035,71.26953125,12.171875,-81.4794921875,
0.404,58.1767578125,29.46875,-81.6396484375,
0.4045,47.326171875,40.359375,-81.6396484375,
0.405,41,49.2880859375,-81.6396484375,
0.4055,20.2197265625,63.0615234375,-81.6396484375,
0.406,16.9365234375,68.4267578125,-81.6396484375,
0.4065,-7.84765625,80.5185546875,-72.5908203125,
0.407,-11.8115234375,80.71875,-68.70703125,
0.4075,-30.3896484375,81.51953125,-56.6953125,
0.408,-40.7998046875,81.4794921875,-46.1650390625,
0.4085,-49.2080078125,81.439453125,-39.6787109375,
0.409,-59.9384765625,81.4794921875,-19.138671875,
0.4095,-62.6611328125,81.51953125,-16.6962890625,
0.41,-75.75390625,72.87109375,8.7685546875,
0.4105,-77.7958984375,72.470703125,11.69140625,
0.411,-81.6396484375,61.2998046875,31.87109375,
0.4115,-81.6396484375,52.5712890625,41.1201171875,
0.412,-81.6396484375,43.2822265625,49.8486328125,
0.4125,-81.6396484375,24.6640625,58.8974609375,
0.413,-81.6796875,21.060546875,64.3828125,
0.4135,-76.9150390625,-3.84375,79.91796875,
0.414,-77.1552734375,-7.7275390625,81.51953125,
0.4145,-64.3427734375,-27.146484375,81.51953125,
0.415,-54.212890625,-35.234375,81.5595703125,
0.4155,-45.96484375,-44.2431640625,81.5595703125,
0.416,-27.2265625,-56.0546875,81.3193359375,
0.4165,-26.3056640625,-60.298828125,81.4794921875,
0.417,-0.6005859375,-74.9130859375,74.1123046875,
0.4175,1.681640625,-74.953125,72.310546875,
0.418,22.3818359375,-81.6396484375,58.2568359375,
0.4185,31.3505859375,-81.6396484375,50.609375,
0.419,43.162109375,-81.6396484375,42.6015625,
0.4195,55.57421875,-81.6396484375,25.7451171875,
0.42,58.4169921875,-81.6396484375,23.1025390625,
0.4205,72.630859375,-75.3134765625,-1.0009765625,
0.421,74.873046875,-74.5927734375,-4.404296875,
0.4215,81.4794921875,-64.703125,-24.9443359375,
0.422,81.439453125,-58.9775390625,-33.953125,
0.4225,81.4794921875,-50.369140625,-43.8828125,
0.423,81.4794921875,-33.232421875,-54.052734375,
0.4235,81.4794921875,-30.4697265625,-56.1748046875,
0.424,77.8359375,-6.2060546875,-70.6689453125,
0.4245,79.2373046875,-3.7236328125,-73.431640625,
0.425,68.7470703125,17.9375,-81.6396484375,
0.4255,61.6201171875,25.625,-81.6796875,
0.426,50.7294921875,36.6357421875,-81.6796875,
0.4265,33.5126953125,48.767578125,-80.71875,
0.427,30.6298828125,52.9716796875,-81.6796875,
0.4275,6.88671875,69.98828125,-75.9541015625,
0.428,3.36328125,74.7529296875,-77.3955078125,
0.4285,-17.697265625,81.5595703125,-65.984375,
0.429,-25.0244140625,81.5595703125,-58.056640625,
0.4295,-36.7958984375,81.51953125,-48.447265625,
0.43,-50.609375,81.51953125,-33.3525390625,
0.4305,-54.533203125,81.51953125,-31.470703125,
0.431,-69.107421875,81.51953125,-7.84765625,
0.4315,-69.6279296875,81.5595703125,-5.4052734375,
0.432,-79.197265625,68.38671875,17.13671875,
0.4325,-80.55859375,63.5419921875,23.3427734375,
0.433,-81.6396484375,53.9326171875,37.9970703125,
0.4335,-81.6396484375,39.55859375,50.44921875,
0.434,-81.6396484375,34.6337890625,53.5322265625,
0.4345,-75.9541015625,11.8916015625,64.7431640625,
0.435,-76.9150390625,8.48828125,67.265625,
0.4355,-67.5458984375,-14.7744140625,80.71875,
0.436,-65.3037109375,-21.701171875,81.5595703125,
0.4365,-55.1337890625,-35.71484375,81.5595703125,
0.437,-40.2392578125,-46.7255859375,81.51953125,
0.4375,-36.7158203125,-51.2099609375,81.51953125,
0.438,-13.4130859375,-65.34375,77.7158203125,
0.4385,-12.3720703125,-70.1884765625,81.5595703125,
0.439,12.6123046875,-81.6396484375,70.228515625,
0.4395,16.65625,-81.6396484375,66.0244140625,
0.44,32.3916015625,-81.6396484375,52.2109375,
0.4405,43.802734375,-81.6396484375,39.23828125,
0.441,50.76953125,-81.6396484375,34.2734375,
0.4415,65.1435546875,-80.958984375,12.4921875,
0.442,69.34765625,-81.6396484375,10.2099609375,
0.4425,80.71875,-70.8291015625,-13.853515625,
0.443,80.3583984375,-66.625,-17.8173828125,
0.4435,81.51953125,-55.4140625,-34.193359375,
0.444,81.4794921875,-44.0029296875,-45.8447265625,
0.4445,81.4794921875,-40.3994140625,-52.2509765625,
0.445,81.4794921875,-17.9775390625,-65.50390625,
0.4455,81.4794921875,-16.3359375,-67.505859375,
0.446,72.87109375,8.4482421875,-80.3583984375,
0.4465,71.4296875,12.6123046875,-81.6396484375,
0.447,60.3388671875,31.23046875,-81.6396484375,
0.4475,49.4482421875,42.7216796875,-81.6396484375,
0.448,41.560546875,48.8876953125,-81.6396484375,
0.4485,19.69921875,60.37890625,-80.0380859375,
0.449,16.3759765625,65.50390625,-81.6796875,
0.4495,-8.6083984375,80.55859375,-72.0703125,
0.45,-13.1328125,81.51953125,-70.5888671875,
0.4505,-30.9501953125,81.5595703125,-58.1767578125,
0.451,-40.3994140625,81.4794921875,-45.2841796875,
0.4515,-47.40625,81.51953125,-37.63671875,
0.452,-60.458984375,81.51953125,-17.0966796875,
0.4525,-65.34375,81.51953125,-15.4150390625,
0.453,-80.4384765625,77.3955078125,9.7294921875,
0.4535,-80.71875,74.2724609375,12.97265625,
0.454,-81.6396484375,61.099609375,31.0302734375,
0.4545,-81.6396484375,51.330078125,41.6005859375,
0.455,-81.6396484375,43.5224609375,50.609375,
0.4555,-81.6396484375,25.224609375,61.8603515625,
0.456,-81.6396484375,20.740234375,65.984375,
0.4565,-76.5947265625,-3.0830078125,78.4365234375,
0.457,-73.7119140625,-8.248046875,78.9169921875,
0.4575,-62.9013671875,-27.06640625,81.51953125,
0.458,-54.453125,-37.796875,81.51953125,
0.4585,-46.8056640625,-46.8857421875,81.51953125,
0.459,-27.1064453125,-57.8564453125,81.51953125,
0.4595,-24.0234375,-60.5390625,81.5595703125,
0.46,1.0009765625,-74.3125,72.0302734375,
0.4605,3.8037109375,-76.7548828125,72.0302734375,
0.461,25.1845703125,-81.6396484375,61.1796875,
0.4615,34.2734375,-81.6396484375,53.412109375,
0.462,44.36328125,-81.6396484375,43.4423828125,
0.4625,55.013671875,-81.6396484375,25.3046875,
0.463,60.9794921875,-81.6396484375,21.5009765625,
0.4635,77.5556640625,-79.4375,-2.7626953125,
0.464,80.71875,-79.4775390625,-5.9658203125,
0.4645,81.4794921875,-67.265625,-26.025390625,
0.465,81.4794921875,-58.4169921875,-33.6328125,
0.4655,81.4794921875,-48.5673828125,-43.6025390625,
0.466,81.4794921875,-31.791015625,-55.013671875,
0.4665,81.4794921875,-29.62890625,-59.73828125,
0.467,79.677734375,-4.8046875,-74.0322265625,
0.4675,78.7568359375,-2.72265625,-74.072265625,
0.468,65.0634765625,19.4990234375,-81.6396484375,
0.4685,58.9375,26.3857421875,-81.6396484375,
0.469,49.80859375,41.080078125,-81.6396484375,
0.4695,33.79296875,53.1318359375,-81.6396484375,
0.47,30.2294921875,56.9755859375,-81.6396484375,
0.4705,4.8046875,71.2294921875,-75.6337890625,
0.471,2.40234375,74.552734375,-76.6748046875,
0.4715,-21.140625,81.51953125,-65.4638671875,
0.472,-28.267578125,81.3994140625,-60.7392578125,
0.4725,-41.3603515625,81.439453125,-50.12890625,
0.473,-52.0107421875,81.439453125,-32.9521484375,
0.4735,-54.1328125,81.51953125,-29.62890625,
0.474,-68.626953125,79.9580078125,-4.724609375,
0.4745,-72.2705078125,81.51953125,-3.123046875,
0.475,-81.6396484375,70.94921875,21.1005859375,
0.4755,-81.6396484375,65.6240234375,26.10546875,
0.476,-81.6796875,52.69140625,39.638671875,
0.4765,-81.6396484375,36.9560546875,50.7294921875,
0.477,-81.6796875,32.671875,55.4140625,
0.4775,-78.63671875,9.7294921875,69.587890625,
0.478,-81.6796875,6.7666015625,73.751953125,
0.4785,-69.9482421875,-16.5361328125,81.5595703125,
0.479,-64.86328125,-22.4619140625,81.51953125,
0.4795,-54.0927734375,-36.515625,81.51953125,
0.48,-40.119140625,-49.568359375,81.4794921875,
0.4805,-37.7568359375,-54.373046875,81.4794921875,
0.481,-13.6533203125,-68.38671875,81.0390625,
0.4815,-11.8115234375,-69.7080078125,80.8388671875,
0.482,12.412109375,-80.7587890625,67.74609375,
0.4825,18.017578125,-81.6396484375,63.7021484375,
0.483,34.3134765625,-81.6396484375,52.8515625,
0.4835,47.486328125,-81.6396484375,40.0791015625,
0.484,51.41015625,-81.6396484375,33.8330078125,
0.4845,63.501953125,-78.6767578125,11.451171875,
0.485,67.2255859375,-79.59765625,7.9677734375,
0.4855,81.4794921875,-70.228515625,-15.4951171875,
0.486,81.4794921875,-68.2666015625,-21.30078125,
0.4865,81.4794921875,-57.81640625,-36.8359375,
0.487,81.4794921875,-44.36328125,-47.40625,
0.4875,81.4794921875,-38.9580078125,-51.3701171875,
0.488,81.4794921875,-16.7763671875,-66.1044921875,
0.4885,81.4794921875,-14.814453125,-70.2685546875,
0.489,76.8349609375,9.2490234375,-81.6396484375,
0.4895,72.7509765625,13.93359375,-81.6396484375,
0.49,59.3779296875,30.3095703125,-81.6396484375,
0.4905,47.0458984375,42.0009765625,-81.6396484375,
0.491,40.4794921875,49.6484375,-81.6396484375,
0.4915,19.1787109375,63.90234375,-81.6396484375,
0.492,15.375,68.5869140625,-81.6796875,
0.4925,-8.728515625,80.71875,-71.91015625,
0.493,-13.373046875,81.0791015625,-67.42578125,
0.4935,-31.390625,81.51953125,-55.7744140625,
0.494,-42.6416015625,81.51953125,-45.3642578125,
0.4945,-51.25,81.4794921875,-38.9580078125,
0.495,-62.3408203125,81.51953125,-18.1376953125,
0.4955,-65.18359375,81.51953125,-15.3349609375,
0.496,-78.876953125,75.833984375,10.169921875,
0.4965,-80.798828125,75.11328125,13.1328125,
0.497,-81.6396484375,63.5419921875,33.3125,
0.4975,-81.6396484375,54.4130859375,43.0419921875,
0.498,-81.6396484375,44.36328125,51.0498046875,
0.4985,-81.6396484375,24.263671875,59.5380859375,
0.499,-81.6396484375,20.1796875,64.1025390625,
0.4995,-75.43359375,-5.1650390625,79.4775390625,
0.5,-76.07421875,-9.048828125,81.51953125,
0.5005,-63.7822265625,-28.8681640625,81.51953125,
0.501,-53.4921875,-37.0361328125,81.51953125,
0.5015,-44.5634765625,-46.28515625,81.51953125,
0.502,-25.544921875,-57.4560546875,80.87890625,
0.5025,-24.3837890625,-62.4208984375,81.5595703125,
0.503,2.08203125,-77.8359375,74.47265625,
0.5035,3.763671875,-79.197265625,74.232421875,
0.504,25.7451171875,-81.6396484375,60.138671875,
0.5045,34.033203125,-81.6396484375,52.69140625,
0.505,46.525390625,-81.599609375,43.5224609375,
0.5055,57.896484375,-81.6396484375,25.9853515625,
0.506,63.3818359375,-81.6396484375,21.9814453125,
0.5065,77.275390625,-78.556640625,-3.6435546875,
0.507,78.63671875,-77.595703125,-6.0458984375,
0.5075,81.51953125,-65.82421875,-27.546875,
0.508,81.4794921875,-59.2978515625,-36.03515625,
0.5085,81.4794921875,-50.0888671875,-46.7255859375,
0.509,81.4794921875,-32.0712890625,-56.134765625,
0.5095,81.4794921875,-28.7080078125,-58.45703125,
0.51,77.35546875,-3.36328125,-73.1513671875,
0.5105,78.7568359375,-0.8408203125,-75.9541015625,
0.511,68.0263671875,21.9013671875,-81.6396484375,
0.5115,61.5400390625,29.9091796875,-81.6396484375,
0.512,50.2890625,42.2412109375,-81.6396484375,
0.5125,32.9921875,53.412109375,-81.6396484375,
0.513,28.107421875,60.1787109375,-81.6396484375,
0.5135,3.0029296875,77.03515625,-80.5986328125,
0.514,-0.3203125,80.6787109375,-80.87890625,
0.5145,-22.3017578125,81.51953125,-68.06640625,
0.515,-29.548828125,81.51953125,-59.578125,
0.5155,-41.3203125,81.51953125,-48.2470703125,
0.516,-54.4130859375,81.51953125,-31.791015625,
0.5165,-58.9775390625,81.51953125,-28.1875,
0.517,-74.15234375,81.4794921875,-2.8427734375,
0.5175,-74.3125,81.51953125,0,
0.518,-81.6396484375,69.4677734375,22.421875,
0.5185,-81.6396484375,63.58203125,29.228515625,
0.519,-81.6396484375,53.5322265625,43.3623046875,
0.5195,-81.6396484375,38.6376953125,55.734375,
0.52,-81.6396484375,32.8720703125,58.5771484375,
0.5205,-81.1591796875,8.6484375,72.1103515625,
0.521,-81.6396484375,4.2841796875,74.7529296875,
0.5215,-71.7900390625,-18.73828125,81.51953125,
0.522,-68.146484375,-25.9453125,81.51953125,
0.5225,-57.17578125,-39.9189453125,81.4794921875,
0.523,-41.3203125,-50.9697265625,81.51953125,
0.5235,-36.5556640625,-54.212890625,81.5595703125,
0.524,-12.1318359375,-68.5869140625,80.0380859375,
0.5245,-10.2900390625,-72.390625,81.5595703125,
0.525,14.734375,-81.6396484375,70.3486328125,
0.5255,19.4189453125,-81.6396484375,65.583984375,
0.526,34.9541015625,-81.6396484375,51.810546875,
0.5265,47.24609375,-81.6396484375,37.796875,
0.527,53.9326171875,-81.6396484375,32.7919921875,
0.5275,68.8271484375,-81.6396484375,10.169921875,
0.528,73.3515625,-81.6396484375,7.4873046875,
0.5285,81.4794921875,-73.0712890625,-16.6162109375,
0.529,81.439453125,-69.1474609375,-21.060546875,
0.5295,81.4794921875,-57.81640625,-37.876953125,
0.53,81.51953125,-46.125,-49.408203125,
0.5305,81.4794921875,-41.8408203125,-55.6943359375,
0.531,81.4794921875,-18.337890625,-68.5068359375,
0.5315,81.4794921875,-16.015625,-69.828125,
0.532,74.5927734375,9.5693359375,-81.6396484375,
0.5325,72.9912109375,13.0927734375,-81.6396484375,
0.533,61.1396484375,32.751953125,-81.6396484375,
0.5335,50.0888671875,44.3232421875,-81.6396484375,
0.534,41.880859375,50.8896484375,-81.6396484375,
0.5345,18.5380859375,62.30078125,-80.4384765625,
0.535,15.4951171875,67.265625,-81.6796875,
0.5355,-10.650390625,81.5595703125,-71.509765625,
0.536,-14.57421875,81.439453125,-71.189453125,
0.5365,-33.552734375,81.3994140625,-59.0576171875,
0.537,-43.08203125,81.439453125,-46.4453125,
0.5375,-50.5693359375,81.51953125,-38.59765625,
0.538,-63.2216796875,81.51953125,-17.376953125,
0.5385,-68.70703125,81.51953125,-15.134765625,
0.539,-81.6396484375,80.71875,11.0908203125,
0.5395,-81.6396484375,78.4765625,13.93359375,
0.54,-81.6396484375,62.9814453125,32.83203125,
0.5405,-81.6396484375,52.5712890625,42.76171875,
0.541,-81.6396484375,44.04296875,52.53125,
0.5415,-81.6396484375,24.6240234375,63.662109375,
0.542,-81.6396484375,19.859375,67.7060546875,
0.5425,-76.4345703125,-5.4853515625,80.23828125,
0.543,-73.0712890625,-10.009765625,79.91796875,
0.5435,-61.66015625,-29.4287109375,81.599609375,
0.544,-53.5322265625,-40.51953125,81.4794921875,
0.5445,-46.4453125,-50.1689453125,81.4794921875,
0.545,-26.345703125,-61.98046875,81.4794921875,
0.5455,-22.8623046875,-64.7431640625,81.51953125,
0.546,3.0029296875,-78.3564453125,74.6328125,
0.5465,6.40625,-80.7587890625,73.9921875,
0.547,27.8671875,-81.599609375,63.26171875,
0.5475,37.6767578125,-81.6396484375,55.013671875,
0.548,47.5263671875,-81.599609375,44.0830078125,
0.5485,57.49609375,-81.599609375,25.14453125,
0.549,62.5810546875,-81.6396484375,19.9794921875,
0.5495,78.9169921875,-78.9169921875,-5.0849609375,
0.55,81.4794921875,-79.27734375,-8.6484375,
0.5505,81.4794921875,-67.265625,-28.8681640625,
0.551,81.4794921875,-57.7763671875,-36.515625,
0.5515,81.4794921875,-47.4462890625,-46.0048828125,
0.552,81.4794921875,-30.109375,-57.6962890625,
0.5525,81.4794921875,-27.6669921875,-62.3408203125,
0.553,81.4794921875,-2.40234375,-78.63671875,
0.5535,81.4794921875,0.2802734375,-79.357421875,
0.554,67.7861328125,22.021484375,-81.6396484375,
0.5545,60.8193359375,29.7490234375,-81.6396484375,
0.555,51.490234375,43.802734375,-81.6396484375,
0.5555,35.154296875,56.0146484375,-81.6396484375,
0.556,30.7099609375,60.0185546875,-81.6396484375,
0.5565,4.64453125,73.9921875,-79.4375,
0.557,1.28125,75.994140625,-77.5556640625,
0.5575,-22.0615234375,81.4794921875,-65.3837890625,
0.558,-29.3486328125,81.51953125,-60.5390625,
0.5585,-43.08203125,81.4794921875,-49.9287109375,
0.559,-53.8525390625,81.51953125,-32.6318359375,
0.5595,-55.7744140625,81.51953125,-28.748046875,
0.56,-69.587890625,79.5576171875,-2.8828125,
0.5605,-72.7509765625,81.3193359375,-1.361328125,
0.561,-81.6396484375,70.388671875,23.3427734375,
0.5615,-81.6396484375,66.5048828125,28.427734375,
0.562,-81.6396484375,54.373046875,42.76171875,
0.5625,-81.6396484375,38.517578125,53.7724609375,
0.563,-81.6396484375,33.953125,58.4169921875,
0.5635,-81.6396484375,8.96875,74.1123046875,
0.564,-81.6396484375,6.166015625,78.2763671875,
0.5645,-73.671875,-17.6572265625,81.51953125,
0.565,-68.06640625,-22.90234375,81.4794921875,
0.5655,-56.1748046875,-37.31640625,81.51953125,
0.566,-41.8408203125,-49.6884765625,81.51953125,
0.5665,-38.7177734375,-55.173828125,81.51953125,
0.567,-13.7333984375,-69.1474609375,81.51953125,
0.5675,-12.171875,-70.62890625,81.5595703125,
0.568,13.2529296875,-80.87890625,67.185546875,
0.5685,17.5771484375,-81.6396484375,63.90234375,
0.569,34.7138671875,-81.599609375,52.5712890625,
0.5695,48.1669921875,-81.6396484375,40.279296875,
0.57,53.4921875,-81.6396484375,34.75390625,
0.5705,66.46484375,-81.6396484375,11.2109375,
0.571,70.068359375,-81.6396484375,8.48828125,
0.5715,81.4794921875,-72.55078125,-16.015625,
0.572,81.4794921875,-70.548828125,-21.140625,
0.5725,81.4794921875,-60.0986328125,-37.0361328125,
0.573,81.4794921875,-46.4853515625,-47.88671875,
0.5735,81.4794921875,-40.83984375,-52.2509765625,
0.574,81.4794921875,-18.0576171875,-66.4248046875,
0.5745,81.4794921875,-15.6953125,-69.7080078125,
0.575,76.3544921875,8.9287109375,-81.6796875,
0.5755,72.7509765625,13.212890625,-81.6796875,
0.576,59.818359375,29.9892578125,-81.6396484375,
0.5765,48.0869140625,41.6806640625,-81.6396484375,
0.577,41.3603515625,49.80859375,-81.6396484375,
0.5775,19.69921875,64.54296875,-81.6396484375,
0.578,16.2958984375,69.427734375,-81.6796875,
0.5785,-8.6083984375,81.51953125,-73.7119140625,
0.579,-12.97265625,81.5595703125,-69.828125,
0.5795,-30.830078125,81.4794921875,-58.77734375,
0.58,-42.6416015625,81.51953125,-48.1669921875,
0.5805,-50.529296875,81.4794921875,-42.0810546875,
0.581,-62.140625,81.51953125,-20.5400390625,
0.5815,-64.2626953125,81.51953125,-17.216796875,
0.582,-77.7158203125,77.1552734375,8.16796875,
0.5825,-78.95703125,74.7529296875,11.8115234375,
0.583,-81.6396484375,63.9423828125,31.1904296875,
0.5835,-81.6396484375,54.61328125,41.4404296875,
0.584,-81.6396484375,44.923828125,49.48828125,
0.5845,-81.599609375,25.0244140625,58.77734375,
0.585,-81.6796875,20.740234375,63.1416015625,
0.5855,-74.79296875,-4.5244140625,78.8369140625,
0.586,-75.353515625,-8.328125,81.0390625,
0.5865,-64.22265625,-27.947265625,81.51953125,
0.587,-55.1337890625,-36.3154296875,81.51953125,
0.5875,-47.0458984375,-45.8046875,81.51953125,
0.588,-28.02734375,-57.736328125,81.5595703125,
0.5885,-26.986328125,-62.30078125,81.51953125,
0.589,-0.240234375,-77.3955078125,77.435546875,
0.5895,1.6015625,-77.755859375,75.7939453125,
0.59,22.90234375,-81.6396484375,61.5,
0.5905,31.0703125,-81.6396484375,53.8125,
0.591,43.72265625,-81.6396484375,45.32421875,
0.5915,55.9345703125,-81.6396484375,27.38671875,
0.592,58.857421875,-81.6396484375,24.6240234375,
0.5925,72.3505859375,-74.7529296875,-1.2412109375,
0.593,73.51171875,-74.3125,-3.5634765625,
0.5935,81.4794921875,-63.1416015625,-25.064453125,
0.594,81.4794921875,-58.45703125,-32.83203125,
0.5945,81.4794921875,-50.4091796875,-44.5634765625,
0.595,81.4794921875,-33.15234375,-54.8935546875,
0.5955,81.4794921875,-30.6298828125,-57.65625,
0.596,78.1962890625,-5.1650390625,-72.3505859375,
0.5965,80.71875,-3.8037109375,-74.9931640625,
0.597,69.5478515625,19.5390625,-81.6396484375,
0.5975,64.3828125,26.025390625,-81.6396484375,
0.598,53.171875,38.3173828125,-81.6396484375,
0.5985,35.5947265625,49.80859375,-81.6396484375,
0.599,32.6318359375,54.1728515625,-81.6396484375,
0.5995,6.56640625,71.029296875,-77.1953125,
0.6,4.6044921875,74.9130859375,-79.3173828125,
0.6005,-18.2578125,81.4794921875,-66.3447265625,
0.601,-24.3837890625,81.4794921875,-59.2578125,
0.6015,-36.2353515625,81.51953125,-48.6474609375,
0.602,-50.369140625,81.4794921875,-32.83203125,
0.6025,-54.533203125,81.51953125,-31.390625,
0.603,-69.8681640625,81.4794921875,-6.40625,
0.6035,-71.029296875,81.5595703125,-4.6044921875,
0.604,-81.0791015625,68.8271484375,18.2978515625,
0.6045,-81.6396484375,64.2626953125,24.1435546875,
0.605,-81.6396484375,55.0537109375,38.8779296875,
0.6055,-81.6396484375,41.240234375,52.1708984375,
0.606,-81.6396484375,36.435546875,55.0537109375,
0.6065,-79.59765625,12.8125,66.7451171875,
0.607,-79.4375,8.96875,68.70703125,
0.6075,-69.267578125,-14.4541015625,81.279296875,
0.608,-66.4248046875,-21.220703125,81.4794921875,
0.6085,-56.775390625,-35.1142578125,81.4794921875,
0.609,-41.880859375,-47.1259765625,81.4794921875,
0.6095,-37.556640625,-50.529296875,81.51953125,
0.61,-13.533203125,-64.6630859375,76.5546875,
0.6105,-11.9716796875,-68.2666015625,79.4775390625,
0.611,12.5322265625,-81.6396484375,69.0673828125,
0.6115,17.6572265625,-81.6396484375,65.423828125,
0.612,32.271484375,-81.6396484375,53.2919921875,
0.6125,44.84375,-81.6396484375,39.9990234375,
0.613,51.1298828125,-81.6396484375,35.234375,
0.6135,66.3447265625,-81.6396484375,13.052734375,
0.614,70.94921875,-81.6396484375,10.169921875,
0.6145,81.4794921875,-73.7119140625,-13.6533203125,
0.615,81.4794921875,-68.5068359375,-17.8974609375,
0.6155,81.439453125,-57.255859375,-33.6328125,
0.616,81.4794921875,-45.7646484375,-45.0439453125,
0.6165,81.51953125,-41.8408203125,-51.650390625,
0.617,81.4794921875,-19.1787109375,-65.583984375,
0.6175,81.4794921875,-17.0966796875,-66.46484375,
0.618,70.94921875,7.767578125,-77.595703125,
0.6185,68.9072265625,11.291015625,-78.1162109375,
0.619,58.6171875,30.0693359375,-81.6396484375,
0.6195,48.9677734375,41.9208984375,-81.6396484375,
0.62,42.4814453125,49.408203125,-81.6396484375,
0.6205,20.01953125,61.33984375,-81.1591796875,
0.621,17.1767578125,65.984375,-81.6796875,
0.6215,-8.6884765625,80.638671875,-71.830078125,
0.622,-12.2119140625,81.5595703125,-71.509765625,
0.6225,-31.310546875,81.4794921875,-59.73828125,
0.623,-39.798828125,81.51953125,-48.1669921875,
0.6235,-47.7265625,81.51953125,-40.439453125,
0.624,-59.4580078125,81.3994140625,-19.298828125,
0.6245,-64.1025390625,81.439453125,-17.8173828125,
0.625,-79.27734375,77.35546875,8.80859375,
0.6255,-78.876953125,75.513671875,10.490234375,
0.626,-81.6396484375,60.9794921875,29.7490234375,
0.6265,-81.6396484375,51.8505859375,38.27734375,
0.627,-81.6396484375,44.1630859375,48.4873046875,
0.6275,-81.6396484375,25.0244140625,60.21875,
0.628,-81.6396484375,22.2216796875,65.103515625,
0.6285,-75.43359375,-3.5634765625,78.4365234375,
0.629,-73.83203125,-6.7265625,78.236328125,
0.6295,-62.4609375,-26.5458984375,81.51953125,
0.63,-55.5341796875,-36.2353515625,81.51953125,
0.6305,-48.84765625,-46.365234375,81.51953125,
0.631,-29.62890625,-56.8955078125,81.51953125,
0.6315,-27.70703125,-58.6572265625,81.51953125,
0.632,-1.3212890625,-72.0703125,72.55078125,
0.6325,0.80078125,-74.0322265625,72.7109375,
0.633,22.90234375,-81.6396484375,61.5400390625,
0.6335,31.5107421875,-81.6396484375,54.9736328125,
0.634,41.80078125,-81.6396484375,45.244140625,
0.6345,53.2919921875,-81.6396484375,26.4658203125,
0.635,55.734375,-81.6396484375,24.18359375,
0.6355,72.6708984375,-74.6728515625,-1.44140625,
0.636,76.5947265625,-76.5947265625,-4.00390625,
0.6365,81.4794921875,-65.9443359375,-24.6640625,
0.637,81.4794921875,-58.2568359375,-32.271484375,
0.6375,81.4794921875,-49.6484375,-41.80078125,
0.638,81.4794921875,-33.0322265625,-54.4931640625,
0.6385,81.4794921875,-31.390625,-58.77734375,
0.639,81.4794921875,-6.486328125,-74.6328125,
0.6395,80.6787109375,-3.923828125,-74.7529296875,
0.64,67.505859375,17.2568359375,-81.6396484375,
0.6405,60.69921875,24.82421875,-81.6396484375,
0.641,51.9306640625,37.716796875,-81.6396484375,
0.6415,36.115234375,51.1298828125,-81.6396484375,
0.642,32.7919921875,54.7333984375,-81.6396484375,
0.6425,7.3671875,69.02734375,-75.673828125,
0.643,4.2041015625,70.7490234375,-74.3525390625,
0.6435,-18.578125,81.51953125,-63.1416015625,
0.644,-26.025390625,81.51953125,-58.7373046875,
0.6445,-38.837890625,81.51953125,-49.888671875,
0.645,-51.25,81.51953125,-33.6728515625,
0.6455,-53.2119140625,81.51953125,-31.0703125,
0.646,-68.1064453125,80.1982421875,-5.9658203125,
0.6465,-71.2294921875,81.5595703125,-4.1640625,
0.647,-81.6396484375,71.2294921875,19.859375,
0.6475,-81.6396484375,66.5048828125,25.4248046875,
0.648,-81.6396484375,54.7734375,38.4775390625,
0.6485,-81.6396484375,39.0380859375,49.9287109375,
0.649,-81.6396484375,34.833984375,54.453125,
0.6495,-79.4375,11.3310546875,68.38671875,
0.65,-81.6796875,8.248046875,72.1103515625,
0.6505,-69.748046875,-15.6953125,81.5595703125,
0.651,-64.142578125,-20.5,81.0390625,
0.6515,-52.771484375,-34.9140625,81.51953125,
0.652,-39.71875,-47.2861328125,81.51953125,
0.6525,-37.6767578125,-53.7724609375,81.5595703125,
0.653,-13.1328125,-68.38671875,80.23828125,
0.6535,-12.4521484375,-70.228515625,81.599609375,
0.654,13.2529296875,-81.119140625,66.9052734375,
0.6545,17.0966796875,-81.6396484375,64.1025390625,
0.655,34.5537109375,-81.6396484375,53.2119140625,
0.6555,47.3662109375,-81.599609375,41.48046875,
0.656,52.6513671875,-81.6396484375,36.6357421875,
0.6565,64.8232421875,-81.599609375,12.9326171875,
0.657,67.986328125,-81.6396484375,10.330078125,
0.6575,81.4794921875,-71.3896484375,-15.0947265625,
0.658,81.4794921875,-69.7880859375,-19.2587890625,
0.6585,81.4794921875,-58.6572265625,-36.1953125,
0.659,81.4794921875,-45.884765625,-45.8447265625,
0.6595,81.4794921875,-40.279296875,-50.8896484375,
0.66,81.4794921875,-17.45703125,-64.462890625,
0.6605,81.5595703125,-16.2158203125,-68.1865234375,
0.661,74.3125,9.8095703125,-81.6396484375,
0.6615,72.390625,13.1328125,-81.6396484375,
0.662,58.9775390625,30.58984375,-81.6396484375,
0.6625,47.7666015625,41.7607421875,-81.6396484375,
0.663,41.880859375,49.80859375,-81.6396484375,
0.6635,19.7392578125,64.783203125,-81.6396484375,
0.664,17.2568359375,69.9482421875,-81.6396484375,
0.6645,-8.6484375,81.4794921875,-74.1923828125,
0.665,-12.8125,81.439453125,-69.6279296875,
0.6655,-30.7099609375,81.51953125,-57.17578125,
0.666,-42.0810546875,81.4794921875,-46.6455078125,
0.6665,-50.208984375,81.4794921875,-40.7197265625,
0.667,-62.380859375,81.51953125,-19.619140625,
0.6675,-64.54296875,81.4794921875,-16.6162109375,
0.668,-77.4755859375,75.2734375,9.12890625,
0.6685,-78.31640625,72.8310546875,12.6923828125,
0.669,-81.6396484375,61.9404296875,32.51171875,
0.6695,-81.6396484375,53.4521484375,43.08203125,
0.67,-81.6396484375,44.763671875,50.9296875,
0.6705,-81.6396484375,25.1044921875,60.8994140625,
0.671,-81.6796875,20.900390625,64.86328125,
0.6715,-77.3955078125,-4.8046875,80.638671875,
0.672,-76.8349609375,-9.2490234375,81.3994140625,
0.6725,-65.583984375,-28.7080078125,81.439453125,
0.673,-55.4140625,-37.876953125,81.4794921875,
0.6735,-46.765625,-45.96484375,81.51953125,
0.674,-27.5869140625,-57.65625,81.4794921875,
0.6745,-26.025390625,-61.6201171875,81.5595703125,
0.675,0.48046875,-77.3955078125,76.0341796875,
0.6755,3.3232421875,-77.8759765625,73.7919921875,
0.676,24.2236328125,-81.6396484375,59.6982421875,
0.6765,32.591796875,-81.6396484375,51.25,
0.677,44.68359375,-81.6396484375,42.8818359375,
0.6775,57.3359375,-81.6396484375,25.625,
0.678,63.341796875,-81.6396484375,22.341796875,
0.6785,77.8359375,-78.796875,-3.36328125,
0.679,78.4365234375,-77.1552734375,-5.765625,
0.6795,81.4794921875,-65.2236328125,-27.626953125,
0.68,81.3994140625,-59.337890625,-35.154296875,
0.6805,81.3994140625,-51.009765625,-46.4853515625,
0.681,81.4794921875,-33.9931640625,-56.294921875,
0.6815,81.4794921875,-31.23046875,-58.77734375,
0.682,79.5576171875,-4.96484375,-73.271484375,
0.6825,80.71875,-3.1630859375,-75.1533203125,
0.683,68.2666015625,20.6201171875,-81.6396484375,
0.6835,62.380859375,27.4267578125,-81.6396484375,
0.684,51.08984375,39.9990234375,-81.6396484375,
0.6845,33.4326171875,50.8896484375,-81.6396484375,
0.685,30.58984375,55.4541015625,-81.6396484375,
0.6855,4.32421875,72.23046875,-75.833984375,
0.686,2.4423828125,76.8349609375,-78.796875,
0.6865,-21.701171875,81.51953125,-65.583984375,
0.687,-27.1064453125,81.51953125,-59.017578125,
0.6875,-40.0390625,81.51953125,-47.7666015625,
0.688,-52.6513671875,81.4794921875,-32.3515625,
0.6885,-57.015625,81.3994140625,-30.91015625,
0.689,-72.470703125,81.3994140625,-5.125,
0.6895,-73.3515625,81.51953125,-3.84375,
0.69,-81.6396484375,69.908203125,20.580078125,
0.6905,-81.6396484375,64.783203125,25.625,
0.691,-81.6396484375,54.4931640625,40.599609375,
0.6915,-81.6396484375,39.9990234375,53.171875,
0.692,-81.6396484375,35.7548828125,56.4951171875,
0.6925,-80.4384765625,10.5703125,69.8681640625,
0.693,-80.4384765625,7.4072265625,71.189453125,
0.6935,-69.02734375,-16.65625,81.5595703125,
0.694,-66.2646484375,-23.1025390625,81.51953125,
0.6945,-56.375,-37.63671875,81.51953125,
0.695,-41.9208984375,-49.2880859375,81.51953125,
0.6955,-38.197265625,-52.7314453125,81.599609375,
0.696,-13.93359375,-67.2255859375,80.4384765625,
0.6965,-12.5322265625,-71.029296875,81.4794921875,
0.697,13.052734375,-81.6396484375,71.58984375,
0.6975,17.9775390625,-81.6396484375,67.4658203125,
0.698,32.7919921875,-81.6396484375,53.8525390625,
0.6985,45.32421875,-81.6396484375,39.798828125,
0.699,51.2099609375,-81.6396484375,35.07421875,
0.6995,66.9052734375,-81.6396484375,12.251953125,
0.7,71.3896484375,-81.6396484375,9.7294921875,
0.7005,81.4794921875,-73.6318359375,-14.6142578125,
0.701,81.4794921875,-67.74609375,-19.37890625,
0.7015,81.4794921875,-56.2548828125,-34.75390625,
0.702,81.4794921875,-44.5634765625,-47.1259765625,
0.7025,81.4794921875,-41.080078125,-53.3720703125,
0.703,81.4794921875,-18.7783203125,-68.4267578125,
0.7035,81.4794921875,-16.3759765625,-70.068359375,
0.704,75.2734375,8.48828125,-81.6396484375,
0.7045,72.23046875,13.052734375,-81.6396484375,
0.705,61.2197265625,31.6708984375,-81.6396484375,
0.7055,50.9296875,44.123046875,-81.6396484375,
0.706,43.8427734375,50.6494140625,-81.6396484375,
0.7065,21.1005859375,62.8212890625,-81.6396484375,
0.707,17.537109375,66.865234375,-81.6396484375,
0.7075,-8.96875,81.5595703125,-73.2314453125,
0.708,-13.212890625,81.51953125,-71.9501953125,
0.7085,-32.4716796875,81.4794921875,-59.658203125,
0.709,-41.720703125,81.51953125,-47.1259765625,
0.7095,-48.84765625,81.51953125,-39.0380859375,
0.71,-60.939453125,81.51953125,-17.6572265625,
0.7105,-66.064453125,81.4794921875,-16.095703125,
0.711,-81.6396484375,79.4775390625,10.890625,
0.7115,-81.6396484375,77.8759765625,13.4931640625,
0.712,-81.6396484375,62.7412109375,33.1923828125,
0.7125,-81.6396484375,52.69140625,42.0009765625,
0.713,-81.599609375,44.4033203125,52.2109375,
0.7135,-81.6396484375,25.4248046875,63.4619140625,
0.714,-81.6396484375,22.0615234375,69.2275390625,
0.7145,-80.3583984375,-4.8447265625,81.5595703125,
0.715,-76.9951171875,-8.248046875,81.279296875,
0.7155,-63.0615234375,-29.3486328125,81.51953125,
0.716,-55.1337890625,-38.6376953125,81.51953125,
0.7165,-47.4462890625,-49.4482421875,81.4794921875,
0.717,-27.5068359375,-60.779296875,81.51953125,
0.7175,-25.1845703125,-64.142578125,81.5595703125,
0.718,2.40234375,-76.9150390625,73.51171875,
0.7185,4.2841796875,-78.1962890625,73.1513671875,
0.719,27.6669921875,-81.6396484375,60.69921875,
0.7195,36.67578125,-81.599609375,53.8125,
0.72,47.7666015625,-81.6396484375,44.0029296875,
0.7205,57.6962890625,-81.6396484375,25.2646484375,
0.721,62.94140625,-81.6396484375,21.4208984375,
0.7215,79.7177734375,-80.0380859375,-5.044921875,
0.722,81.4794921875,-81.0390625,-7.52734375,
0.7225,81.4794921875,-68.6669921875,-29.7890625,
0.723,81.4794921875,-59.7783203125,-36.8759765625,
0.7235,81.4794921875,-49.0478515625,-46.6455078125,
0.724,81.4794921875,-31.791015625,-57.3759765625,
0.7245,81.4794921875,-29.62890625,-61.5,
0.725,81.4794921875,-3.4033203125,-78.31640625,
0.7255,81.4794921875,-1.0009765625,-78.876953125,
0.726,67.345703125,21.3408203125,-81.6396484375,
0.7265,59.2177734375,29.0283203125,-81.6396484375,
0.727,49.6083984375,42.0009765625,-81.6396484375,
0.7275,33.1123046875,55.57421875,-81.6396484375,
0.728,30.58984375,59.818359375,-81.6396484375,
0.7285,4.484375,75.75390625,-80.23828125,
0.729,0.9208984375,77.67578125,-78.5166015625,
0.7295,-22.181640625,81.51953125,-66.1044921875,
0.73,-30.26953125,81.4794921875,-59.978515625,
0.7305,-43.08203125,81.4794921875,-50.0888671875,
0.731,-55.0537109375,81.4794921875,-33.6328125,
0.7315,-57.81640625,81.51953125,-29.548828125,
0.732,-72.7109375,81.51953125,-4.00390625,
0.7325,-74.392578125,81.51953125,-1.681640625,
0.733,-81.6396484375,72.4306640625,22.5419921875,
0.7335,-81.6396484375,66.78515625,28.6279296875,
0.734,-81.6396484375,54.693359375,41.7607421875,
0.7345,-81.6396484375,38.4775390625,53.0517578125,
0.735,-81.6396484375,34.0732421875,56.53515625,
0.7355,-81.6396484375,9.2490234375,72.87109375,
0.736,-81.6396484375,6.4462890625,76.6748046875,
0.7365,-73.2314453125,-17.857421875,81.439453125,
0.737,-67.5458984375,-23.86328125,81.4794921875,
0.7375,-55.814453125,-37.9970703125,81.51953125,
0.738,-41.560546875,-50.4892578125,81.4794921875,
0.7385,-38.9580078125,-55.6943359375,81.51953125,
0.739,-14.3740234375,-70.548828125,81.51953125,
0.7395,-12.65234375,-72.87109375,81.51953125,
0.74,13.1728515625,-81.6396484375,70.708984375,
0.7405,17.8173828125,-81.6396484375,66.224609375,
0.741,35.5947265625,-81.6396484375,53.8125,
0.7415,48.287109375,-81.599609375,41.2802734375,
0.742,54.052734375,-81.599609375,35.7548828125,
0.7425,66.5048828125,-81.6396484375,11.8115234375,
0.743,69.5478515625,-81.6396484375,9.529296875,
0.7435,81.4794921875,-71.6298828125,-16.81640625,
0.744,81.4794921875,-70.1083984375,-20.8203125,
0.7445,81.3994140625,-58.8173828125,-38.837890625,
0.745,81.439453125,-46.1650390625,-49.0078125,
0.7455,81.4794921875,-41.0400390625,-54.3330078125,
0.746,81.4794921875,-17.697265625,-68.5068359375,
0.7465,81.4794921875,-16.6162109375,-72.5908203125,
0.747,79.837890625,10.2099609375,-81.6396484375,
0.7475,76.9951171875,13.8935546875,-81.6396484375,
0.748,62.1005859375,32.271484375,-81.6396484375,
0.7485,49.7685546875,43.08203125,-81.599609375,
0.749,42.8818359375,51.490234375,-81.6396484375,
0.7495,20.2998046875,65.6640625,-81.6396484375,
0.75,17.697265625,71.0693359375,-81.6396484375,
0.7505,-9.3291015625,81.51953125,-75.353515625,
0.751,-12.97265625,81.51953125,-71.3896484375,
0.7515,-32.5517578125,81.51953125,-57.5361328125,
0.752,-43.3623046875,81.3994140625,-46.8056640625,
0.7525,-52.0908203125,81.3994140625,-40.6396484375,
0.753,-64.6630859375,81.3994140625,-19.21875,
0.7535,-67.42578125,81.51953125,-17.0166015625,
0.754,-81.3994140625,79.677734375,9.9296875,
0.7545,-81.6396484375,77.7158203125,13.2529296875,
0.755,-81.6396484375,65.18359375,33.9931640625,
0.7555,-81.599609375,55.57421875,45.00390625,
0.756,-81.599609375,46.205078125,52.5712890625,
0.7565,-81.6396484375,25.6650390625,62.1005859375,
0.757,-81.6396484375,21.220703125,65.984375,
0.7575,-78.8369140625,-4.9248046875,81.51953125,
0.758,-78.1162109375,-9.8095703125,81.51953125,
0.7585,-66.064453125,-30.0693359375,81.51953125,
0.759,-54.8935546875,-39.2783203125,81.51953125,
0.7595,-45.3642578125,-47.4462890625,81.51953125,
0.76,-26.025390625,-59.2978515625,81.4794921875,
0.7605,-24.6640625,-63.3017578125,81.4794921875,
0.761,2.08203125,-80.5986328125,78.31640625,
0.7615,4.9248046875,-81.6396484375,76.875,
0.762,26.345703125,-81.6396484375,62.30078125,
0.7625,35.71484375,-81.6396484375,53.091796875,
0.763,47.3662109375,-81.599609375,44.5234375,
0.7635,60.21875,-81.6396484375,26.4658203125,
0.764,65.6240234375,-81.6396484375,22.982421875,
0.7645,80.1181640625,-81.6396484375,-3.0029296875,
0.765,80.0380859375,-79.677734375,-6.24609375,
0.7655,81.4794921875,-66.9052734375,-27.947265625,
0.766,81.4794921875,-59.9384765625,-36.7158203125,
0.7665,81.4794921875,-50.9697265625,-47.806640625,
0.767,81.4794921875,-33.47265625,-57.7763671875,
0.7675,81.4794921875,-30.189453125,-59.578125,
0.768,79.1171875,-4.32421875,-73.5517578125,
0.7685,79.9580078125,-2.162109375,-75.43359375,
0.769,68.626953125,21.94140625,-81.6396484375,
0.7695,63.26171875,29.46875,-81.599609375,
0.77,52.0107421875,42.6416015625,-81.599609375,
0.7705,34.2333984375,53.3720703125,-81.6396484375,
0.771,31.3505859375,57.3759765625,-81.6396484375,
0.7715,4.724609375,74.712890625,-80.0380859375,
0.772,3.0029296875,79.7578125,-81.6396484375,
0.7725,-21.6611328125,81.51953125,-69.828125,
0.773,-27.2666015625,81.4794921875,-62.140625,
0.7735,-40.0791015625,81.4794921875,-49.6884765625,
0.774,-52.611328125,81.4794921875,-33.15234375,
0.7745,-56.935546875,81.4794921875,-31.470703125,
0.775,-72.390625,81.51953125,-5.765625,
0.7755,-73.671875,81.51953125,-4.64453125,
0.776,-81.6396484375,70.388671875,19.8994140625,
0.7765,-81.6396484375,64.8232421875,24.7041015625,
0.777,-81.6396484375,53.8525390625,40.3994140625,
0.7775,-81.6396484375,39.7587890625,53.3720703125,
0.778,-81.6396484375,36.2353515625,57.896484375,
0.7785,-81.5595703125,12.01171875,69.9482421875,
0.779,-81.6396484375,9.6494140625,71.7099609375,
0.7795,-70.9892578125,-15.6552734375,81.51953125,
0.78,-69.0673828125,-21.62109375,81.51953125,
0.7805,-58.537109375,-37.4365234375,81.51953125,
0.781,-43.6025390625,-49.0078125,81.51953125,
0.7815,-39.6787109375,-52.53125,81.51953125,
0.782,-14.89453125,-65.7841796875,80.23828125,
0.7825,-14.2939453125,-68.9873046875,81.5595703125,
0.783,11.8115234375,-81.6396484375,71.2294921875,
0.7835,16.6162109375,-81.6396484375,68.146484375,
0.784,32.3115234375,-81.6396484375,54.693359375,
0.7845,44.3232421875,-81.599609375,40.4794921875,
0.785,50.2490234375,-81.6396484375,35.2744140625,
0.7855,65.3837890625,-81.3193359375,12.732421875,
0.786,70.5087890625,-81.6396484375,11.2109375,
0.7865,81.4794921875,-75.0732421875,-13.8134765625,
0.787,81.4794921875,-70.869140625,-17.9375,
0.7875,81.4794921875,-59.017578125,-34.11328125,
0.788,81.4794921875,-47.0458984375,-45.9248046875,
0.7885,81.4794921875,-43.2021484375,-52.0908203125,
0.789,81.4794921875,-21.861328125,-65.103515625,
0.7895,81.4794921875,-20.01953125,-66.9453125,
0.79,76.07421875,5.0849609375,-79.4375,
0.7905,72.6708984375,9.609375,-79.677734375,
0.791,61.6201171875,28.02734375,-81.6396484375,
0.7915,50.609375,41.2802734375,-81.6396484375,
0.792,43.8828125,48.5673828125,-81.6396484375,
0.7925,21.4609375,60.8994140625,-81.439453125,
0.793,18.3779296875,63.982421875,-81.6396484375,
0.7935,-7.0869140625,79.1572265625,-71.4296875,
0.794,-11.451171875,81.51953125,-70.7890625,
0.7945,-30.6298828125,81.51953125,-60.138671875,
0.795,-40.7998046875,81.4794921875,-48.6875,
0.7955,-48.126953125,81.4794921875,-41.3603515625,
0.796,-60.37890625,81.51953125,-20.4599609375,
0.7965,-64.5830078125,81.51953125,-19.05859375,
0.797,-80.798828125,80.9990234375,6.88671875,
0.7975,-81.6396484375,80.158203125,9.529296875,
0.798,-81.6396484375,65.82421875,29.1083984375,
0.7985,-81.6396484375,55.57421875,38.27734375,
0.799,-81.6396484375,46.92578125,47.806640625,
0.7995,-81.6396484375,27.38671875,59.41796875,
0.8,-81.6396484375,24.6640625,64.1025390625,
0.8005,-77.1953125,-1.361328125,78.15625,
0.801,-75.43359375,-4.4443359375,77.2353515625,
0.8015,-62.7412109375,-25.14453125,81.51953125,
0.802,-55.173828125,-34.673828125,81.51953125,
0.8025,-48.046875,-45.6044921875,81.51953125,
0.803,-28.98828125,-57.2958984375,81.51953125,
0.8035,-28.1875,-59.8583984375,81.51953125,
0.804,-1.4013671875,-73.7919921875,74.1923828125,
0.8045,0,-75.7939453125,75.2333984375,
0.805,23.302734375,-81.6396484375,63.341796875,
0.8055,31.8310546875,-81.599609375,57.0556640625,
0.806,43.72265625,-81.599609375,47.005859375,
0.8065,54.1728515625,-81.6396484375,27.9873046875,
0.807,56.6552734375,-81.6396484375,26.0654296875,
0.8075,73.19140625,-76.9150390625,-0.5205078125,
0.808,76.8349609375,-79.7578125,-1.921875,
0.8085,81.439453125,-67.4658203125,-24.9443359375,
0.809,81.439453125,-60.0986328125,-31.3505859375,
0.8095,81.4794921875,-49.6484375,-41.880859375,
0.81,81.4794921875,-32.2314453125,-53.7724609375,
0.8105,81.4794921875,-31.390625,-57.9365234375,
0.811,80.4384765625,-5.6455078125,-74.47265625,
0.8115,81.4794921875,-4.8447265625,-75.5537109375,
0.812,68.2666015625,17.9375,-81.6396484375,
0.8125,61.98046875,24.9443359375,-81.6396484375,
0.813,52.8115234375,38.59765625,-81.6396484375,
0.8135,36.4755859375,51.890625,-81.6396484375,
0.814,34.3134765625,56.0546875,-81.6396484375,
0.8145,8.2880859375,70.9091796875,-79.4375,
0.815,6.24609375,72.390625,-78.7568359375,
0.8155,-17.5771484375,81.51953125,-66.1845703125,
0.816,-24.6640625,81.4794921875,-61.33984375,
0.8165,-38.0771484375,81.4794921875,-51.2900390625,
0.817,-50.9697265625,81.439453125,-34.9541015625,
0.8175,-52.2509765625,81.51953125,-32.19140625,
0.818,-66.3447265625,79.27734375,-7.0068359375,
0.8185,-68.546875,80.6787109375,-5.9658203125,
0.819,-81.6396484375,70.5087890625,18.498046875,
0.8195,-81.6396484375,66.625,24.6240234375,
0.82,-81.6396484375,55.4541015625,37.95703125,
0.8205,-81.6396484375,39.3984375,50.609375,
0.821,-81.6396484375,35.6748046875,53.8525390625,
0.8215,-80.4384765625,12.3720703125,68.38671875,
0.822,-81.6796875,9.8095703125,72.310546875,
0.8225,-73.3515625,-13.853515625,81.51953125,
0.823,-67.6259765625,-19.8193359375,81.51953125,
0.8235,-56.0947265625,-33.5927734375,81.51953125,
0.824,-41.9208984375,-46.3251953125,81.4794921875,
0.8245,-38.998046875,-51.8505859375,81.4794921875,
0.825,-15.53515625,-66.625,80.71875,
0.8255,-14.4541015625,-67.90625,81.119140625,
0.826,10.169921875,-78.8369140625,67.5859375,
0.8265,14.5341796875,-78.9970703125,63.58203125,
0.827,31.4306640625,-81.6396484375,53.01171875,
0.8275,45.32421875,-81.6396484375,41.16015625,
0.828,51.08984375,-81.599609375,36.7958984375,
0.8285,64.1826171875,-81.359375,13.7333984375,
0.829,66.46484375,-81.6396484375,12.171875,
0.8295,80.958984375,-72.150390625,-12.9326171875,
0.83,81.4794921875,-71.26953125,-17.13671875,
0.8305,81.4794921875,-61.259765625,-34.59375,
0.831,81.4794921875,-48.447265625,-44.6435546875,
0.8315,81.4794921875,-42.8017578125,-49.48828125,
0.832,81.119140625,-21.140625,-60.138671875,
0.8325,81.4794921875,-20.0595703125,-63.662109375,
0.833,74.6728515625,5.685546875,-79.517578125,
0.8335,73.8720703125,8.80859375,-80.638671875,
0.834,60.298828125,27.2666015625,-81.6396484375,
0.8345,48.8076171875,37.4365234375,-81.6396484375,
0.835,42.0009765625,46.60546875,-81.6396484375,
0.8355,21.140625,58.537109375,-78.5166015625,
0.836,20.2197265625,64.4228515625,-81.6396484375,
0.8365,-6.56640625,79.517578125,-71.9501953125,
0.837,-8.7685546875,80.0380859375,-70.388671875,
0.8375,-28.6279296875,81.51953125,-57.6962890625,
0.838,-38.7578125,81.51953125,-47.966796875,
0.8385,-48.447265625,81.4794921875,-42.2412109375,
0.839,-60.5791015625,81.51953125,-21.140625,
0.8395,-63.1416015625,81.51953125,-20.099609375,
0.84,-75.9541015625,76.474609375,6.40625,
0.8405,-76.5546875,75.4736328125,8.1279296875,
0.841,-81.599609375,63.5419921875,28.9482421875,
0.8415,-81.599609375,55.5341796875,38.91796875,
0.842,-81.6396484375,46.6455078125,48.1669921875,
0.8425,-81.6396484375,26.505859375,57.416015625,
0.843,-81.6396484375,23.5029296875,60.5390625,
0.8435,-73.5517578125,-2.5625,75.4736328125,
0.844,-75.6337890625,-5.4052734375,79.1171875,
0.8445,-64.86328125,-26.4658203125,81.51953125,
0.845,-56.21484375,-35.314453125,81.51953125,
0.8455,-47.6064453125,-44.203125,81.51953125,
0.846,-28.2275390625,-56.0947265625,81.51953125,
0.8465,-27.9072265625,-59.5380859375,81.51953125,
0.847,-1.28125,-75.9140625,76.71484375,
0.8475,0.48046875,-77.4755859375,76.6748046875,
0.848,21.701171875,-81.6396484375,62.4609375,
0.8485,30.58984375,-81.6396484375,53.65234375,
0.849,41.9208984375,-81.6396484375,45.083984375,
0.8495,55.2939453125,-81.6396484375,26.74609375,
0.85,57.9365234375,-81.6396484375,25.1044921875,
0.8505,73.111328125,-76.4345703125,-0.6005859375,
0.851,73.3916015625,-74.6728515625,-2.9228515625,
0.8515,81.4794921875,-63.3818359375,-24.34375,
0.852,81.4794921875,-57.65625,-32.9521484375,
0.8525,81.4794921875,-49.728515625,-44.283203125,
0.853,81.4794921875,-33.072265625,-56.21484375,
0.8535,81.4794921875,-30.7900390625,-58.056640625,
0.854,78.7568359375,-5.60546875,-72.4306640625,
0.8545,79.7177734375,-3.923828125,-73.83203125,
0.855,69.4677734375,19.0185546875,-81.6396484375,
0.8555,64.302734375,27.06640625,-81.6396484375,
0.856,54.0126953125,39.3984375,-81.6396484375,
0.8565,35.8349609375,51.08984375,-81.6396484375,
0.857,32.7919921875,53.732421875,-81.6396484375,
0.8575,6.9267578125,70.46875,-77.1552734375,
0.858,4.9248046875,74.4326171875,-79.517578125,
0.8585,-18.578125,81.51953125,-67.6259765625,
0.859,-24.6640625,81.51953125,-60.37890625,
0.8595,-37.0361328125,81.51953125,-48.7275390625,
0.86,-50.2890625,81.51953125,-32.5517578125,
0.8605,-54.3330078125,81.51953125,-30.9501953125,
0.861,-70.3486328125,81.439453125,-5.9658203125,
0.8615,-71.91015625,81.51953125,-5.365234375,
0.862,-81.6396484375,69.748046875,18.8984375,
0.8625,-81.6396484375,65.1435546875,23.6630859375,
0.863,-81.599609375,54.93359375,39.2783203125,
0.8635,-81.6396484375,40.6396484375,52.37109375,
0.864,-81.6396484375,36.99609375,56.3349609375,
0.8645,-80.7587890625,12.4521484375,68.1865234375,
0.865,-81.6396484375,10.25,69.34765625,
0.8655,-69.3876953125,-14.7744140625,81.51953125,
0.866,-67.6259765625,-20.2197265625,81.51953125,
0.8665,-57.2158203125,-36.435546875,81.4794921875,
0.867,-42.521484375,-47.6865234375,81.51953125,
0.8675,-38.3173828125,-51.73046875,81.51953125,
0.868,-13.453125,-64.5830078125,76.71484375,
0.8685,-13.3330078125,-67.6259765625,80.1982421875,
0.869,13.0126953125,-81.6396484375,68.626953125,
0.8695,16.6162109375,-81.599609375,67.3857421875,
0.87,33.5927734375,-81.599609375,54.1728515625,
0.8705,45.1240234375,-81.599609375,40.7197265625,
0.871,51.330078125,-81.6396484375,35.875,
0.8715,66.2646484375,-81.6396484375,12.2919921875,
0.872,71.109375,-81.6396484375,11.6513671875,
0.8725,81.439453125,-75.11328125,-14.333984375,
0.873,81.4794921875,-71.26953125,-17.216796875,
0.8735,81.4794921875,-58.6171875,-33.9931640625,
0.874,81.4794921875,-46.6455078125,-45.564453125,
0.8745,81.4794921875,-42.6015625,-52.2509765625,
0.875,81.4794921875,-20.5400390625,-64.943359375,
0.8755,81.4794921875,-19.0986328125,-66.5849609375,
0.876,72.7509765625,6.2861328125,-77.8759765625,
0.8765,69.9482421875,10.169921875,-77.7958984375,
0.877,59.2177734375,28.908203125,-81.6396484375,
0.8775,49.3681640625,42.2412109375,-81.599609375,
0.878,43.2021484375,50.2490234375,-81.599609375,
0.8785,20.33984375,62.9814453125,-81.6396484375,
0.879,17.77734375,66.0244140625,-81.6396484375,
0.8795,-8.328125,80.798828125,-72.390625,
0.88,-12.01171875,81.4794921875,-71.830078125,
0.8805,-31.390625,81.439453125,-61.099609375,
0.881,-41.9208984375,81.3994140625,-49.48828125,
0.8815,-48.447265625,81.4794921875,-41.5205078125,
0.882,-60.2587890625,81.51953125,-19.619140625,
0.8825,-63.501953125,81.51953125,-17.9775390625,
0.883,-79.9580078125,79.27734375,8.2880859375,
0.8835,-81.1591796875,77.7158203125,11.0107421875,
0.884,-81.6396484375,63.9423828125,29.8291015625,
0.8845,-81.6396484375,53.1318359375,39.638671875,
0.885,-81.6396484375,44.8037109375,48.52734375,
0.8855,-81.6396484375,25.064453125,60.859375,
0.886,-81.6396484375,22.1416015625,65.984375,
0.8865,-78.4365234375,-3.4833984375,80.87890625,
0.887,-75.7939453125,-6.88671875,80.2783203125,
0.8875,-63.7421875,-26.90625,81.51953125,
0.888,-55.7744140625,-36.5556640625,81.4794921875,
0.8885,-48.447265625,-47.3662109375,81.4794921875,
0.889,-29.1884765625,-60.1787109375,81.4794921875,
0.8895,-26.7060546875,-63.2216796875,81.51953125,
0.89,-0.1201171875,-75.75390625,75.673828125,
0.8905,1.4013671875,-75.994140625,74.552734375,
0.891,23.9833984375,-81.6396484375,62.4208984375,
0.8915,32.83203125,-81.599609375,55.7744140625,
0.892,44.6435546875,-81.599609375,46.365234375,
0.8925,55.3740234375,-81.6396484375,26.7060546875,
0.893,59.09765625,-81.6396484375,23.3427734375,
0.8935,74.552734375,-75.353515625,-3.1630859375,
0.894,77.7158203125,-77.9560546875,-4.404296875,
0.8945,81.4794921875,-66.9853515625,-27.1865234375,
0.895,81.439453125,-60.21875,-33.6328125,
0.8955,81.4794921875,-50.12890625,-44.5634765625,
0.896,81.4794921875,-32.7919921875,-55.4541015625,
0.8965,81.4794921875,-31.1904296875,-59.73828125,
0.897,81.4794921875,-5.1650390625,-76.07421875,
0.8975,81.4794921875,-4.4443359375,-77.1552734375,
0.898,69.2275390625,18.978515625,-81.6396484375,
0.8985,62.94140625,24.9443359375,-81.6396484375,
0.899,52.8916015625,39.1181640625,-81.6396484375,
0.8995,35.875,52.1708984375,-81.6396484375,
0.9,33.7529296875,56.6552734375,-81.6396484375,
0.9005,6.4462890625,71.75,-77.7958984375,
0.901,5.4052734375,72.6708984375,-77.67578125,
0.9015,-19.05859375,81.51953125,-64.1025390625,
0.902,-25.3046875,81.4794921875,-60.0986328125,
0.9025,-39.5185546875,81.4794921875,-50.44921875,
0.903,-52.611328125,81.4794921875,-34.43359375,
0.9035,-54.9736328125,81.51953125,-32.19140625,
0.904,-68.8271484375,80.87890625,-6.166015625,
0.9045,-70.869140625,81.4794921875,-5.60546875,
0.905,-81.6396484375,71.58984375,19.298828125,
0.9055,-81.599609375,68.1865234375,24.7841796875,
0.906,-81.599609375,56.85546875,39.23828125,
0.9065,-81.599609375,41.0400390625,51.2900390625,
0.907,-81.6396484375,36.6357421875,54.7734375,
0.9075,-80.5986328125,12.171875,68.8271484375,
0.908,-81.6396484375,9.849609375,72.1904296875,
0.9085,-72.0703125,-14.7744140625,81.51953125,
0.909,-67.025390625,-20.259765625,81.51953125,
0.9095,-55.4140625,-34.43359375,81.51953125,
0.91,-41.080078125,-47.646484375,81.51953125,
0.9105,-38.5576171875,-52.9716796875,81.51953125,
0.911,-13.93359375,-68.787109375,81.51953125,
0.9115,-12.8525390625,-70.94921875,81.51953125,
0.912,12.171875,-81.6396484375,69.5078125,
0.9125,17.1767578125,-81.6396484375,65.18359375,
0.913,33.6728515625,-81.599609375,54.533203125,
0.9135,47.966796875,-81.599609375,42.201171875,
0.914,53.01171875,-81.599609375,37.1962890625,
0.9145,66.4248046875,-81.6396484375,13.29296875,
0.915,68.546875,-81.6396484375,10.490234375,
0.9155,81.4794921875,-72.5107421875,-14.7744140625,
0.916,81.4794921875,-70.30859375,-19.4189453125,
0.9165,81.4794921875,-59.8583984375,-36.7158203125,
0.917,81.4794921875,-46.845703125,-47.6064453125,
0.9175,81.4794921875,-41.080078125,-51.970703125,
0.918,81.4794921875,-17.5771484375,-66.0244140625,
0.9185,81.4794921875,-15.9755859375,-68.7470703125,
0.919,75.3935546875,9.9697265625,-81.6396484375,
0.9195,73.591796875,13.61328125,-81.6396484375,
0.92,60.5390625,31.6708984375,-81.6396484375,
0.9205,48.6474609375,43.08203125,-81.6396484375,
0.921,42.2412109375,51.009765625,-81.599609375,
0.9215,19.298828125,65.82421875,-81.599609375,
0.922,17.0166015625,71.669921875,-81.6396484375,
0.9225,-9.8896484375,81.51953125,-76.5146484375,
0.923,-12.8125,81.51953125,-72.2705078125,
0.9235,-32.51171875,81.4794921875,-58.4970703125,
0.924,-42.6416015625,81.4794921875,-48.0869140625,
0.9245,-52.1708984375,81.4794921875,-41.3203125,
0.925,-64.142578125,81.4794921875,-19.5791015625,
0.9255,-66.6650390625,81.4794921875,-17.3369140625,
0.926,-79.0771484375,76.3544921875,10.1298828125,
0.9265,-78.796875,74.4326171875,11.8115234375,
0.927,-81.6396484375,62.140625,33.5126953125,
0.9275,-81.599609375,54.29296875,43.40234375,
0.928,-81.599609375,45.8046875,53.3720703125,
0.9285,-81.6396484375,24.8642578125,62.7412109375,
0.929,-81.6396484375,21.4609375,66.14453125,
0.9295,-76.9150390625,-6.005859375,81.19921875,
0.93,-78.556640625,-8.728515625,81.51953125,
0.9305,-66.625,-30.5498046875,81.4794921875,
0.931,-57.3759765625,-38.7177734375,81.4794921875,
0.9315,-47.646484375,-48.0068359375,81.51953125,
0.932,-27.2265625,-59.73828125,81.51953125,
0.9325,-25.5048828125,-64.7431640625,81.51953125,
0.933,2.2021484375,-80.55859375,78.796875,
0.9335,3.3232421875,-81.439453125,78.4765625,
0.934,25.384765625,-81.6396484375,62.30078125,
0.9345,33.1123046875,-81.599609375,53.4521484375,
0.935,45.1240234375,-81.599609375,44.3232421875,
0.9355,58.4970703125,-81.599609375,25.78515625,
0.936,64.6630859375,-81.6396484375,23.54296875,
0.9365,80.1982421875,-81.1591796875,-3.6435546875,
0.937,79.59765625,-79.6376953125,-5.2451171875,
0.9375,81.4794921875,-66.384765625,-27.2666015625,
0.938,81.4794921875,-60.2587890625,-35.5947265625,
0.9385,81.439453125,-52.0908203125,-47.1259765625,
0.939,81.439453125,-34.9541015625,-58.8173828125,
0.9395,81.4794921875,-32.03125,-60.7392578125,
0.94,81.4794921875,-5.60546875,-74.3525390625,
0.9405,80.8388671875,-3.1630859375,-74.953125,
0.941,69.7880859375,19.9794921875,-81.6396484375,
0.9415,64.0625,28.3876953125,-81.599609375,
0.942,53.6123046875,41,-81.6396484375,
0.9425,35.234375,53.01171875,-81.6396484375,
0.943,31.5107421875,55.57421875,-81.6396484375,
0.9435,4.64453125,72.470703125,-76.9150390625,
0.944,2.5224609375,77.03515625,-79.3974609375,
0.9445,-21.62109375,81.439453125,-68.1865234375,
0.945,-28.2275390625,81.439453125,-61.419921875,
0.9455,-40.2392578125,81.4794921875,-50.0087890625,
0.946,-53.572265625,81.4794921875,-33.3525390625,
0.9465,-57.3759765625,81.4794921875,-31.55078125,
0.947,-74.3125,81.4794921875,-5.6455078125,
0.9475,-75.9541015625,81.51953125,-4.0439453125,
0.948,-81.6396484375,73.6318359375,19.859375,
0.9485,-81.6396484375,66.6650390625,25.46484375,
0.949,-81.599609375,56.0146484375,40.0791015625,
0.9495,-81.599609375,41.16015625,53.7724609375,
0.95,-81.6396484375,37.2763671875,58.537109375,
0.9505,-81.6396484375,12.412109375,71.2294921875,
0.951,-81.6396484375,9.208984375,71.669921875,
0.9515,-69.4677734375,-15.8955078125,81.51953125,
0.952,-66.5849609375,-21.5009765625,81.3994140625,
0.9525,-56.4150390625,-38.1171875,81.3994140625,
0.953,-42.921875,-50.4892578125,81.4794921875,
0.9535,-39.158203125,-54.8134765625,81.51953125,
0.954,-13.4931640625,-68.2666015625,81.19921875,
0.9545,-12.7724609375,-71.0693359375,81.51953125,
0.955,14.2939453125,-81.6396484375,71.0693359375,
0.9555,18.2177734375,-81.599609375,69.02734375,
0.956,35.5546875,-81.599609375,55.4541015625,
0.9565,47.24609375,-81.599609375,41.3603515625,
0.957,52.8115234375,-81.599609375,35.9150390625,
0.9575,67.3857421875,-81.6396484375,11.37109375,
0.958,72.5107421875,-81.6396484375,10.0498046875,
0.9585,81.4794921875,-74.9931640625,-16.81640625,
0.959,81.4794921875,-70.869140625,-19.458984375,
0.9595,81.4794921875,-57.3759765625,-36.7958984375,
0.96,81.3994140625,-45.0439453125,-47.1259765625,
0.9605,81.3994140625,-40.6796875,-54.2529296875,
0.961,81.439453125,-17.5771484375,-69.98828125,
0.9615,81.4794921875,-16.416015625,-72.630859375,
0.962,76.07421875,10.2900390625,-81.6396484375,
0.9625,73.3115234375,13.052734375,-81.6396484375,
0.963,60.8193359375,32.51171875,-81.599609375,
0.9635,50.609375,44.9638671875,-81.6396484375,
0.964,44.5234375,52.7314453125,-81.599609375,
0.9645,20.33984375,65.904296875,-81.6396484375,
0.965,17.7373046875,68.8271484375,-81.6396484375,
0.9655,-9.9697265625,81.51953125,-73.7119140625,
0.966,-13.373046875,81.51953125,-72.2705078125,
0.9665,-33.2724609375,81.4794921875,-60.21875,
0.967,-43.5625,81.4794921875,-48.5673828125,
0.9675,-50.6494140625,81.4794921875,-40.5595703125,
0.968,-62.380859375,81.3994140625,-18.41796875,
0.9685,-65.9443359375,81.439453125,-16.3759765625,
0.969,-81.6396484375,79.7578125,10.6103515625,
0.9695,-81.6396484375,78.6767578125,13.4130859375,
0.97,-81.599609375,64.462890625,32.9921875,
0.9705,-81.599609375,54.1328125,42.76171875,
0.971,-81.599609375,45.8046875,51.5703125,
0.9715,-81.599609375,25.7451171875,63.822265625,
0.972,-81.6396484375,22.7421875,68.546875,
0.9725,-81.599609375,-4.083984375,81.51953125,
0.973,-78.15625,-7.6474609375,81.51953125,
0.9735,-65.34375,-27.5869140625,81.51953125,
0.974,-56.53515625,-37.6767578125,81.4794921875,
0.9745,-49.0078125,-47.56640625,81.51953125,
0.975,-29.62890625,-60.21875,81.4794921875,
0.9755,-27.8271484375,-62.1806640625,81.51953125,
0.976,-0.720703125,-75.2734375,75.2734375,
0.9765,1.8017578125,-75.6337890625,73.3515625,
0.977,23.943359375,-81.599609375,61.7802734375,
0.9775,33.552734375,-81.599609375,55.0537109375,
0.978,45.404296875,-81.599609375,46.3251953125,
0.9785,57.095703125,-81.599609375,27.38671875,
0.979,59.177734375,-81.6396484375,25.2646484375,
0.9795,76.234375,-79.3974609375,-1.8818359375,
0.98,79.27734375,-80.5986328125,-3.7236328125,
0.9805,81.4794921875,-69.267578125,-26.5859375,
0.981,81.439453125,-61.7802734375,-33.15234375,
0.9815,81.4794921875,-51.330078125,-43.642578125,
0.982,81.4794921875,-33.79296875,-55.25390625,
0.9825,81.4794921875,-32.19140625,-59.2177734375,
0.983,81.4794921875,-5.765625,-75.75390625,
0.9835,81.4794921875,-4.564453125,-76.5146484375,
0.984,68.8271484375,18.337890625,-81.6396484375,
0.9845,61.7802734375,24.50390625,-81.6396484375,
0.985,52.130859375,38.357421875,-81.6396484375,
0.9855,35.6748046875,51.8505859375,-81.6396484375,
0.986,34.0732421875,57.2158203125,-81.6396484375,
0.9865,6.966796875,73.2314453125,-80.1982421875,
0.987,5.685546875,74.3125,-79.9580078125,
0.9875,-19.1787109375,81.51953125,-65.8642578125,
0.988,-24.7841796875,81.4794921875,-62.0205078125,
0.9885,-39.478515625,81.4794921875,-51.73046875,
0.989,-51.890625,81.4794921875,-36.03515625,
0.9895,-54.533203125,81.4794921875,-33.6328125,
0.99,-67.9462890625,81.3994140625,-7.126953125,
0.9905,-69.5478515625,81.51953125,-6.6865234375,
0.991,-81.6396484375,71.26953125,19.138671875,
0.9915,-81.6396484375,68.146484375,23.7431640625,
0.992,-81.6396484375,56.375,38.357421875,
0.9925,-81.6396484375,40.279296875,50.0888671875,
0.993,-81.6396484375,36.1953125,53.732421875,
0.9935,-78.1962890625,11.5712890625,67.5859375,
0.994,-81.6396484375,10.08984375,71.8701171875,
0.9945,-71.91015625,-15.294921875,81.51953125,
0.995,-67.8662109375,-19.8994140625,81.51953125,
0.9955,-56.0947265625,-34.3935546875,81.51953125,
0.996,-42.3212890625,-46.685546875,81.51953125,
0.9965,-39.9990234375,-52.931640625,81.51953125,
0.997,-15.53515625,-68.7470703125,81.51953125,
0.9975,-15.2548828125,-70.9091796875,81.51953125,
0.998,10.41015625,-81.51953125,70.62890625,
0.9985,14.1337890625,-80.7587890625,66.3046875,
0.999,30.7099609375,-81.6396484375,54.8134765625,
0.9995,44.443359375,-81.599609375,42.9619140625,