Date,2021-02-06 13:27:36
Filename,STFCB-20200928-0105-0105_20210206_132604_002.dat
Data Label,정상
Label No,00
Motor Spec,L-PAHU-03S,1760,55,105.3,
Period,1SEC
Sample Rate,2000
RMS,58.32594,58.38341,57.60436,
Data Length,2000,
0,-12.33203125,-63.181640625,73.5517578125,
0.0005,-9.048828125,-67.6259765625,75.8740234375,
0.001,11.0107421875,-78.15625,66.1044921875,
0.0015,18.09765625,-79.0771484375,59.9384765625,
0.002,31.4306640625,-81.19921875,48.6474609375,
0.0025,44.68359375,-81.1591796875,34.7138671875,
0.003,50.7294921875,-81.599609375,30.9501953125,
0.0035,64.0625,-77.5556640625,9.9697265625,
0.004,67.0654296875,-79.59765625,8.568359375,
0.0045,77.8359375,-67.986328125,-14.25390625,
0.005,78.236328125,-64.0224609375,-18.2177734375,
0.0055,81.4794921875,-53.2119140625,-33.712890625,
0.006,81.4794921875,-41.9208984375,-44.763671875,
0.0065,81.439453125,-36.67578125,-51.009765625,
0.007,78.1962890625,-17.376953125,-61.66015625,
0.0075,78.876953125,-14.5341796875,-63.58203125,
0.008,69.1474609375,6.40625,-74.5126953125,
0.0085,66.46484375,11.9716796875,-76.234375,
0.009,56.455078125,27.947265625,-81.599609375,
0.0095,44.5634765625,39.958984375,-81.6396484375,
0.01,37.796875,46.6455078125,-81.5595703125,
0.0105,17.4169921875,58.0966796875,-74.2724609375,
0.011,15.9755859375,63.5419921875,-79.197265625,
0.0115,-7.607421875,77.9560546875,-69.427734375,
0.012,-11.0107421875,80.1181640625,-68.4267578125,
0.0125,-27.8671875,81.4794921875,-55.6142578125,
0.013,-36.8759765625,81.4794921875,-43.5625,
0.0135,-45.564453125,81.4794921875,-35.71484375,
0.014,-56.53515625,79.6376953125,-18.177734375,
0.0145,-61.8603515625,81.4794921875,-16.3759765625,
0.015,-73.3916015625,73.671875,5.765625,
0.0155,-73.3515625,70.0283203125,9.1689453125,
0.016,-77.67578125,58.13671875,25.3447265625,
0.0165,-79.3173828125,48.046875,36.435546875,
0.017,-81.599609375,41.080078125,45.96484375,
0.0175,-78.4365234375,23.302734375,57.3759765625,
0.018,-80.6787109375,20.98046875,59.7783203125,
0.0185,-70.708984375,-2.001953125,71.8701171875,
0.019,-69.98828125,-5.685546875,73.03125,
0.0195,-60.37890625,-23.462890625,81.0390625,
0.02,-52.291015625,-34.1533203125,81.4794921875,
0.0205,-44.203125,-43.6025390625,81.4794921875,
0.021,-27.466796875,-52.6513671875,78.1962890625,
0.0215,-24.3037109375,-54.7333984375,77.8359375,
0.022,-3.36328125,-67.7060546875,69.66796875,
0.0225,1.2412109375,-71.4697265625,69.66796875,
0.023,18.8583984375,-80.0380859375,60.21875,
0.0235,29.5888671875,-81.19921875,50.7294921875,
0.024,38.4775390625,-81.0791015625,41.2802734375,
0.0245,50.44921875,-75.3134765625,22.982421875,
0.025,53.2919921875,-78.1962890625,22.5419921875,
0.0255,69.66796875,-72.2705078125,-0.9208984375,
0.026,72.7109375,-73.0712890625,-3.0830078125,
0.0265,80.3984375,-62.7412109375,-21.62109375,
0.027,80.71875,-54.052734375,-30.109375,
0.0275,81.4794921875,-44.923828125,-39.9990234375,
0.028,80.8388671875,-30.7900390625,-52.1708984375,
0.0285,81.4794921875,-27.9072265625,-56.7353515625,
0.029,77.1552734375,-7.767578125,-69.3876953125,
0.0295,74.6328125,-3.4833984375,-69.828125,
0.03,64.1826171875,13.9736328125,-76.634765625,
0.0305,56.3349609375,23.9833984375,-78.4765625,
0.031,48.3271484375,36.8359375,-81.599609375,
0.0315,32.6318359375,49.4482421875,-80.7587890625,
0.032,29.5087890625,51.810546875,-80.6787109375,
0.0325,6.40625,65.0234375,-70.30859375,
0.033,4.00390625,67.74609375,-71.109375,
0.0335,-16.9765625,79.357421875,-61.2197265625,
0.034,-25.14453125,81.4794921875,-56.615234375,
0.0345,-37.6767578125,81.4794921875,-46.205078125,
0.035,-48.126953125,81.51953125,-30.3896484375,
0.0355,-51.2099609375,81.4794921875,-26.6259765625,
0.036,-63.9423828125,74.9130859375,-5.685546875,
0.0365,-68.787109375,77.9560546875,-3.203125,
0.037,-79.59765625,68.546875,17.1767578125,
0.0375,-80.3583984375,61.580078125,24.3037109375,
0.038,-81.599609375,50.0888671875,36.3955078125,
0.0385,-78.8369140625,34.2333984375,48.046875,
0.039,-81.599609375,30.58984375,52.8115234375,
0.0395,-76.1142578125,8.408203125,68.06640625,
0.04,-78.8369140625,6.5263671875,70.46875,
0.0405,-66.705078125,-14.7744140625,79.7177734375,
0.041,-60.8994140625,-20.099609375,77.99609375,
0.0415,-49.6884765625,-33.8330078125,80.3984375,
0.042,-37.1962890625,-46.125,80.4384765625,
0.0425,-33.552734375,-52.37109375,81.4794921875,
0.043,-13.453125,-63.501953125,74.9931640625,
0.0435,-10.890625,-65.904296875,75.833984375,
0.044,9.44921875,-74.953125,64.5029296875,
0.0445,16.2158203125,-77.3955078125,60.4189453125,
0.045,31.0302734375,-81.599609375,50.7294921875,
0.0455,44.5634765625,-81.599609375,37.2763671875,
0.046,48.8076171875,-81.599609375,32.3515625,
0.0465,59.7783203125,-73.9921875,10.810546875,
0.047,63.421875,-76.5947265625,9.6494140625,
0.0475,76.234375,-67.74609375,-12.892578125,
0.048,79.3173828125,-65.82421875,-17.4970703125,
0.0485,81.4794921875,-54.9736328125,-32.111328125,
0.049,80.9990234375,-42.0009765625,-41.880859375,
0.0495,81.19921875,-35.2744140625,-47.7265625,
0.05,75.033203125,-18.2978515625,-57.9765625,
0.0505,78.2763671875,-15.4951171875,-62.541015625,
0.051,71.109375,4.484375,-74.9130859375,
0.0515,67.1455078125,10.41015625,-75.7939453125,
0.052,56.294921875,24.423828125,-79.1171875,
0.0525,44.203125,37.396484375,-80.0380859375,
0.053,38.5576171875,45.484375,-81.6396484375,
0.0535,19.3388671875,58.9775390625,-77.03515625,
0.054,17.2568359375,62.9814453125,-79.837890625,
0.0545,-4.5244140625,74.3125,-68.9873046875,
0.055,-9.0087890625,75.11328125,-65.423828125,
0.0555,-24.744140625,80.9189453125,-55.0537109375,
0.056,-36.3955078125,81.4794921875,-44.6435546875,
0.0565,-45.083984375,81.359375,-37.6767578125,
0.057,-54.61328125,79.59765625,-20.259765625,
0.0575,-57.5361328125,79.5576171875,-17.0166015625,
0.058,-68.8671875,71.0693359375,3.36328125,
0.0585,-71.6298828125,68.8671875,8.1279296875,
0.059,-79.1572265625,60.2587890625,24.34375,
0.0595,-81.51953125,50.44921875,35.875,
0.06,-81.599609375,42.0810546875,43.5625,
0.0605,-75.4736328125,23.86328125,53.97265625,
0.061,-78.556640625,21.380859375,57.5361328125,
0.0615,-71.7900390625,-0.8408203125,72.0703125,
0.062,-72.1103515625,-4.5244140625,74.3125,
0.0625,-61.8203125,-21.5810546875,80.8388671875,
0.063,-51.7705078125,-30.7900390625,79.91796875,
0.0635,-42.9619140625,-39.9189453125,80.3984375,
0.064,-27.1064453125,-51.5302734375,75.9140625,
0.0645,-24.6240234375,-55.7744140625,79.3974609375,
0.065,-4.2841796875,-67.986328125,70.8291015625,
0.0655,-0.240234375,-69.5478515625,68.947265625,
0.066,16.65625,-75.4736328125,57.896484375,
0.0665,26.986328125,-77.2353515625,49.2880859375,
0.067,38.7177734375,-81.51953125,41.6005859375,
0.0675,51.08984375,-78.31640625,24.82421875,
0.068,53.1318359375,-79.8779296875,23.943359375,
0.0685,66.4248046875,-70.4287109375,0.48046875,
0.069,68.5869140625,-71.3095703125,-0.8408203125,
0.0695,78.4365234375,-61.7802734375,-20.7001953125,
0.07,81.359375,-56.134765625,-28.828125,
0.0705,81.4794921875,-47.1259765625,-39.958984375,
0.071,79.0771484375,-31.55078125,-49.6083984375,
0.0715,79.91796875,-28.1474609375,-52.451171875,
0.072,72.3505859375,-7.8876953125,-65.18359375,
0.0725,74.3125,-4.6845703125,-68.3466796875,
0.073,65.3837890625,13.61328125,-77.515625,
0.0735,57.7763671875,22.421875,-78.4765625,
0.074,47.966796875,33.5927734375,-80.078125,
0.0745,31.1103515625,45.5244140625,-74.873046875,
0.075,29.1083984375,49.96875,-77.99609375,
0.0755,6.646484375,65.50390625,-70.9892578125,
0.076,5.044921875,69.427734375,-73.83203125,
0.0765,-15.1748046875,79.0771484375,-62.5810546875,
0.077,-22.1015625,79.7578125,-56.2548828125,
0.0775,-34.43359375,81.4794921875,-45.884765625,
0.078,-46.9658203125,81.51953125,-31.791015625,
0.0785,-51.6103515625,81.4794921875,-29.1484375,
0.079,-63.4619140625,77.1953125,-8.48828125,
0.0795,-65.423828125,76.5146484375,-5.8056640625,
0.08,-73.6318359375,66.3046875,13.29296875,
0.0805,-76.07421875,59.9384765625,21.30078125,
0.081,-80.9189453125,51.330078125,34.2333984375,
0.0815,-80.9189453125,36.5556640625,47.7666015625,
0.082,-80.6787109375,32.03125,50.0087890625,
0.0825,-71.349609375,11.130859375,60.859375,
0.083,-72.8310546875,7.927734375,63.5419921875,
0.0835,-64.943359375,-12.4521484375,75.43359375,
0.084,-61.3798828125,-19.9794921875,78.9169921875,
0.0845,-51.6103515625,-32.83203125,81.3994140625,
0.085,-37.716796875,-44.203125,79.6376953125,
0.0855,-32.19140625,-48.9677734375,79.517578125,
0.086,-13.7333984375,-61.2998046875,73.0712890625,
0.0865,-10.2900390625,-66.064453125,75.4736328125,
0.087,8.6884765625,-76.794921875,67.1455078125,
0.0875,15.9755859375,-78.15625,61.419921875,
0.088,28.34765625,-79.6376953125,49.8486328125,
0.0885,41.8408203125,-79.4775390625,35.9951171875,
0.089,47.7666015625,-81.3994140625,31.9111328125,
0.0895,61.1796875,-75.833984375,11.53125,
0.09,64.6630859375,-77.916015625,9.8095703125,
0.0905,75.1533203125,-67.826171875,-11.4912109375,
0.091,75.4736328125,-63.1015625,-16.17578125,
0.0915,80.0380859375,-53.0517578125,-30.6298828125,
0.092,81.3193359375,-42.0009765625,-42.4814453125,
0.0925,81.4794921875,-36.67578125,-49.2880859375,
0.093,77.8359375,-18.7783203125,-60.21875,
0.0935,77.99609375,-14.89453125,-62.6611328125,
0.094,69.2275390625,4.404296875,-72.9111328125,
0.0945,66.384765625,10.5302734375,-75.11328125,
0.095,57.2958984375,26.185546875,-81.5595703125,
0.0955,46.0849609375,38.4775390625,-81.6396484375,
0.096,38.59765625,45.484375,-81.6396484375,
0.0965,18.73828125,55.974609375,-73.431640625,
0.097,16.4560546875,60.5390625,-76.5146484375,
0.0975,-6.2060546875,74.2724609375,-67.5458984375,
0.098,-9.9296875,77.7158203125,-67.1455078125,
0.0985,-26.505859375,81.4794921875,-55.6142578125,
0.099,-35.71484375,81.1591796875,-43.642578125,
0.0995,-44.3232421875,81.4794921875,-35.39453125,
0.1,-54.8134765625,76.9951171875,-17.9775390625,
0.1005,-60.4990234375,80.55859375,-15.5751953125,
0.101,-72.5107421875,72.7509765625,5.365234375,
0.1015,-73.83203125,70.1484375,9.0888671875,
0.102,-78.396484375,58.9775390625,24.904296875,
0.1025,-79.7578125,48.9677734375,35.474609375,
0.103,-81.599609375,41.560546875,45.564453125,
0.1035,-78.5166015625,24.3037109375,56.375,
0.104,-80.7587890625,21.62109375,59.2177734375,
0.1045,-70.46875,-0.9208984375,70.708984375,
0.105,-69.5078125,-4.00390625,71.109375,
0.1055,-59.498046875,-21.78125,78.8369140625,
0.106,-52.05078125,-31.791015625,80.71875,
0.1065,-44.0830078125,-42.0009765625,81.4794921875,
0.107,-27.5869140625,-51.41015625,76.3544921875,
0.1075,-24.3837890625,-53.5322265625,76.07421875,
0.108,-4.083984375,-65.0634765625,67.3857421875,
0.1085,0.1201171875,-68.626953125,67.5859375,
0.109,17.216796875,-77.3955078125,59.1376953125,
0.1095,28.2275390625,-80.318359375,50.9296875,
0.11,37.796875,-81.4794921875,42.3212890625,
0.1105,49.6083984375,-76.39453125,24.6240234375,
0.111,52.291015625,-78.4765625,23.623046875,
0.1115,67.7060546875,-72.23046875,1.0810546875,
0.112,71.029296875,-73.3115234375,-1.0009765625,
0.1125,78.95703125,-63.58203125,-19.21875,
0.113,79.5576171875,-55.5341796875,-27.3466796875,
0.1135,80.55859375,-46.125,-37.31640625,
0.114,78.9970703125,-31.9912109375,-49.328125,
0.1145,81.359375,-28.587890625,-53.65234375,
0.115,75.11328125,-9.1689453125,-66.384765625,
0.1155,73.271484375,-5.044921875,-67.265625,
0.116,63.662109375,11.4111328125,-73.83203125,
0.1165,55.974609375,21.5810546875,-75.7138671875,
0.117,48.4873046875,33.5126953125,-80.5986328125,
0.1175,32.9521484375,47.24609375,-78.8369140625,
0.118,29.94921875,50.048828125,-79.27734375,
0.1185,7.9677734375,63.58203125,-70.5087890625,
0.119,4.884765625,66.705078125,-71.0693359375,
0.1195,-14.3740234375,77.755859375,-62.30078125,
0.12,-23.0625,81.19921875,-57.2958984375,
0.1205,-34.9541015625,81.439453125,-47.5263671875,
0.121,-45.96484375,81.1591796875,-32.3115234375,
0.1215,-49.328125,80.6787109375,-27.626953125,
0.122,-61.3798828125,74.2724609375,-7.927734375,
0.1225,-65.9443359375,75.75390625,-4.564453125,
0.123,-76.39453125,67.74609375,14.4140625,
0.1235,-77.8759765625,61.1796875,22.021484375,
0.124,-79.7578125,50.5693359375,33.79296875,
0.1245,-77.515625,35.07421875,46.125,
0.125,-80.0380859375,31.0703125,50.7294921875,
0.1255,-73.3916015625,10.5302734375,63.7421875,
0.126,-76.3544921875,7.8076171875,67.2255859375,
0.1265,-66.3447265625,-12.732421875,77.275390625,
0.127,-61.01953125,-18.978515625,77.1552734375,
0.1275,-50.689453125,-32.5517578125,80.4384765625,
0.128,-38.197265625,-44.8037109375,80.3583984375,
0.1285,-33.712890625,-51.330078125,81.4794921875,
0.129,-14.734375,-62.060546875,74.5126953125,
0.1295,-10.890625,-64.623046875,74.3525390625,
0.13,8.6083984375,-73.2314453125,63.5419921875,
0.1305,15.4150390625,-75.59375,59.3779296875,
0.131,30.58984375,-81.4794921875,49.8486328125,
0.1315,43.72265625,-81.599609375,37.1962890625,
0.132,48.6474609375,-81.599609375,31.8310546875,
0.1325,59.177734375,-72.9111328125,10.41015625,
0.133,63.0615234375,-75.3134765625,8.96875,
0.1335,75.833984375,-66.4248046875,-13.61328125,
0.134,79.2373046875,-65.103515625,-17.9375,
0.1345,81.439453125,-54.8134765625,-33.1923828125,
0.135,81.4794921875,-42.0810546875,-43.001953125,
0.1355,81.439453125,-35.474609375,-48.7275390625,
0.136,77.3154296875,-17.376953125,-60.859375,
0.1365,80.3583984375,-13.853515625,-65.6640625,
0.137,72.3505859375,5.8056640625,-76.9150390625,
0.1375,67.5859375,11.771484375,-77.515625,
0.138,55.8544921875,25.5849609375,-79.91796875,
0.1385,43.4423828125,37.9970703125,-79.9580078125,
0.139,37.15625,46.4052734375,-81.599609375,
0.1395,18.09765625,59.3779296875,-76.39453125,
0.14,15.0146484375,63.8623046875,-78.63671875,
0.1405,-6.7666015625,74.5126953125,-67.10546875,
0.141,-11.1708984375,74.8330078125,-63.181640625,
0.1415,-26.90625,80.3984375,-52.291015625,
0.142,-38.7177734375,81.4794921875,-42.4013671875,
0.1425,-48.0068359375,81.4794921875,-35.5947265625,
0.143,-57.4560546875,80.3984375,-18.2578125,
0.1435,-60.4189453125,80.0380859375,-14.173828125,
0.144,-71.029296875,71.26953125,6.005859375,
0.1445,-74.1123046875,68.70703125,11.4912109375,
0.145,-81.599609375,60.5390625,26.90625,
0.1455,-81.6396484375,50.609375,39.23828125,
0.146,-81.6396484375,41.560546875,46.2451171875,
0.1465,-76.955078125,23.302734375,55.654296875,
0.147,-78.236328125,19.21875,58.8974609375,
0.1475,-71.4296875,-2.322265625,72.55078125,
0.148,-71.1494140625,-7.0869140625,75.3134765625,
0.1485,-61.5,-23.462890625,81.4794921875,
0.149,-51.0498046875,-32.7119140625,80.3984375,
0.1495,-41.5205078125,-41.5205078125,80.1181640625,
0.15,-26.1455078125,-52.53125,75.7138671875,
0.1505,-22.7421875,-57.1357421875,78.2763671875,
0.151,-2.962890625,-69.7880859375,70.94921875,
0.1515,2.0419921875,-71.7099609375,68.5869140625,
0.152,17.9375,-76.9150390625,57.896484375,
0.1525,28.748046875,-78.8369140625,48.8876953125,
0.153,39.9990234375,-81.599609375,41.6005859375,
0.1535,52.69140625,-80.3583984375,24.984375,
0.154,55.013671875,-81.0390625,23.142578125,
0.1545,67.5859375,-71.7900390625,0.3603515625,
0.155,69.1474609375,-70.5087890625,-2.322265625,
0.1555,77.9560546875,-61.1796875,-20.900390625,
0.156,81.4794921875,-55.4541015625,-29.869140625,
0.1565,81.4794921875,-46.765625,-41.4404296875,
0.157,80.638671875,-31.9912109375,-50.689453125,
0.1575,80.1982421875,-27.1865234375,-53.572265625,
0.158,72.2705078125,-7.3271484375,-65.1435546875,
0.1585,72.6708984375,-3.2431640625,-68.2666015625,
0.159,64.6630859375,15.0546875,-78.4765625,
0.1595,58.296875,24.18359375,-80.7587890625,
0.16,48.52734375,36.03515625,-81.6396484375,
0.1605,31.951171875,47.40625,-77.515625,
0.161,29.068359375,51.5302734375,-79.998046875,
0.1615,6.166015625,66.9453125,-72.1103515625,
0.162,3.8037109375,71.6298828125,-74.953125,
0.1625,-16.3759765625,80.7587890625,-63.501953125,
0.163,-23.22265625,80.6787109375,-56.2548828125,
0.1635,-35.39453125,81.4794921875,-44.9638671875,
0.164,-47.40625,80.9990234375,-30.6298828125,
0.1645,-52.9716796875,81.4794921875,-26.9462890625,
0.165,-64.86328125,77.115234375,-6.646484375,
0.1655,-67.5458984375,76.07421875,-2.8828125,
0.166,-74.953125,65.0634765625,15.935546875,
0.1665,-76.8349609375,58.6171875,23.6630859375,
0.167,-81.6396484375,49.6484375,37.0361328125,
0.1675,-81.6396484375,35.8349609375,50.0888671875,
0.168,-81.599609375,31.310546875,53.732421875,
0.1685,-75.353515625,9.1689453125,66.5849609375,
0.169,-75.7939453125,5.685546875,68.306640625,
0.1695,-66.3447265625,-14.89453125,79.2373046875,
0.17,-62.62109375,-22.3818359375,81.3193359375,
0.1705,-52.8515625,-35.474609375,81.4794921875,
0.171,-38.837890625,-46.92578125,81.51953125,
0.1715,-32.751953125,-51.1298828125,81.4794921875,
0.172,-13.8134765625,-62.6611328125,74.5126953125,
0.1725,-8.9287109375,-67.1455078125,75.193359375,
0.173,9.9296875,-77.515625,66.5849609375,
0.1735,18.2578125,-79.517578125,60.3388671875,
0.174,30.5498046875,-80.958984375,49.248046875,
0.1745,44.0029296875,-80.71875,34.9541015625,
0.175,49.8486328125,-81.5595703125,29.7890625,
0.1755,63.021484375,-76.154296875,9.8095703125,
0.176,67.5859375,-77.8759765625,6.9267578125,
0.1765,78.4365234375,-68.466796875,-14.09375,
0.177,79.197265625,-63.7021484375,-19.5390625,
0.1775,81.4794921875,-53.4521484375,-33.6328125,
0.178,81.4794921875,-42.1611328125,-45.5244140625,
0.1785,81.4794921875,-36.275390625,-51.890625,
0.179,81.4794921875,-18.5380859375,-63.6220703125,
0.1795,80.478515625,-13.29296875,-65.984375,
0.18,71.109375,5.4853515625,-75.11328125,
0.1805,66.384765625,12.4921875,-76.5546875,
0.181,57.2158203125,27.0263671875,-81.599609375,
0.1815,45.6845703125,40.19921875,-81.599609375,
0.182,38.27734375,47.1259765625,-81.599609375,
0.1825,18.5380859375,57.9365234375,-75.3134765625,
0.183,14.7744140625,62.6611328125,-76.955078125,
0.1835,-7.0068359375,75.513671875,-67.8662109375,
0.184,-12.01171875,79.0771484375,-65.984375,
0.1845,-28.0673828125,81.4794921875,-55.4140625,
0.185,-37.95703125,81.4794921875,-44.04296875,
0.1855,-46.92578125,81.4794921875,-35.5146484375,
0.186,-56.9755859375,80.4384765625,-18.73828125,
0.1865,-62.861328125,81.4794921875,-14.814453125,
0.187,-74.0322265625,74.9130859375,5.7255859375,
0.1875,-75.353515625,71.109375,10.5302734375,
0.188,-79.7177734375,59.6982421875,26.2255859375,
0.1885,-80.9189453125,49.568359375,36.67578125,
0.189,-81.599609375,41.80078125,46.8857421875,
0.1895,-79.7578125,24.6240234375,57.5361328125,
0.19,-81.599609375,20.9404296875,61.099609375,
0.1905,-71.3896484375,-1.6416015625,72.1103515625,
0.191,-69.66796875,-5.60546875,72.5107421875,
0.1915,-59.2578125,-23.142578125,79.8779296875,
0.192,-51.6103515625,-33.1923828125,81.3994140625,
0.1925,-43.6826171875,-44.04296875,81.3994140625,
0.193,-28.0673828125,-53.4921875,79.357421875,
0.1935,-23.86328125,-56.7353515625,79.4375,
0.194,-3.5634765625,-68.146484375,70.1083984375,
0.1945,1.7216796875,-72.150390625,69.7080078125,
0.195,19.05859375,-80.4384765625,60.3388671875,
0.1955,29.7890625,-81.599609375,52.130859375,
0.196,40.0791015625,-81.599609375,42.521484375,
0.1965,50.9296875,-78.6767578125,24.984375,
0.197,54.0927734375,-80.078125,22.90234375,
0.1975,69.107421875,-72.791015625,-0.2001953125,
0.198,72.6708984375,-73.431640625,-2.962890625,
0.1985,80.318359375,-63.021484375,-21.5009765625,
0.199,80.5986328125,-54.7333984375,-29.5087890625,
0.1995,81.4794921875,-44.923828125,-39.5986328125,
0.2,80.1982421875,-30.91015625,-51.330078125,
0.2005,81.3994140625,-27.0263671875,-56.375,
0.201,76.955078125,-7.8076171875,-69.3876953125,
0.2015,74.5126953125,-2.4423828125,-70.94921875,
0.202,64.5830078125,14.013671875,-77.115234375,
0.2025,56.53515625,24.583984375,-79.4775390625,
0.203,49.0078125,36.7958984375,-81.6396484375,
0.2035,33.9931640625,50.2890625,-81.6396484375,
0.204,29.7490234375,53.2919921875,-81.599609375,
0.2045,7.8076171875,66.14453125,-73.2314453125,
0.205,3.3232421875,68.9873046875,-72.0703125,
0.2055,-15.9755859375,79.3173828125,-62.4609375,
0.206,-25.3046875,81.4794921875,-56.85546875,
0.2065,-37.3564453125,81.4794921875,-47.1259765625,
0.207,-48.3271484375,81.51953125,-31.9912109375,
0.2075,-51.169921875,81.4794921875,-26.345703125,
0.208,-62.78125,75.11328125,-6.6064453125,
0.2085,-67.3857421875,75.11328125,-1.8818359375,
0.209,-78.15625,67.74609375,16.49609375,
0.2095,-80.5986328125,60.8994140625,25.4248046875,
0.21,-81.6396484375,50.529296875,36.515625,
0.2105,-80.3583984375,35.1943359375,48.84765625,
0.211,-81.599609375,30.58984375,53.2919921875,
0.2115,-77.515625,9.609375,68.38671875,
0.212,-79.0771484375,5.4853515625,71.7900390625,
0.2125,-68.9072265625,-14.1337890625,80.71875,
0.213,-61.7001953125,-20.900390625,79.59765625,
0.2135,-50.689453125,-33.6728515625,80.9990234375,
0.214,-38.4775390625,-45.6845703125,80.9990234375,
0.2145,-33.47265625,-52.6513671875,81.4794921875,
0.215,-15.134765625,-63.7021484375,77.03515625,
0.2155,-10.1298828125,-66.4248046875,75.43359375,
0.216,8.888671875,-73.7119140625,63.90234375,
0.2165,16.2958984375,-75.59375,58.6171875,
0.217,30.7900390625,-81.439453125,49.4482421875,
0.2175,44.5234375,-81.6396484375,37.31640625,
0.218,50.3291015625,-81.599609375,32.1513671875,
0.2185,60.939453125,-75.9541015625,11.4111328125,
0.219,64.7431640625,-77.3955078125,8.96875,
0.2195,76.6748046875,-68.146484375,-13.0126953125,
0.22,80.1181640625,-66.14453125,-18.09765625,
0.2205,81.4794921875,-56.21484375,-33.2724609375,
0.221,81.4794921875,-43.7626953125,-42.6416015625,
0.2215,81.4794921875,-36.2353515625,-49.16796875,
0.222,77.115234375,-19.779296875,-58.2568359375,
0.2225,79.6376953125,-15.4150390625,-63.6220703125,
0.223,72.0302734375,4.1640625,-75.2333984375,
0.2235,67.9462890625,10.6904296875,-76.6748046875,
0.224,55.89453125,24.9443359375,-78.716796875,
0.2245,43.9228515625,36.3955078125,-78.236328125,
0.225,37.2763671875,45.7646484375,-81.51953125,
0.2255,19.6591796875,57.255859375,-75.43359375,
0.226,16.9365234375,62.7412109375,-79.3173828125,
0.2265,-5.0048828125,74.47265625,-68.5869140625,
0.227,-9.8095703125,75.59375,-65.103515625,
0.2275,-25.78515625,80.9990234375,-54.0126953125,
0.228,-37.31640625,81.4794921875,-44.4033203125,
0.2285,-47.2060546875,81.4794921875,-37.7568359375,
0.229,-56.85546875,81.51953125,-21.30078125,
0.2295,-60.619140625,81.4794921875,-16.5361328125,
0.23,-70.228515625,73.1513671875,3.283203125,
0.2305,-72.9111328125,69.5478515625,9.2490234375,
0.231,-79.7978515625,60.9794921875,24.82421875,
0.2315,-81.6396484375,51.3701171875,36.99609375,
0.232,-81.6396484375,42.6416015625,45.083984375,
0.2325,-77.1953125,25.384765625,54.453125,
0.233,-78.4365234375,20.7802734375,57.9365234375,
0.2335,-71.4296875,-0.640625,71.4697265625,
0.234,-71.109375,-6.0859375,74.953125,
0.2345,-61.98046875,-22.7421875,81.4794921875,
0.235,-51.970703125,-32.7119140625,81.51953125,
0.2355,-42.8818359375,-41.6005859375,81.4794921875,
0.236,-27.9072265625,-52.6513671875,78.63671875,
0.2365,-23.703125,-57.65625,80.2783203125,
0.237,-4.564453125,-70.5087890625,73.671875,
0.2375,2.08203125,-73.03125,70.2685546875,
0.238,17.45703125,-77.8759765625,59.2978515625,
0.2385,28.9482421875,-79.4775390625,49.2080078125,
0.239,39.8388671875,-81.599609375,41.48046875,
0.2395,52.7314453125,-80.5986328125,25.3046875,
0.24,55.8544921875,-81.119140625,22.58203125,
0.2405,68.466796875,-72.9912109375,0.6005859375,
0.241,70.0283203125,-70.6689453125,-3.4033203125,
0.2415,78.0361328125,-60.8994140625,-21.5009765625,
0.242,81.359375,-54.4130859375,-30.7900390625,
0.2425,81.4794921875,-45.8447265625,-42.0810546875,
0.243,81.4794921875,-31.9111328125,-52.0908203125,
0.2435,81.4794921875,-26.7861328125,-55.6142578125,
0.244,74.9931640625,-7.7275390625,-67.3056640625,
0.2445,74.3125,-2.4423828125,-70.46875,
0.245,66.3447265625,15.0546875,-80.0380859375,
0.2455,59.0576171875,25.064453125,-81.599609375,
0.246,49.248046875,36.435546875,-81.599609375,
0.2465,32.912109375,47.6064453125,-79.0771484375,
0.247,29.30859375,51.890625,-80.55859375,
0.2475,7.607421875,66.5849609375,-73.271484375,
0.248,4.0439453125,71.509765625,-74.953125,
0.2485,-15.4951171875,80.2783203125,-63.90234375,
0.249,-22.822265625,80.078125,-56.4150390625,
0.2495,-34.8740234375,81.3994140625,-45.00390625,
0.25,-46.6455078125,80.6787109375,-31.4306640625,
0.2505,-52.8515625,81.4794921875,-27.546875,
0.251,-64.5830078125,78.31640625,-8.328125,
0.2515,-67.90625,77.7958984375,-4.32421875,
0.252,-75.11328125,66.5048828125,14.3740234375,
0.2525,-76.9150390625,60.1787109375,22.021484375,
0.253,-81.6396484375,51.25,35.3544921875,
0.2535,-81.6396484375,37.796875,48.4072265625,
0.254,-81.599609375,33.2724609375,52.53125,
0.2545,-74.9130859375,12.9326171875,62.701171875,
0.255,-75.5537109375,9.0888671875,65.18359375,
0.2555,-66.0244140625,-11.3310546875,75.4736328125,
0.256,-62.3408203125,-18.8583984375,78.796875,
0.2565,-52.8515625,-32.3515625,81.439453125,
0.257,-39.798828125,-43.3623046875,80.3583984375,
0.2575,-33.3125,-48.927734375,80.318359375,
0.258,-15.7353515625,-59.7783203125,73.3916015625,
0.2585,-11.05078125,-64.8232421875,74.6728515625,
0.259,7.287109375,-75.193359375,66.7451171875,
0.2595,15.375,-77.9560546875,61.66015625,
0.26,27.8671875,-79.7978515625,50.529296875,
0.2605,40.7197265625,-80.078125,37.396484375,
0.261,47.6064453125,-81.599609375,32.591796875,
0.2615,60.8193359375,-77.595703125,13.453125,
0.262,65.8642578125,-80.23828125,10.8505859375,
0.2625,76.07421875,-70.62890625,-9.689453125,
0.263,76.2744140625,-65.0634765625,-15.134765625,
0.2635,79.677734375,-54.7333984375,-28.7880859375,
0.264,81.119140625,-43.642578125,-40.5595703125,
0.2645,81.3994140625,-37.8369140625,-48.20703125,
0.265,79.27734375,-22.7021484375,-58.056640625,
0.2655,78.1962890625,-16.9365234375,-60.939453125,
0.266,69.587890625,0.80078125,-69.7080078125,
0.2665,64.54296875,8.888671875,-71.75,
0.267,56.375,22.982421875,-77.595703125,
0.2675,45.8046875,36.8359375,-80.9990234375,
0.268,38.7978515625,44.8837890625,-81.599609375,
0.2685,20.9404296875,55.89453125,-75.5537109375,
0.269,16.6962890625,60.6591796875,-76.875,
0.2695,-3.7236328125,73.271484375,-68.9072265625,
0.27,-9.6494140625,77.275390625,-66.9453125,
0.2705,-25.1845703125,81.4794921875,-57.015625,
0.271,-35.2744140625,81.4794921875,-45.5244140625,
0.2715,-43.5625,81.4794921875,-37.1162109375,
0.272,-53.8125,79.4375,-21.0205078125,
0.2725,-59.73828125,81.0791015625,-16.896484375,
0.273,-71.6298828125,75.1533203125,2.08203125,
0.2735,-73.591796875,70.94921875,8.087890625,
0.274,-76.9951171875,60.0986328125,22.4619140625,
0.2745,-77.7158203125,49.1279296875,33.4326171875,
0.275,-81.2392578125,41.7607421875,43.2021484375,
0.2755,-77.8759765625,25.6650390625,54.8134765625,
0.276,-81.279296875,21.94140625,59.8984375,
0.2765,-72.9912109375,1.12109375,71.4697265625,
0.277,-70.3486328125,-3.6435546875,71.8701171875,
0.2775,-60.0185546875,-20.66015625,78.6767578125,
0.278,-52.53125,-30.7099609375,80.55859375,
0.2785,-44.5634765625,-41.9609375,81.4794921875,
0.279,-29.869140625,-51.41015625,79.3974609375,
0.2795,-25.3046875,-54.8935546875,79.2373046875,
0.28,-5.845703125,-65.1435546875,69.587890625,
0.2805,-0.3603515625,-68.787109375,68.466796875,
0.281,16.6962890625,-77.1552734375,59.2578125,
0.2815,27.6669921875,-80.318359375,51.490234375,
0.282,38.2373046875,-81.599609375,42.44140625,
0.2825,49.16796875,-76.794921875,25.3046875,
0.283,52.2109375,-78.1162109375,23.22265625,
0.2835,66.4248046875,-71.26953125,1.2412109375,
0.284,71.1494140625,-72.87109375,-1.8017578125,
0.2845,79.7978515625,-63.5419921875,-20.2998046875,
0.285,80.4384765625,-55.7744140625,-28.2275390625,
0.2855,81.4794921875,-45.96484375,-38.6376953125,
0.286,79.837890625,-32.591796875,-49.568359375,
0.2865,81.439453125,-28.3876953125,-55.2138671875,
0.287,77.7958984375,-10.1298828125,-67.90625,
0.2875,76.234375,-4.8447265625,-70.1884765625,
0.288,65.423828125,11.771484375,-75.3935546875,
0.2885,57.015625,21.4208984375,-76.1943359375,
0.289,48.6875,33.392578125,-80.5986328125,
0.2895,33.9931640625,46.8056640625,-79.3173828125,
0.29,30.58984375,50.7294921875,-80.55859375,
0.2905,9.529296875,63.7021484375,-72.1103515625,
0.291,5.4052734375,66.384765625,-71.3095703125,
0.2915,-13.212890625,75.3134765625,-61.33984375,
0.292,-22.58203125,79.4775390625,-55.6943359375,
0.2925,-34.59375,81.4794921875,-46.60546875,
0.293,-46.4453125,81.51953125,-32.7119140625,
0.2935,-50.3291015625,81.3193359375,-27.7470703125,
0.294,-61.5400390625,76.234375,-9.76953125,
0.2945,-66.5849609375,76.154296875,-4.5244140625,
0.295,-76.39453125,69.02734375,13.0126953125,
0.2955,-79.4375,62.2607421875,22.421875,
0.296,-80.71875,51.890625,33.5126953125,
0.2965,-79.197265625,37.1162109375,45.9248046875,
0.297,-80.478515625,31.951171875,50.208984375,
0.2975,-75.0732421875,13.3330078125,62.701171875,
0.298,-76.7548828125,8.728515625,66.9453125,
0.2985,-67.90625,-10.41015625,76.5546875,
0.299,-60.859375,-18.09765625,76.1943359375,
0.2995,-50.369140625,-30.4296875,78.1962890625,
0.3,-38.197265625,-42.841796875,78.6767578125,
0.3005,-33.0322265625,-49.96875,80.9189453125,
0.301,-16.3759765625,-61.5400390625,75.994140625,
0.3015,-10.7705078125,-65.5439453125,75.193359375,
0.302,6.4462890625,-73.2314453125,65.6240234375,
0.3025,15.2548828125,-75.5537109375,59.498046875,
0.303,28.7080078125,-80.478515625,50.529296875,
0.3035,42.521484375,-81.6396484375,38.4375,
0.304,48.4072265625,-81.599609375,32.7919921875,
0.3045,58.4970703125,-75.5537109375,13.8134765625,
0.305,62.701171875,-76.6748046875,10.330078125,
0.3055,74.2724609375,-68.2666015625,-10.41015625,
0.306,77.7958984375,-65.6240234375,-16.17578125,
0.3065,81.4794921875,-55.734375,-31.150390625,
0.307,81.0791015625,-43.6025390625,-40.599609375,
0.3075,81.359375,-36.03515625,-47.2060546875,
0.308,75.3935546875,-20.580078125,-56.0947265625,
0.3085,77.8759765625,-16.015625,-61.7001953125,
0.309,71.4296875,2.642578125,-73.3115234375,
0.3095,67.5458984375,9.849609375,-75.673828125,
0.31,56.294921875,23.8232421875,-78.4365234375,
0.3105,44.36328125,35.6748046875,-78.31640625,
0.311,37.876953125,45.1640625,-81.5595703125,
0.3115,20.5400390625,57.3359375,-76.5947265625,
0.312,17.13671875,63.5419921875,-80.318359375,
0.3125,-3.5634765625,74.0322265625,-69.66796875,
0.313,-8.6484375,74.6728515625,-65.82421875,
0.3135,-24.5439453125,79.7177734375,-53.97265625,
0.314,-35.154296875,80.9990234375,-44.36328125,
0.3145,-45.564453125,81.4794921875,-37.0361328125,
0.315,-54.6533203125,80.23828125,-21.541015625,
0.3155,-58.8173828125,80.3984375,-16.9365234375,
0.316,-67.986328125,71.3095703125,2.2822265625,
0.3165,-70.7890625,68.2666015625,7.927734375,
0.317,-77.8759765625,59.658203125,23.783203125,
0.3175,-81.3994140625,50.6494140625,35.6748046875,
0.318,-81.6396484375,42.28125,44.2431640625,
0.3185,-76.71484375,25.46484375,53.732421875,
0.319,-78.4365234375,21.5009765625,57.49609375,
0.3195,-72.0703125,1.12109375,70.5888671875,
0.32,-72.0703125,-4.32421875,74.552734375,
0.3205,-63.0615234375,-20.740234375,81.279296875,
0.321,-52.8515625,-30.4697265625,80.3583984375,
0.3215,-43.162109375,-39.158203125,79.998046875,
0.322,-28.8681640625,-50.1689453125,76.474609375,
0.3225,-24.50390625,-55.3740234375,78.5966796875,
0.323,-6.806640625,-67.74609375,72.8310546875,
0.3235,-0.1201171875,-70.869140625,69.98828125,
0.324,14.8544921875,-74.79296875,58.8173828125,
0.3245,26.0654296875,-75.994140625,48.8076171875,
0.325,36.99609375,-80.0380859375,41.3203125,
0.3255,50.609375,-78.9970703125,25.9052734375,
0.326,53.97265625,-80.4384765625,23.783203125,
0.3265,66.9052734375,-73.5517578125,3.0029296875,
0.327,68.9072265625,-71.26953125,-1.2412109375,
0.3275,76.71484375,-62.3408203125,-18.4580078125,
0.328,80.9990234375,-55.6943359375,-28.828125,
0.3285,81.4794921875,-47.6064453125,-39.71875,
0.329,81.4794921875,-34.3134765625,-50.44921875,
0.3295,81.279296875,-28.4677734375,-53.3720703125,
0.33,74.9130859375,-11.05078125,-64.0224609375,
0.3305,73.271484375,-4.5244140625,-67.6259765625,
0.331,66.5849609375,11.9716796875,-77.03515625,
0.3315,59.0576171875,23.1025390625,-80.3984375,
0.332,49.087890625,34.193359375,-81.3994140625,
0.3325,33.15234375,45.32421875,-76.634765625,
0.333,28.748046875,49.4482421875,-76.9951171875,
0.3335,8.568359375,63.8623046875,-71.3095703125,
0.334,4.2841796875,69.9482421875,-73.751953125,
0.3345,-14.654296875,80.158203125,-64.5830078125,
0.335,-22.7421875,80.478515625,-56.6953125,
0.3355,-34.513671875,81.4794921875,-45.32421875,
0.336,-46.125,80.55859375,-31.55078125,
0.3365,-52.291015625,81.4794921875,-27.38671875,
0.337,-64.5029296875,79.3173828125,-9.44921875,
0.3375,-68.626953125,78.796875,-4.3642578125,
0.338,-75.033203125,67.5458984375,13.29296875,
0.3385,-76.2744140625,59.6982421875,21.8212890625,
0.339,-80.798828125,50.3291015625,35.154296875,
0.3395,-81.0791015625,36.8359375,48.046875,
0.34,-81.599609375,31.630859375,52.9716796875,
0.3405,-75.4736328125,11.451171875,64.6630859375,
0.341,-75.11328125,7.0869140625,66.625,
0.3415,-65.263671875,-12.6923828125,75.9140625,
0.342,-61.580078125,-20.33984375,79.3974609375,
0.3425,-51.7705078125,-34.6337890625,81.51953125,
0.343,-39.078125,-45.3642578125,81.51953125,
0.3435,-32.591796875,-50.8896484375,81.3994140625,
0.344,-15.0947265625,-60.8193359375,74.1923828125,
0.3445,-9.9697265625,-66.3046875,75.5537109375,
0.345,8.3681640625,-77.1953125,67.5859375,
0.3455,17.0966796875,-80.478515625,62.7412109375,
0.346,29.9892578125,-81.6396484375,50.849609375,
0.3465,42.4013671875,-80.87890625,36.5556640625,
0.347,48.52734375,-81.4794921875,30.7099609375,
0.3475,60.4990234375,-75.8740234375,11.8515625,
0.348,66.7451171875,-79.27734375,8.6884765625,
0.3485,77.35546875,-70.3486328125,-11.4912109375,
0.349,77.8759765625,-64.5830078125,-17.3369140625,
0.3495,80.4384765625,-53.171875,-31.1103515625,
0.35,80.5185546875,-41.6005859375,-42.1611328125,
0.3505,81.4794921875,-34.9140625,-49.96875,
0.351,78.876953125,-20.2998046875,-59.7783203125,
0.3515,78.9169921875,-14.57421875,-63.90234375,
0.352,70.7490234375,2.8427734375,-72.4306640625,
0.3525,65.4638671875,11.1708984375,-74.5927734375,
0.353,56.53515625,25.064453125,-80.1181640625,
0.3535,45.484375,39.23828125,-81.599609375,
0.354,38.3974609375,46.8056640625,-81.599609375,
0.3545,20.6201171875,57.5361328125,-76.955078125,
0.355,15.7353515625,61.8603515625,-77.3154296875,
0.3555,-3.8037109375,73.4716796875,-69.2275390625,
0.356,-10.7705078125,77.6357421875,-66.384765625,
0.3565,-25.78515625,81.4794921875,-56.8955078125,
0.357,-36.7158203125,81.4794921875,-44.9638671875,
0.3575,-44.68359375,81.4794921875,-35.8349609375,
0.358,-54.0927734375,78.9970703125,-20.419921875,
0.3585,-59.7783203125,79.8779296875,-15.21484375,
0.359,-71.509765625,74.6728515625,2.5224609375,
0.3595,-75.193359375,71.029296875,9.609375,
0.36,-79.2373046875,61.0595703125,23.86328125,
0.3605,-80.55859375,50.0888671875,35.39453125,
0.361,-81.6396484375,41.80078125,44.6435546875,
0.3615,-79.27734375,26.0654296875,55.6943359375,
0.362,-81.599609375,21.6611328125,60.5791015625,
0.3625,-74.6728515625,1.76171875,72.2705078125,
0.363,-71.1494140625,-4.083984375,72.87109375,
0.3635,-60.939453125,-20.2998046875,79.0771484375,
0.364,-52.2509765625,-31.1904296875,80.5986328125,
0.3645,-43.7626953125,-42.0009765625,81.4794921875,
0.365,-29.4287109375,-51.810546875,79.197265625,
0.3655,-23.9033203125,-55.6142578125,78.3564453125,
0.366,-6.2060546875,-65.4638671875,70.0283203125,
0.3665,0.6005859375,-69.4677734375,68.0263671875,
0.367,16.896484375,-77.35546875,59.41796875,
0.3675,28.5478515625,-80.798828125,51.2099609375,
0.368,39.958984375,-81.599609375,42.0810546875,
0.3685,50.44921875,-78.63671875,25.7451171875,
0.369,53.8525390625,-79.7978515625,22.7822265625,
0.3695,67.826171875,-73.3515625,1.7216796875,
0.37,72.630859375,-74.47265625,-1.841796875,
0.3705,81.3193359375,-65.2236328125,-20.3798828125,
0.371,81.4794921875,-57.095703125,-28.66796875,
0.3715,81.4794921875,-46.4052734375,-39.4384765625,
0.372,80.1181640625,-32.6318359375,-49.8486328125,
0.3725,81.3994140625,-27.70703125,-55.3740234375,
0.373,77.1552734375,-9.9697265625,-67.42578125,
0.3735,75.75390625,-4.0439453125,-70.46875,
0.374,65.34375,12.171875,-75.9140625,
0.3745,56.6552734375,22.3818359375,-76.9150390625,
0.375,48.0068359375,35.154296875,-81.279296875,
0.3755,33.2724609375,48.046875,-79.7978515625,
0.376,29.1484375,52.8916015625,-81.0791015625,
0.3765,8.9287109375,65.423828125,-73.0712890625,
0.377,4.2841796875,69.107421875,-73.03125,
0.3775,-14.57421875,78.876953125,-63.26171875,
0.378,-23.9033203125,81.51953125,-57.8564453125,
0.3785,-36.916015625,81.4794921875,-47.7666015625,
0.379,-47.7666015625,81.51953125,-33.5927734375,
0.3795,-52.53125,81.4794921875,-26.986328125,
0.38,-63.7021484375,77.99609375,-8.48828125,
0.3805,-68.306640625,77.1552734375,-3.1630859375,
0.381,-77.755859375,69.66796875,14.1337890625,
0.3815,-81.1591796875,62.7412109375,24.0234375,
0.382,-81.6396484375,52.0107421875,35.2744140625,
0.3825,-80.23828125,36.35546875,47.5263671875,
0.383,-80.23828125,30.4697265625,51.490234375,
0.3835,-74.953125,12.171875,63.5419921875,
0.384,-76.875,7.046875,68.70703125,
0.3845,-69.3876953125,-11.4912109375,79.4775390625,
0.385,-62.4208984375,-20.33984375,79.837890625,
0.3855,-51.6904296875,-32.51171875,81.1591796875,
0.386,-39.078125,-45.244140625,81.279296875,
0.3865,-32.83203125,-52.0908203125,81.4794921875,
0.387,-16.7763671875,-63.421875,78.95703125,
0.3875,-9.849609375,-67.42578125,76.6748046875,
0.388,6.5263671875,-74.392578125,67.10546875,
0.3885,16.255859375,-76.71484375,59.9384765625,
0.389,29.7490234375,-81.2392578125,50.609375,
0.3895,44.1630859375,-81.599609375,38.0771484375,
0.39,50.1689453125,-81.599609375,31.7109375,
0.3905,60.05859375,-76.5947265625,13.052734375,
0.391,63.6220703125,-75.75390625,8.6884765625,
0.3915,74.3125,-67.9462890625,-10.890625,
0.392,78.9169921875,-64.9833984375,-17.77734375,
0.3925,81.3994140625,-56.1748046875,-32.5517578125,
0.393,81.439453125,-44.1630859375,-43.322265625,
0.3935,81.4794921875,-36.03515625,-49.48828125,
0.394,79.0771484375,-20.1396484375,-59.9384765625,
0.3945,80.4384765625,-14.25390625,-65.50390625,
0.395,74.79296875,2.8828125,-76.5146484375,
0.3955,70.4287109375,11.2109375,-79.677734375,
0.396,58.9375,24.82421875,-81.5595703125,
0.3965,46.0849609375,36.4755859375,-80.71875,
0.397,38.037109375,45.8046875,-81.6396484375,
0.3975,20.98046875,57.3759765625,-76.9150390625,
0.398,16.5361328125,64.4228515625,-80.5986328125,
0.3985,-3.5634765625,75.3134765625,-70.94921875,
0.399,-9.048828125,76.2744140625,-66.625,
0.3995,-24.984375,80.6787109375,-54.61328125,
0.4,-35.7548828125,81.3994140625,-44.4033203125,
0.4005,-46.765625,81.3994140625,-36.35546875,
0.401,-56.4150390625,81.439453125,-21.30078125,
0.4015,-61.5,81.4794921875,-15.9755859375,
0.402,-70.0283203125,73.4716796875,2.5224609375,
0.4025,-73.3515625,69.98828125,8.9287109375,
0.403,-80.4384765625,61.2998046875,24.8642578125,
0.4035,-81.6396484375,52.0107421875,37.1962890625,
0.404,-81.599609375,42.921875,46.8056640625,
0.4045,-79.1171875,25.9853515625,55.1337890625,
0.405,-79.4375,20.4599609375,58.8974609375,
0.4055,-72.0703125,0.48046875,70.5888671875,
0.406,-72.0703125,-5.4853515625,74.9130859375,
0.4065,-63.341796875,-22.5419921875,81.4794921875,
0.407,-53.4921875,-32.3515625,81.4794921875,
0.4075,-42.6015625,-41.5205078125,81.19921875,
0.408,-27.70703125,-51.2900390625,76.71484375,
0.4085,-22.501953125,-56.455078125,77.8759765625,
0.409,-5.1650390625,-69.0673828125,72.470703125,
0.4095,1.921875,-73.751953125,71.2294921875,
0.41,16.9365234375,-78.7568359375,60.779296875,
0.4105,28.4677734375,-80.078125,50.44921875,
0.411,39.55859375,-81.599609375,42.0810546875,
0.4115,52.4912109375,-80.9189453125,26.3857421875,
0.412,56.375,-81.599609375,23.302734375,
0.4125,69.02734375,-75.9140625,3.0029296875,
0.413,71.109375,-72.7509765625,-2.08203125,
0.4135,77.7158203125,-63.26171875,-18.6982421875,
0.414,81.279296875,-55.814453125,-29.3486328125,
0.4145,81.4794921875,-46.92578125,-40.5595703125,
0.415,81.4794921875,-33.6328125,-51.3701171875,
0.4155,81.0791015625,-26.986328125,-54.7333984375,
0.416,74.873046875,-10.2099609375,-64.5830078125,
0.4165,72.0302734375,-3.04296875,-67.74609375,
0.417,65.583984375,12.6123046875,-76.794921875,
0.4175,58.5771484375,24.583984375,-81.19921875,
0.418,49.4482421875,35.9951171875,-81.6396484375,
0.4185,33.5126953125,47.646484375,-79.7978515625,
0.419,28.2275390625,51.3701171875,-78.9169921875,
0.4195,8.8486328125,65.34375,-73.19140625,
0.42,3.5234375,71.109375,-74.2724609375,
0.4205,-14.173828125,81.19921875,-66.3046875,
0.421,-23.3828125,81.51953125,-58.056640625,
0.4215,-34.59375,81.51953125,-46.4453125,
0.422,-46.365234375,81.4794921875,-32.3916015625,
0.4225,-52.3310546875,81.4794921875,-26.74609375,
0.423,-63.7822265625,79.357421875,-9.8896484375,
0.4235,-68.626953125,78.1162109375,-3.68359375,
0.424,-74.79296875,68.1865234375,12.6923828125,
0.4245,-76.0341796875,59.8984375,21.7412109375,
0.425,-80.4384765625,50.3291015625,34.59375,
0.4255,-81.279296875,37.1162109375,48.046875,
0.426,-81.599609375,31.470703125,53.6123046875,
0.4265,-76.07421875,13.0927734375,63.58203125,
0.427,-75.7939453125,7.84765625,66.46484375,
0.4275,-66.8251953125,-11.1708984375,75.7939453125,
0.428,-63.181640625,-19.37890625,79.7578125,
0.4285,-54.0126953125,-33.9130859375,81.4794921875,
0.429,-41.3603515625,-45.00390625,81.51953125,
0.4295,-33.6328125,-50.8095703125,81.4794921875,
0.43,-16.81640625,-59.8583984375,74.9130859375,
0.4305,-10.650390625,-65.2236328125,75.11328125,
0.431,6.56640625,-74.953125,67.6259765625,
0.4315,15.6953125,-79.5576171875,63.26171875,
0.432,29.0283203125,-81.51953125,51.970703125,
0.4325,41.080078125,-80.4384765625,37.9970703125,
0.433,48.3271484375,-81.2392578125,30.91015625,
0.4335,59.4580078125,-75.2734375,12.7724609375,
0.434,66.1044921875,-78.8369140625,9.2490234375,
0.4345,77.1953125,-70.7890625,-10.5703125,
0.435,78.5966796875,-66.1845703125,-16.17578125,
0.4355,81.4794921875,-55.09375,-30.509765625,
0.436,81.4794921875,-43.9228515625,-41.6806640625,
0.4365,81.4794921875,-37.0361328125,-50.2490234375,
0.437,80.71875,-22.421875,-59.5380859375,
0.4375,80.7587890625,-16.0556640625,-64.0224609375,
0.438,72.150390625,0.80078125,-71.830078125,
0.4385,66.5849609375,9.44921875,-73.9521484375,
0.439,57.81640625,23.5830078125,-79.5576171875,
0.4395,46.9658203125,37.9970703125,-81.6396484375,
0.44,39.23828125,46.5654296875,-81.599609375,
0.4405,21.4609375,56.5751953125,-76.5146484375,
0.441,15.4951171875,60.9794921875,-76.1142578125,
0.4415,-3.3232421875,71.75,-67.7861328125,
0.442,-10.5302734375,76.7548828125,-65.6640625,
0.4425,-26.025390625,81.4794921875,-57.17578125,
0.443,-37.4365234375,81.4794921875,-46.0849609375,
0.4435,-45.8447265625,81.4794921875,-36.3955078125,
0.444,-55.09375,80.5185546875,-21.140625,
0.4445,-61.2197265625,81.0791015625,-15.0146484375,
0.445,-72.791015625,76.9150390625,2.3623046875,
0.4455,-77.35546875,73.1513671875,10.009765625,
0.446,-80.8388671875,63.1416015625,23.5029296875,
0.4465,-81.279296875,50.9296875,35.3544921875,
0.447,-81.6396484375,41.9609375,44.5234375,
0.4475,-79.3173828125,25.9453125,55.7744140625,
0.448,-81.0791015625,20.5400390625,60.939453125,
0.4485,-74.79296875,1.681640625,72.470703125,
0.449,-70.30859375,-5.3251953125,72.87109375,
0.4495,-60.21875,-20.2197265625,77.7958984375,
0.45,-51.41015625,-31.6708984375,80.1181640625,
0.4505,-42.921875,-42.8017578125,81.51953125,
0.451,-29.5087890625,-53.2119140625,80.23828125,
0.4515,-22.9423828125,-57.49609375,79.3974609375,
0.452,-6.2861328125,-66.625,71.3095703125,
0.4525,1.44140625,-70.068359375,67.9462890625,
0.453,16.896484375,-77.7158203125,59.978515625,
0.4535,29.1484375,-81.599609375,52.2109375,
0.454,40.359375,-81.599609375,43.2421875,
0.4545,50.6494140625,-79.9580078125,26.7060546875,
0.455,53.2919921875,-78.5966796875,22.421875,
0.4555,65.7841796875,-71.8701171875,2.322265625,
0.456,70.869140625,-72.2705078125,-2.1220703125,
0.4565,80.0380859375,-64.462890625,-19.5791015625,
0.457,81.359375,-56.8955078125,-28.5078125,
0.4575,81.4794921875,-46.125,-38.7578125,
0.458,78.796875,-32.3916015625,-48.8076171875,
0.4585,80.1982421875,-26.42578125,-54.7734375,
0.459,76.3544921875,-10.0498046875,-66.705078125,
0.4595,75.7939453125,-3.6435546875,-71.1494140625,
0.46,66.5048828125,11.7314453125,-76.794921875,
0.4605,58.1767578125,21.4609375,-77.67578125,
0.461,49.248046875,34.3134765625,-81.599609375,
0.4615,35.234375,47.0458984375,-80.638671875,
0.462,30.7099609375,52.8115234375,-81.599609375,
0.4625,10.890625,65.1435546875,-74.953125,
0.463,6.166015625,68.1064453125,-73.83203125,
0.4635,-11.8115234375,75.5537109375,-62.94140625,
0.464,-20.66015625,79.5576171875,-57.49609375,
0.4645,-34.033203125,81.4794921875,-48.0068359375,
0.465,-46.044921875,81.439453125,-34.75390625,
0.4655,-50.4892578125,81.4794921875,-28.2275390625,
0.466,-59.41796875,75.2333984375,-10.8505859375,
0.4665,-64.3427734375,74.1923828125,-4.96484375,
0.467,-73.2314453125,67.3857421875,11.611328125,
0.4675,-78.15625,62.0205078125,21.4208984375,
0.468,-81.51953125,52.8115234375,33.5126953125,
0.4685,-80.2783203125,38.2373046875,45.8447265625,
0.469,-80.71875,31.6708984375,50.9296875,
0.4695,-75.0732421875,14.2138671875,61.740234375,
0.47,-76.794921875,8.6884765625,66.9052734375,
0.4705,-69.4677734375,-9.2490234375,76.8349609375,
0.471,-63.501953125,-17.45703125,78.15625,
0.4715,-52.8916015625,-29.548828125,79.7177734375,
0.472,-40.4794921875,-41.6005859375,79.5576171875,
0.4725,-33.712890625,-49.4482421875,80.9990234375,
0.473,-18.41796875,-60.7392578125,76.955078125,
0.4735,-11.4912109375,-65.2236328125,75.59375,
0.474,3.8837890625,-71.830078125,66.865234375,
0.4745,13.533203125,-74.0322265625,59.818359375,
0.475,25.8251953125,-77.9560546875,51.0498046875,
0.4755,40.759765625,-81.1591796875,39.0380859375,
0.476,48.0869140625,-81.599609375,33.15234375,
0.4765,58.537109375,-77.115234375,15.4951171875,
0.477,62.9013671875,-76.39453125,10.3701171875,
0.4775,72.9912109375,-69.427734375,-7.7275390625,
0.478,76.9951171875,-65.6240234375,-15.0947265625,
0.4785,81.4794921875,-57.576171875,-29.2685546875,
0.479,81.4794921875,-46.4052734375,-40.599609375,
0.4795,81.4794921875,-37.716796875,-47.2861328125,
0.48,77.5556640625,-23.4228515625,-55.09375,
0.4805,77.4755859375,-16.3759765625,-60.619140625,
0.481,72.1904296875,-0.5205078125,-71.1494140625,
0.4815,67.74609375,8.6484375,-74.6728515625,
0.482,58.13671875,21.701171875,-77.99609375,
0.4825,45.8046875,34.0732421875,-77.9560546875,
0.483,37.63671875,43.5224609375,-79.837890625,
0.4835,21.9013671875,54.0927734375,-74.3525390625,
0.484,16.7763671875,60.458984375,-76.5146484375,
0.4845,-1.841796875,71.7099609375,-69.0673828125,
0.485,-8.568359375,74.3125,-65.18359375,
0.4855,-23.3828125,79.7177734375,-54.853515625,
0.486,-34.4736328125,81.1591796875,-45.1240234375,
0.4865,-45.6845703125,81.4794921875,-37.15625,
0.487,-54.9736328125,81.5595703125,-23.1025390625,
0.4875,-60.458984375,81.359375,-16.3759765625,
0.488,-68.2666015625,73.5517578125,0.80078125,
0.4885,-71.4697265625,69.4677734375,7.6875,
0.489,-77.916015625,60.69921875,22.662109375,
0.4895,-81.51953125,52.0107421875,34.5537109375,
0.49,-81.599609375,43.162109375,44.7236328125,
0.4905,-77.35546875,26.7861328125,52.9716796875,
0.491,-77.595703125,21.0205078125,56.9755859375,
0.4915,-70.62890625,1.6416015625,68.466796875,
0.492,-70.2685546875,-4.32421875,72.310546875,
0.4925,-61.98046875,-20.7802734375,80.318359375,
0.493,-53.33203125,-30.6298828125,80.9189453125,
0.4935,-43.40234375,-40.439453125,81.119140625,
0.494,-29.1083984375,-50.849609375,77.6357421875,
0.4945,-22.6220703125,-58.376953125,79.91796875,
0.495,-6.24609375,-68.9873046875,73.671875,
0.4955,1.0009765625,-72.951171875,71.2294921875,
0.496,15.375,-76.71484375,60.4990234375,
0.4965,26.0654296875,-77.67578125,50.6494140625,
0.497,37.4365234375,-80.9189453125,41.9208984375,
0.4975,50.048828125,-79.677734375,27.0263671875,
0.498,54.5732421875,-80.7587890625,23.4228515625,
0.4985,66.0244140625,-73.4716796875,3.603515625,
0.499,68.1865234375,-70.869140625,-1.041015625,
0.4995,74.9130859375,-61.5400390625,-17.6171875,
0.5,78.7568359375,-55.013671875,-27.5068359375,
0.5005,81.4794921875,-46.8056640625,-39.078125,
0.501,81.4794921875,-34.1533203125,-50.44921875,
0.5015,80.958984375,-27.4267578125,-54.3330078125,
0.502,74.9931640625,-11.2509765625,-64.0625,
0.5025,72.9111328125,-3.763671875,-68.146484375,
0.503,66.5849609375,10.8505859375,-75.9541015625,
0.5035,59.4580078125,22.8623046875,-80.478515625,
0.504,50.9296875,33.7529296875,-81.6396484375,
0.5045,35.07421875,45.4443359375,-78.6767578125,
0.505,29.068359375,49.568359375,-77.67578125,
0.5055,10.810546875,63.0615234375,-72.7509765625,
0.506,4.724609375,68.8271484375,-73.0712890625,
0.5065,-11.8916015625,78.4765625,-65.5439453125,
0.507,-21.1005859375,79.7978515625,-57.6162109375,
0.5075,-31.5908203125,79.91796875,-46.4453125,
0.508,-43.9228515625,79.8779296875,-33.1123046875,
0.5085,-50.76953125,81.1591796875,-27.38671875,
0.509,-62.30078125,79.037109375,-11.611328125,
0.5095,-67.42578125,77.35546875,-4.8447265625,
0.51,-73.2314453125,68.5869140625,10.1298828125,
0.5105,-74.953125,60.21875,19.69921875,
0.511,-79.037109375,51.9306640625,31.7109375,
0.5115,-81.3994140625,39.318359375,46.0849609375,
0.512,-81.599609375,33.6328125,51.73046875,
0.5125,-76.4345703125,16.49609375,61.0595703125,
0.513,-74.392578125,9.7294921875,63.58203125,
0.5135,-66.14453125,-7.52734375,71.8701171875,
0.514,-61.5,-16.49609375,75.2734375,
0.5145,-53.2119140625,-30.349609375,80.87890625,
0.515,-41.8408203125,-41.80078125,80.8388671875,
0.5155,-33.552734375,-48.3271484375,80.1181640625,
0.516,-18.0576171875,-56.8955078125,72.8310546875,
0.5165,-10.9306640625,-62.6611328125,72.3505859375,
0.517,5.0849609375,-72.0703125,65.904296875,
0.5175,14.4140625,-77.1552734375,61.9404296875,
0.518,27.2666015625,-80.3984375,51.8505859375,
0.5185,39.23828125,-79.8779296875,38.6376953125,
0.519,46.8056640625,-80.7587890625,31.87109375,
0.5195,58.296875,-75.9541015625,14.5341796875,
0.52,65.4638671875,-78.9970703125,10.2099609375,
0.5205,75.994140625,-71.3896484375,-8.6484375,
0.521,77.1552734375,-66.3447265625,-14.7744140625,
0.5215,79.7177734375,-55.09375,-28.34765625,
0.522,79.59765625,-43.962890625,-38.837890625,
0.5225,81.4794921875,-36.8359375,-48.447265625,
0.523,79.357421875,-23.3828125,-57.4560546875,
0.5235,79.197265625,-16.17578125,-62.78125,
0.524,70.46875,0.0400390625,-69.7880859375,
0.5245,64.703125,8.2880859375,-71.3896484375,
0.525,55.4140625,22.3818359375,-75.994140625,
0.5255,45.8046875,35.875,-80.1181640625,
0.526,38.4375,46.0048828125,-81.6396484375,
0.5265,21.701171875,56.0947265625,-76.5146484375,
0.527,15.85546875,61.2197265625,-76.634765625,
0.5275,-2.8828125,71.2294921875,-67.7861328125,
0.528,-9.6494140625,75.673828125,-65.50390625,
0.5285,-25.0244140625,81.3994140625,-56.8955078125,
0.529,-36.2353515625,81.3994140625,-46.7255859375,
0.5295,-44.7236328125,81.4794921875,-37.1962890625,
0.53,-53.412109375,79.9580078125,-22.26171875,
0.5305,-59.578125,79.91796875,-15.4150390625,
0.531,-70.1884765625,74.7529296875,1.12109375,
0.5315,-75.11328125,71.349609375,9.2490234375,
0.532,-78.8369140625,61.98046875,22.501953125,
0.5325,-79.4775390625,50.4091796875,33.9931640625,
0.533,-80.6787109375,41.2802734375,43.162109375,
0.5335,-77.8359375,26.3056640625,54.2529296875,
0.534,-80.0380859375,20.3798828125,60.2587890625,
0.5345,-74.6728515625,2.162109375,72.1904296875,
0.535,-70.548828125,-4.884765625,73.3916015625,
0.5355,-60.8994140625,-19.4189453125,78.2763671875,
0.536,-51.890625,-30.7099609375,80.078125,
0.5365,-43.5224609375,-41.2802734375,81.51953125,
0.537,-30.7900390625,-52.53125,80.5986328125,
0.5375,-23.6630859375,-57.1357421875,79.8779296875,
0.538,-7.7275390625,-66.1044921875,72.2705078125,
0.5385,1.28125,-69.7080078125,67.6259765625,
0.539,15.21484375,-75.7939453125,59.658203125,
0.5395,28.2275390625,-80.23828125,50.849609375,
0.54,39.0380859375,-81.6396484375,42.5615234375,
0.5405,49.8486328125,-79.1572265625,26.6259765625,
0.541,52.9716796875,-77.1552734375,21.5009765625,
0.5415,65.18359375,-71.75,2.7626953125,
0.542,70.30859375,-70.708984375,-3.203125,
0.5425,79.197265625,-63.6220703125,-19.69921875,
0.543,81.4794921875,-56.0947265625,-29.1884765625,
0.5435,81.4794921875,-45.8046875,-39.3984375,
0.544,80.1181640625,-33.0322265625,-49.328125,
0.5445,81.2392578125,-26.3056640625,-55.494140625,
0.545,77.7958984375,-10.7705078125,-67.3857421875,
0.5455,76.0341796875,-2.8828125,-71.990234375,
0.546,66.9052734375,11.7314453125,-77.03515625,
0.5465,57.4560546875,21.94140625,-77.35546875,
0.547,48.3671875,34.033203125,-80.7587890625,
0.5475,34.3134765625,46.5654296875,-79.2373046875,
0.548,29.1083984375,52.6513671875,-80.9990234375,
0.5485,10.2900390625,64.9033203125,-74.1123046875,
0.549,4.0439453125,68.5869140625,-72.23046875,
0.5495,-13.1328125,75.8740234375,-61.9404296875,
0.55,-22.2216796875,79.197265625,-55.734375,
0.5505,-35.4345703125,81.4794921875,-46.0048828125,
0.551,-46.765625,81.51953125,-33.712890625,
0.5515,-52.4912109375,81.4794921875,-26.90625,
0.552,-61.419921875,77.275390625,-10.330078125,
0.5525,-66.9853515625,75.7939453125,-3.443359375,
0.553,-75.3935546875,67.986328125,13.052734375,
0.5535,-79.4775390625,62.140625,22.58203125,
0.554,-81.6396484375,52.2509765625,34.994140625,
0.5545,-80.71875,37.9169921875,46.4853515625,
0.555,-80.958984375,31.0703125,51.650390625,
0.5555,-75.033203125,13.6533203125,62.140625,
0.556,-76.4345703125,7.447265625,67.74609375,
0.5565,-68.70703125,-10.5302734375,77.4755859375,
0.557,-62.4208984375,-18.978515625,78.796875,
0.5575,-51.25,-30.91015625,79.517578125,
0.558,-39.0380859375,-42.521484375,79.037109375,
0.5585,-32.0712890625,-50.76953125,80.7587890625,
0.559,-17.45703125,-61.7001953125,77.3154296875,
0.5595,-9.5693359375,-67.6259765625,76.234375,
0.56,5.7255859375,-73.9521484375,67.2255859375,
0.5605,15.4951171875,-76.1943359375,60.0185546875,
0.561,27.9873046875,-80.1181640625,50.609375,
0.5615,42.44140625,-81.6396484375,38.998046875,
0.562,49.7685546875,-81.599609375,32.7919921875,
0.5625,59.8984375,-79.1171875,15.375,
0.563,64.1826171875,-77.3955078125,9.609375,
0.5635,73.51171875,-69.5078125,-8.5283203125,
0.564,77.4755859375,-65.103515625,-16.49609375,
0.5645,81.4794921875,-56.6953125,-30.1494140625,
0.565,81.4794921875,-45.3642578125,-41.9208984375,
0.5655,81.4794921875,-36.5556640625,-48.2470703125,
0.566,77.8759765625,-22.8623046875,-56.21484375,
0.5665,77.1552734375,-14.6943359375,-62.1806640625,
0.567,72.630859375,0.4404296875,-72.2705078125,
0.5675,67.4658203125,10.8505859375,-76.5947265625,
0.568,58.45703125,23.22265625,-79.7978515625,
0.5685,45.8447265625,35.9150390625,-79.91796875,
0.569,37.31640625,45.00390625,-81.2392578125,
0.5695,22.662109375,55.57421875,-76.8349609375,
0.57,16.17578125,62.62109375,-78.5166015625,
0.5705,-1.681640625,73.9521484375,-71.6298828125,
0.571,-9.689453125,76.314453125,-66.14453125,
0.5715,-23.54296875,79.7978515625,-55.013671875,
0.572,-34.9140625,80.798828125,-44.36328125,
0.5725,-45.8447265625,81.4794921875,-36.1953125,
0.573,-55.7744140625,81.51953125,-22.662109375,
0.5735,-62.0205078125,81.4794921875,-15.0947265625,
0.574,-69.427734375,74.15234375,1.041015625,
0.5745,-71.990234375,68.146484375,9.3291015625,
0.575,-77.3955078125,59.818359375,23.22265625,
0.5755,-81.5595703125,50.6494140625,35.955078125,
0.576,-81.6396484375,42.4013671875,46.28515625,
0.5765,-79.2373046875,27.1865234375,54.693359375,
0.577,-79.517578125,20.1796875,59.498046875,
0.5775,-73.19140625,1.921875,70.62890625,
0.578,-71.7900390625,-5.4453125,75.0732421875,
0.5785,-63.7021484375,-21.78125,81.4794921875,
0.579,-54.7734375,-31.7509765625,81.4794921875,
0.5795,-43.802734375,-41.8408203125,81.51953125,
0.58,-30.26953125,-50.4892578125,78.796875,
0.5805,-23.22265625,-56.8154296875,79.1572265625,
0.581,-6.7265625,-68.146484375,73.4716796875,
0.5815,1.841796875,-73.751953125,71.3095703125,
0.582,16.5361328125,-78.15625,60.5791015625,
0.5825,27.3466796875,-78.6767578125,50.048828125,
0.583,38.7177734375,-80.8388671875,40.4794921875,
0.5835,50.8896484375,-79.0771484375,25.5849609375,
0.584,56.615234375,-80.71875,21.62109375,
0.5845,69.02734375,-75.1533203125,2.322265625,
0.585,72.23046875,-72.630859375,-3.5634765625,
0.5855,78.1162109375,-62.541015625,-19.859375,
0.586,80.798828125,-55.173828125,-29.46875,
0.5865,81.4794921875,-46.4453125,-41.3203125,
0.587,81.4794921875,-34.4736328125,-51.9306640625,
0.5875,81.439453125,-27.0263671875,-56.9755859375,
0.588,77.4755859375,-11.2109375,-66.064453125,
0.5885,74.15234375,-2.642578125,-69.98828125,
0.589,66.6650390625,12.171875,-76.9150390625,
0.5895,59.2177734375,24.0634765625,-81.0390625,
0.59,50.12890625,35.8349609375,-81.6396484375,
0.5905,34.8740234375,47.0859375,-80.078125,
0.591,28.3076171875,51.2900390625,-78.7568359375,
0.5915,10.0498046875,64.2626953125,-73.2314453125,
0.592,3.203125,70.5087890625,-73.271484375,
0.5925,-13.6533203125,80.23828125,-65.82421875,
0.593,-23.703125,81.4794921875,-58.2568359375,
0.5935,-34.3134765625,81.51953125,-46.92578125,
0.594,-46.4052734375,81.51953125,-33.3525390625,
0.5945,-52.7314453125,81.4794921875,-26.986328125,
0.595,-64.1025390625,80.5986328125,-11.69140625,
0.5955,-70.548828125,79.7177734375,-3.36328125,
0.596,-76.0341796875,70.7490234375,11.37109375,
0.5965,-77.1552734375,60.8193359375,21.861328125,
0.597,-79.7578125,51.6103515625,33.1123046875,
0.5975,-81.3193359375,38.4375,47.166015625,
0.598,-81.599609375,31.8310546875,53.2119140625,
0.5985,-77.67578125,15.5751953125,63.26171875,
0.599,-75.3134765625,7.8876953125,66.625,
0.5995,-67.265625,-9.048828125,74.552734375,
0.6,-61.259765625,-18.6982421875,77.8359375,
0.6005,-52.6513671875,-31.951171875,81.3994140625,
0.601,-41.400390625,-44.283203125,81.4794921875,
0.6015,-33.15234375,-50.9697265625,81.4794921875,
0.602,-18.2578125,-60.1787109375,76.8349609375,
0.6025,-9.7294921875,-66.46484375,75.3935546875,
0.603,5.4052734375,-75.3935546875,69.0673828125,
0.6035,16.3759765625,-80.158203125,63.1015625,
0.604,28.66796875,-81.599609375,53.091796875,
0.6045,41.1201171875,-81.599609375,39.1982421875,
0.605,48.287109375,-81.599609375,31.7109375,
0.6055,59.2177734375,-77.755859375,14.974609375,
0.606,66.865234375,-79.59765625,8.888671875,
0.6065,77.1552734375,-72.4306640625,-9.208984375,
0.607,78.796875,-66.46484375,-16.4560546875,
0.6075,80.9189453125,-54.93359375,-29.9091796875,
0.608,80.23828125,-43.40234375,-40.0390625,
0.6085,81.4794921875,-35.314453125,-49.6083984375,
0.609,79.59765625,-22.7021484375,-58.5771484375,
0.6095,80.0380859375,-14.57421875,-65.103515625,
0.61,72.2705078125,1.3212890625,-72.7509765625,
0.6105,66.3046875,10.5302734375,-74.9931640625,
0.611,56.775390625,24.50390625,-79.7177734375,
0.6115,46.5654296875,37.9169921875,-81.6396484375,
0.612,38.7177734375,47.88671875,-81.6396484375,
0.6125,23.0224609375,56.21484375,-78.15625,
0.613,16.2958984375,61.5400390625,-77.7958984375,
0.6135,-2.2822265625,71.7900390625,-69.2275390625,
0.614,-10.41015625,76.875,-66.3046875,
0.6145,-26.0654296875,81.4794921875,-56.8955078125,
0.615,-36.916015625,81.51953125,-46.28515625,
0.6155,-46.125,81.4794921875,-35.7548828125,
0.616,-53.892578125,79.7978515625,-21.380859375,
0.6165,-61.0595703125,79.8779296875,-13.853515625,
0.617,-71.6298828125,75.193359375,2.2021484375,
0.6175,-77.2353515625,71.830078125,10.8505859375,
0.618,-80.9189453125,61.98046875,24.6240234375,
0.6185,-81.119140625,50.529296875,35.634765625,
0.619,-81.6396484375,41.0400390625,44.9638671875,
0.6195,-79.2373046875,26.42578125,55.4541015625,
0.62,-81.5595703125,20.0595703125,62.1806640625,
0.6205,-76.71484375,2.2421875,73.8720703125,
0.621,-72.0703125,-5.4853515625,75.43359375,
0.6215,-61.740234375,-19.8994140625,79.4775390625,
0.622,-52.05078125,-31.390625,80.638671875,
0.6225,-43.3623046875,-42.0009765625,81.4794921875,
0.623,-30.91015625,-52.69140625,80.9189453125,
0.6235,-23.1025390625,-57.81640625,79.7978515625,
0.624,-7.9677734375,-66.0244140625,72.55078125,
0.6245,1.921875,-69.828125,67.2255859375,
0.625,15.4951171875,-76.0341796875,59.2978515625,
0.6255,28.8681640625,-80.71875,50.7294921875,
0.626,39.958984375,-81.599609375,42.4013671875,
0.6265,50.9697265625,-80.5986328125,27.146484375,
0.627,54.29296875,-79.1171875,21.6611328125,
0.6275,66.5048828125,-74.1923828125,3.6435546875,
0.628,72.390625,-73.03125,-3.203125,
0.6285,81.0791015625,-66.2646484375,-19.21875,
0.629,81.4794921875,-57.8564453125,-29.46875,
0.6295,81.4794921875,-46.92578125,-38.59765625,
0.63,80.1982421875,-33.712890625,-48.8876953125,
0.6305,80.55859375,-26.42578125,-54.8935546875,
0.631,78.4365234375,-12.0517578125,-66.625,
0.6315,76.5146484375,-2.7626953125,-72.470703125,
0.632,68.1865234375,10.810546875,-77.1552734375,
0.6325,57.6162109375,21.78125,-76.9951171875,
0.633,48.3271484375,32.9921875,-79.6376953125,
0.6335,34.59375,46.0048828125,-78.7568359375,
0.634,28.7880859375,53.1318359375,-80.958984375,
0.6345,11.771484375,65.904296875,-76.5146484375,
0.635,4.6044921875,70.228515625,-74.392578125,
0.6355,-11.7314453125,77.2353515625,-64.623046875,
0.636,-21.62109375,80.2783203125,-57.8564453125,
0.6365,-34.75390625,81.4794921875,-48.20703125,
0.637,-46.4853515625,81.51953125,-36.1953125,
0.6375,-52.53125,81.4794921875,-28.7880859375,
0.638,-60.7392578125,79.4775390625,-13.1328125,
0.6385,-66.14453125,76.8349609375,-5.1650390625,
0.639,-74.1123046875,69.5078125,10.6103515625,
0.6395,-79.1171875,63.421875,21.3408203125,
0.64,-81.6396484375,53.8125,33.7529296875,
0.6405,-80.2783203125,39.3583984375,45.2041015625,
0.641,-80.1982421875,31.5107421875,50.76953125,
0.6415,-74.1923828125,15.0947265625,60.298828125,
0.642,-75.75390625,8.1279296875,67.025390625,
0.6425,-69.66796875,-9.3291015625,77.7958984375,
0.643,-63.9423828125,-18.2578125,79.998046875,
0.6435,-52.5712890625,-30.7900390625,80.8388671875,
0.644,-40.599609375,-41.640625,79.91796875,
0.6445,-32.7119140625,-50.4892578125,81.19921875,
0.645,-18.7783203125,-61.33984375,78.796875,
0.6455,-10.5703125,-68.8671875,79.1572265625,
0.646,4.5244140625,-75.2734375,69.748046875,
0.6465,14.4140625,-76.9150390625,61.8603515625,
0.647,26.8662109375,-79.4375,51.2099609375,
0.6475,40.7197265625,-81.2392578125,39.0380859375,
0.648,49.0478515625,-81.599609375,32.4716796875,
0.6485,59.4580078125,-78.63671875,15.8154296875,
0.649,64.5830078125,-77.8359375,9.609375,
0.6495,73.0712890625,-69.66796875,-7.84765625,
0.65,77.0751953125,-64.783203125,-16.2158203125,
0.6505,81.4794921875,-56.0947265625,-29.9892578125,
0.651,81.4794921875,-45.244140625,-41.7607421875,
0.6515,81.4794921875,-36.515625,-49.0478515625,
0.652,78.95703125,-23.5830078125,-56.53515625,
0.6525,77.99609375,-14.7744140625,-62.861328125,
0.653,73.6318359375,-0.3203125,-72.390625,
0.6535,68.4267578125,10.810546875,-77.3955078125,
0.654,59.3779296875,23.3427734375,-80.9189453125,
0.6545,46.4853515625,35.9951171875,-80.6787109375,
0.655,37.3564453125,44.5234375,-80.5986328125,
0.6555,22.6220703125,54.453125,-75.59375,
0.656,15.7353515625,61.2197265625,-76.39453125,
0.6565,-1.1611328125,72.9111328125,-70.9892578125,
0.657,-10.169921875,76.39453125,-65.984375,
0.6575,-23.462890625,79.91796875,-55.2939453125,
0.658,-35.1943359375,80.5986328125,-44.0029296875,
0.6585,-45.1640625,81.4794921875,-35.39453125,
0.659,-55.173828125,80.7587890625,-22.5419921875,
0.6595,-62.541015625,81.19921875,-14.4541015625,
0.66,-70.46875,76.234375,0.080078125,
0.6605,-74.1123046875,69.9482421875,9.529296875,
0.661,-79.0771484375,62.1005859375,22.5419921875,
0.6615,-81.6396484375,52.2109375,35.474609375,
0.662,-81.6396484375,43.322265625,45.484375,
0.6625,-80.23828125,28.7080078125,54.1328125,
0.663,-79.4775390625,21.1005859375,58.697265625,
0.6635,-73.5517578125,3.9638671875,68.9873046875,
0.664,-70.9892578125,-4.0439453125,72.951171875,
0.6645,-63.1416015625,-19.4990234375,80.2783203125,
0.665,-54.212890625,-30.4697265625,81.19921875,
0.6655,-43.482421875,-40.0390625,80.8388671875,
0.666,-30.1494140625,-49.2080078125,76.7548828125,
0.6665,-22.7021484375,-55.4140625,76.39453125,
0.667,-8.2880859375,-65.82421875,72.23046875,
0.6675,1.201171875,-72.23046875,70.1484375,
0.668,14.89453125,-77.435546875,61.33984375,
0.6685,26.265625,-78.8369140625,51.169921875,
0.669,37.396484375,-80.9189453125,41.9609375,
0.6695,49.2880859375,-79.5576171875,27.6669921875,
0.67,55.2939453125,-80.9189453125,22.8623046875,
0.6705,66.78515625,-75.994140625,5.28515625,
0.671,70.7490234375,-73.671875,-0.80078125,
0.6715,76.5546875,-64.142578125,-16.65625,
0.672,79.197265625,-56.6953125,-26.1455078125,
0.6725,81.4794921875,-47.3662109375,-38.037109375,
0.673,81.4794921875,-35.7548828125,-48.6474609375,
0.6735,81.0791015625,-27.947265625,-54.0927734375,
0.674,75.59375,-13.212890625,-62.6611328125,
0.6745,72.791015625,-5.0048828125,-66.8251953125,
0.675,65.9443359375,9.2490234375,-73.7119140625,
0.6755,58.9775390625,20.98046875,-78.0361328125,
0.676,50.4091796875,32.83203125,-81.279296875,
0.6765,35.6748046875,44.3232421875,-78.0361328125,
0.677,29.30859375,49.5283203125,-77.6357421875,
0.6775,12.4921875,61.8603515625,-73.0712890625,
0.678,5.5654296875,68.787109375,-73.83203125,
0.6785,-10.490234375,78.5166015625,-66.9453125,
0.679,-20.2998046875,80.7587890625,-59.73828125,
0.6795,-31.150390625,80.8388671875,-48.20703125,
0.68,-42.361328125,80.078125,-35.0341796875,
0.6805,-49.6884765625,80.71875,-28.02734375,
0.681,-60.37890625,79.27734375,-14.09375,
0.6815,-67.265625,78.2763671875,-5.8857421875,
0.682,-72.791015625,69.9482421875,8.2880859375,
0.6825,-74.3525390625,60.8994140625,18.41796875,
0.683,-77.03515625,51.8505859375,29.8291015625,
0.6835,-79.1572265625,39.1181640625,44.0029296875,
0.684,-80.9990234375,32.671875,50.609375,
0.6845,-76.875,17.376953125,60.7392578125,
0.685,-75.0732421875,9.7294921875,64.703125,
0.6855,-68.0263671875,-5.845703125,72.3505859375,
0.686,-62.5009765625,-16.2958984375,76.3544921875,
0.6865,-54.453125,-29.0283203125,80.9189453125,
0.687,-43.2021484375,-41.5205078125,81.51953125,
0.6875,-34.2734375,-48.447265625,80.87890625,
0.688,-20.6201171875,-56.53515625,75.3935546875,
0.6885,-11.2109375,-62.78125,73.03125,
0.689,2.2421875,-71.58984375,68.146484375,
0.6895,13.93359375,-77.35546875,62.7412109375,
0.69,25.7451171875,-80.3583984375,53.412109375,
0.6905,37.9970703125,-79.6376953125,39.7587890625,
0.691,45.3642578125,-78.9970703125,31.390625,
0.6915,54.4931640625,-73.9921875,16.4560546875,
0.692,61.8603515625,-75.4736328125,10.5703125,
0.6925,73.671875,-71.4697265625,-6.2861328125,
0.693,77.35546875,-66.5048828125,-14.6142578125,
0.6935,79.59765625,-56.0947265625,-27.1865234375,
0.694,79.5576171875,-44.603515625,-38.1572265625,
0.6945,81.4794921875,-36.5556640625,-47.6865234375,
0.695,79.837890625,-24.904296875,-56.53515625,
0.6955,80.23828125,-16.17578125,-63.8623046875,
0.696,73.7919921875,-2.2822265625,-70.5888671875,
0.6965,66.544921875,7.8876953125,-72.5107421875,
0.697,57.49609375,20.66015625,-76.39453125,
0.6975,47.166015625,34.1533203125,-79.7177734375,
0.698,38.7578125,44.8837890625,-81.6396484375,
0.6985,23.8232421875,54.2529296875,-76.5146484375,
0.699,16.1357421875,60.1787109375,-75.673828125,
0.6995,-0.5205078125,68.8271484375,-67.4658203125,
0.7,-8.5283203125,73.7119140625,-64.86328125,
0.7005,-23.9033203125,81.19921875,-56.4150390625,
0.701,-34.9140625,81.4794921875,-46.92578125,
0.7015,-44.603515625,81.4794921875,-36.8759765625,
0.702,-51.9306640625,79.27734375,-23.1025390625,
0.7025,-59.2578125,79.1171875,-15.294921875,
0.703,-69.02734375,74.7529296875,-0.3203125,
0.7035,-75.7939453125,72.23046875,8.6484375,
0.704,-80.0380859375,63.3818359375,22.1015625,
0.7045,-79.998046875,51.6103515625,33.1123046875,
0.705,-80.5185546875,41.5205078125,42.3212890625,
0.7055,-76.7548828125,26.986328125,52.2109375,
0.706,-78.796875,20.01953125,59.3779296875,
0.7065,-74.8330078125,3.4833984375,70.869140625,
0.707,-71.3095703125,-4.3642578125,73.6318359375,
0.7075,-60.8193359375,-18.578125,76.9951171875,
0.708,-51.3701171875,-29.228515625,78.0361328125,
0.7085,-42.041015625,-40.119140625,79.9580078125,
0.709,-30.189453125,-50.849609375,78.9169921875,
0.7095,-22.58203125,-57.2158203125,78.796875,
0.71,-8.3681640625,-65.6240234375,72.390625,
0.7105,1.201171875,-69.748046875,67.7861328125,
0.711,14.3740234375,-75.2734375,59.9384765625,
0.7115,27.70703125,-80.2783203125,51.5302734375,
0.712,38.8779296875,-81.6396484375,43.2822265625,
0.7125,49.9287109375,-80.318359375,28.1875,
0.713,52.69140625,-77.8759765625,22.1015625,
0.7135,63.421875,-72.4306640625,5.125,
0.714,69.4677734375,-70.9091796875,-2.2822265625,
0.7145,78.1162109375,-65.0634765625,-17.296875,
0.715,81.4794921875,-57.3359375,-28.107421875,
0.7155,81.1591796875,-46.765625,-37.4765625,
0.716,78.7568359375,-33.9130859375,-47.2861328125,
0.7165,77.515625,-25.6650390625,-53.01171875,
0.717,76.07421875,-12.5322265625,-63.9423828125,
0.7175,74.2724609375,-2.962890625,-70.5087890625,
0.718,67.9462890625,9.7294921875,-76.2744140625,
0.7185,58.1767578125,21.2607421875,-77.515625,
0.719,49.0078125,32.03125,-79.4375,
0.7195,35.314453125,44.84375,-78.2763671875,
0.72,29.1484375,51.1298828125,-79.1572265625,
0.7205,13.0927734375,63.7021484375,-75.43359375,
0.721,5.1650390625,68.2666015625,-73.0712890625,
0.7215,-9.4892578125,74.6728515625,-64.462890625,
0.722,-20.01953125,78.15625,-56.9755859375,
0.7225,-32.111328125,81.19921875,-47.7265625,
0.723,-44.2431640625,81.51953125,-35.6748046875,
0.7235,-50.529296875,81.3994140625,-27.787109375,
0.724,-58.0166015625,76.5947265625,-13.8134765625,
0.7245,-63.7421875,73.0712890625,-4.884765625,
0.725,-71.1494140625,67.4658203125,8.96875,
0.7255,-76.634765625,61.5,20.01953125,
0.726,-80.798828125,52.9716796875,32.3916015625,
0.7265,-79.9580078125,39.5986328125,44.1630859375,
0.727,-79.59765625,31.55078125,50.0888671875,
0.7275,-74.5927734375,16.3359375,59.2978515625,
0.728,-75.5537109375,9.0087890625,65.984375,
0.7285,-70.3486328125,-7.4072265625,76.314453125,
0.729,-65.2236328125,-16.736328125,79.5576171875,
0.7295,-54.0927734375,-28.9482421875,80.4384765625,
0.73,-41.9208984375,-39.5986328125,79.1171875,
0.7305,-33.15234375,-48.447265625,79.8779296875,
0.731,-19.9794921875,-58.296875,76.2744140625,
0.7315,-10.970703125,-66.224609375,76.2744140625,
0.732,2.802734375,-72.3505859375,68.5068359375,
0.7325,12.97265625,-74.5927734375,60.859375,
0.733,25.3447265625,-77.35546875,50.9697265625,
0.7335,38.677734375,-79.6376953125,39.1181640625,
0.734,48.0869140625,-81.599609375,31.7509765625,
0.7345,57.81640625,-77.275390625,16.3359375,
0.735,63.7421875,-76.5947265625,9.7294921875,
0.7355,72.23046875,-69.34765625,-7.0869140625,
0.736,76.794921875,-65.3837890625,-15.0146484375,
0.7365,81.3994140625,-56.775390625,-29.1884765625,
0.737,81.4794921875,-46.6455078125,-40.599609375,
0.7375,81.4794921875,-37.1962890625,-48.3671875,
0.738,78.1162109375,-24.3037109375,-54.9736328125,
0.7385,76.794921875,-15.1748046875,-61.3798828125,
0.739,72.470703125,-1.201171875,-70.46875,
0.7395,67.9462890625,10.009765625,-76.234375,
0.74,59.498046875,22.4619140625,-80.2783203125,
0.7405,46.685546875,35.2744140625,-80.158203125,
0.741,37.076171875,44.0029296875,-79.7978515625,
0.7415,22.662109375,53.3720703125,-74.392578125,
0.742,14.89453125,60.9794921875,-75.2734375,
0.7425,-1.041015625,72.630859375,-70.8291015625,
0.743,-10.4501953125,77.515625,-66.3447265625,
0.7435,-23.6630859375,80.8388671875,-56.0947265625,
0.744,-35.39453125,81.4794921875,-44.8037109375,
0.7445,-45.8046875,81.3994140625,-35.5546875,
0.745,-55.3740234375,81.4794921875,-23.1826171875,
0.7455,-63.1416015625,81.359375,-14.0537109375,
0.746,-70.4287109375,76.2744140625,0.080078125,
0.7465,-73.5517578125,68.787109375,10.0498046875,
0.747,-77.7158203125,60.7392578125,22.421875,
0.7475,-81.6396484375,50.5693359375,35.9951171875,
0.748,-81.6396484375,41.720703125,45.9248046875,
0.7485,-79.677734375,27.1865234375,54.8134765625,
0.749,-77.3955078125,18.5380859375,59.09765625,
0.7495,-71.91015625,2.5224609375,68.546875,
0.75,-68.626953125,-6.88671875,73.2314453125,
0.7505,-62.140625,-21.140625,80.71875,
0.751,-53.251953125,-33.072265625,81.51953125,
0.7515,-42.6015625,-42.8818359375,81.51953125,
0.752,-29.7890625,-50.9697265625,78.8369140625,
0.7525,-20.66015625,-57.015625,76.5546875,
0.753,-7.3671875,-67.42578125,73.2314453125,
0.7535,3.4033203125,-74.3125,70.4287109375,
0.754,16.49609375,-79.7578125,62.2607421875,
0.7545,28.1875,-80.4384765625,51.330078125,
0.755,38.91796875,-81.51953125,41.16015625,
0.7555,50.048828125,-79.1171875,26.505859375,
0.756,55.734375,-79.357421875,20.580078125,
0.7565,67.5458984375,-75.033203125,3.603515625,
0.757,71.9501953125,-72.1103515625,-3.5634765625,
0.7575,76.6748046875,-62.7412109375,-18.2578125,
0.758,78.9169921875,-54.533203125,-28.1474609375,
0.7585,81.4794921875,-45.1640625,-39.7587890625,
0.759,80.6787109375,-33.6728515625,-50.208984375,
0.7595,81.19921875,-25.3046875,-56.6953125,
0.76,76.314453125,-11.53125,-64.7431640625,
0.7605,72.630859375,-2.08203125,-69.3076171875,
0.761,65.984375,11.3310546875,-75.8740234375,
0.7615,59.2177734375,23.2626953125,-80.5986328125,
0.762,50.4892578125,35.9150390625,-81.6396484375,
0.7625,36.3154296875,46.60546875,-80.9189453125,
0.763,28.5078125,51.41015625,-79.27734375,
0.7635,11.6513671875,62.1005859375,-72.791015625,
0.764,4.1240234375,68.9072265625,-72.7509765625,
0.7645,-11.8916015625,78.716796875,-65.8642578125,
0.765,-21.8212890625,81.51953125,-59.5380859375,
0.7655,-33.2724609375,81.51953125,-47.966796875,
0.766,-43.9228515625,80.7587890625,-34.4736328125,
0.7665,-50.6494140625,80.3583984375,-26.345703125,
0.767,-60.1787109375,77.67578125,-12.4921875,
0.7675,-68.466796875,76.9951171875,-3.5634765625,
0.768,-74.5126953125,70.068359375,10.1298828125,
0.7685,-76.9951171875,61.580078125,20.6201171875,
0.769,-79.5576171875,52.130859375,31.87109375,
0.7695,-80.5185546875,39.1982421875,45.2841796875,
0.77,-81.6396484375,31.6708984375,52.37109375,
0.7705,-77.99609375,16.896484375,62.1005859375,
0.771,-76.0341796875,8.3681640625,66.7451171875,
0.7715,-68.4267578125,-6.9267578125,73.3916015625,
0.772,-62.4208984375,-17.1767578125,76.955078125,
0.7725,-53.7724609375,-29.7890625,80.7587890625,
0.773,-42.6416015625,-42.28125,81.51953125,
0.7735,-33.3525390625,-49.728515625,81.0791015625,
0.774,-19.779296875,-57.81640625,75.673828125,
0.7745,-9.5693359375,-63.8623046875,72.390625,
0.775,3.3232421875,-71.5498046875,67.2255859375,
0.7755,15.5751953125,-77.67578125,61.5,
0.776,27.2265625,-81.2392578125,53.33203125,
0.7765,40.6796875,-81.6396484375,40.0791015625,
0.777,47.56640625,-81.3994140625,31.55078125,
0.7775,57.6962890625,-77.275390625,16.2958984375,
0.778,65.6640625,-77.275390625,8.328125,
0.7785,76.2744140625,-73.3515625,-7.1669921875,
0.779,80.1181640625,-67.6259765625,-16.6162109375,
0.7795,81.4794921875,-57.255859375,-28.5078125,
0.78,81.4794921875,-45.404296875,-39.5185546875,
0.7805,81.4794921875,-36.03515625,-48.3671875,
0.781,79.6376953125,-24.3837890625,-56.6552734375,
0.7815,78.63671875,-14.09375,-64.22265625,
0.782,72.9912109375,-0.80078125,-71.26953125,
0.7825,65.34375,10.2099609375,-73.83203125,
0.783,56.7353515625,22.5419921875,-77.3955078125,
0.7835,46.044921875,36.5556640625,-80.798828125,
0.784,37.63671875,46.92578125,-81.6396484375,
0.7845,22.90234375,57.1357421875,-78.556640625,
0.785,13.7333984375,63.662109375,-77.0751953125,
0.7855,-2.08203125,72.3505859375,-69.7080078125,
0.786,-11.53125,77.9560546875,-65.82421875,
0.7865,-25.9853515625,81.4794921875,-57.49609375,
0.787,-37.5166015625,81.4794921875,-47.40625,
0.7875,-47.3662109375,81.4794921875,-36.6357421875,
0.788,-53.8125,81.0390625,-23.1826171875,
0.7885,-61.4599609375,80.0380859375,-13.212890625,
0.789,-70.30859375,75.3134765625,1.1611328125,
0.7895,-76.9951171875,71.4697265625,11.2109375,
0.79,-81.4794921875,62.94140625,24.3037109375,
0.7905,-81.6396484375,51.41015625,35.3544921875,
0.791,-81.6396484375,40.4794921875,45.2041015625,
0.7915,-77.99609375,26.2255859375,54.0927734375,
0.792,-78.9970703125,18.0576171875,61.2998046875,
0.7925,-74.7529296875,1.6015625,72.4306640625,
0.793,-71.75,-7.0068359375,76.2744140625,
0.7935,-61.3798828125,-21.1806640625,80.078125,
0.794,-52.37109375,-31.9111328125,80.9990234375,
0.7945,-42.6416015625,-43.3623046875,81.4794921875,
0.795,-30.7099609375,-53.0517578125,80.9990234375,
0.7955,-21.8212890625,-59.658203125,80.4384765625,
0.796,-7.7275390625,-67.1455078125,73.51171875,
0.7965,2.8427734375,-71.189453125,67.90625,
0.797,15.8154296875,-76.2744140625,59.7783203125,
0.7975,29.0283203125,-80.958984375,51.2900390625,
0.798,40.6396484375,-81.599609375,42.6015625,
0.7985,50.9697265625,-80.798828125,27.6669921875,
0.799,54.4931640625,-77.7958984375,20.419921875,
0.7995,64.302734375,-71.990234375,3.84375,
0.8,70.6689453125,-69.98828125,-4.083984375,
0.8005,79.4775390625,-64.3828125,-19.138671875,
0.801,81.4794921875,-57.49609375,-30.029296875,
0.8015,81.4794921875,-46.8056640625,-39.8388671875,
0.802,80.5986328125,-34.3134765625,-49.2080078125,
0.8025,79.8779296875,-25.3447265625,-55.25390625,
0.803,77.9560546875,-12.1318359375,-65.82421875,
0.8035,75.5537109375,-1.6015625,-72.7109375,
0.804,69.1474609375,10.5302734375,-77.99609375,
0.8045,58.537109375,22.58203125,-79.037109375,
0.805,49.248046875,32.912109375,-80.23828125,
0.8055,35.4345703125,45.7646484375,-79.27734375,
0.806,28.2275390625,52.291015625,-79.59765625,
0.8065,12.732421875,64.7431640625,-76.1943359375,
0.807,3.283203125,69.7880859375,-72.4306640625,
0.8075,-10.5302734375,75.1533203125,-63.7822265625,
0.808,-21.5810546875,78.796875,-55.6142578125,
0.8085,-33.5126953125,81.3994140625,-46.7255859375,
0.809,-46.1650390625,81.439453125,-35.39453125,
0.8095,-53.01171875,81.4794921875,-26.826171875,
0.81,-60.5390625,79.3974609375,-13.3330078125,
0.8105,-66.384765625,74.2724609375,-2.9228515625,
0.811,-73.5517578125,68.8671875,10.3701171875,
0.8115,-79.7578125,62.5810546875,22.501953125,
0.812,-81.6396484375,54.453125,34.43359375,
0.8125,-81.6396484375,40.7197265625,46.7255859375,
0.813,-81.51953125,31.5107421875,51.5302734375,
0.8135,-75.5537109375,16.2158203125,59.7783203125,
0.814,-74.6728515625,6.88671875,66.46484375,
0.8145,-70.068359375,-8.6884765625,76.6748046875,
0.815,-64.1826171875,-19.21875,80.3583984375,
0.8155,-53.412109375,-30.91015625,81.0791015625,
0.816,-40.7197265625,-41.240234375,79.3974609375,
0.8165,-30.990234375,-49.96875,79.27734375,
0.817,-18.6181640625,-59.73828125,76.154296875,
0.8175,-8.0478515625,-68.5068359375,75.59375,
0.818,5.044921875,-74.9130859375,68.8671875,
0.8185,15.9755859375,-77.8359375,61.099609375,
0.819,28.1875,-80.3583984375,50.9697265625,
0.8195,41.2802734375,-81.6396484375,39.3984375,
0.82,50.5693359375,-81.599609375,31.87109375,
0.8205,60.4990234375,-80.3583984375,16.4560546875,
0.821,66.6650390625,-78.95703125,8.5283203125,
0.8215,73.6318359375,-70.1884765625,-7.84765625,
0.822,77.5556640625,-65.103515625,-16.3759765625,
0.8225,81.4794921875,-56.294921875,-30.3896484375,
0.823,81.4794921875,-46.125,-41.80078125,
0.8235,81.4794921875,-36.8359375,-50.12890625,
0.824,79.7978515625,-23.1025390625,-57.6962890625,
0.8245,76.634765625,-12.5322265625,-63.58203125,
0.825,71.2294921875,0.6806640625,-71.109375,
0.8255,66.6650390625,12.1318359375,-76.9951171875,
0.826,58.8974609375,24.82421875,-81.6396484375,
0.8265,47.0859375,37.3564453125,-81.6396484375,
0.827,37.1162109375,46.2451171875,-81.6396484375,
0.8275,22.421875,55.734375,-76.7548828125,
0.828,13.453125,64.1826171875,-77.275390625,
0.8285,-2.2822265625,75.11328125,-72.150390625,
0.829,-11.7314453125,79.8779296875,-67.666015625,
0.8295,-24.583984375,81.4794921875,-56.85546875,
0.83,-35.6748046875,81.51953125,-45.4443359375,
0.8305,-45.64453125,81.4794921875,-35.3544921875,
0.831,-54.8935546875,81.51953125,-22.90234375,
0.8315,-63.4619140625,81.3193359375,-13.1728515625,
0.832,-70.30859375,76.2744140625,0.4404296875,
0.8325,-73.83203125,68.5068359375,11.0908203125,
0.833,-77.275390625,60.2587890625,22.58203125,
0.8335,-80.71875,49.9287109375,35.8349609375,
0.834,-81.6396484375,41.4404296875,46.0849609375,
0.8345,-80.87890625,27.787109375,55.8544921875,
0.835,-79.1572265625,18.2177734375,61.0595703125,
0.8355,-73.8720703125,3.0830078125,69.748046875,
0.836,-69.66796875,-7.0869140625,74.15234375,
0.8365,-62.94140625,-20.580078125,80.638671875,
0.837,-54.4130859375,-32.751953125,81.51953125,
0.8375,-44.04296875,-42.521484375,81.51953125,
0.838,-31.5107421875,-51.009765625,80.0380859375,
0.8385,-21.380859375,-56.53515625,76.39453125,
0.839,-8.6083984375,-65.6640625,72.791015625,
0.8395,3.1630859375,-72.390625,68.7470703125,
0.84,15.134765625,-77.67578125,61.8603515625,
0.8405,27.6669921875,-79.677734375,51.169921875,
0.841,37.796875,-80.71875,41.6005859375,
0.8415,49.2080078125,-78.8369140625,27.3466796875,
0.842,54.93359375,-78.0361328125,20.580078125,
0.8425,66.544921875,-74.9931640625,4.96484375,
0.843,72.1904296875,-71.7900390625,-3.763671875,
0.8435,77.3154296875,-63.90234375,-17.3369140625,
0.844,80.2783203125,-55.9345703125,-27.9072265625,
0.8445,81.4794921875,-46.765625,-39.3583984375,
0.845,81.4794921875,-36.03515625,-49.48828125,
0.8455,81.4794921875,-26.7060546875,-56.615234375,
0.846,78.2763671875,-13.7333984375,-64.5830078125,
0.8465,73.2314453125,-2.9228515625,-69.0673828125,
0.847,66.4248046875,9.9697265625,-74.6328125,
0.8475,59.1376953125,22.1015625,-79.2373046875,
0.848,50.6494140625,34.4736328125,-81.6396484375,
0.8485,36.8759765625,45.5244140625,-80.158203125,
0.849,28.5078125,50.8095703125,-78.2763671875,
0.8495,12.33203125,61.01953125,-72.1103515625,
0.85,3.4033203125,68.1064453125,-71.029296875,
0.8505,-11.8115234375,77.0751953125,-64.22265625,
0.851,-22.421875,81.1591796875,-58.13671875,
0.8515,-34.11328125,81.4794921875,-47.40625,
0.852,-44.4833984375,81.51953125,-34.8740234375,
0.8525,-51.970703125,81.4794921875,-26.2255859375,
0.853,-60.939453125,79.4775390625,-12.9326171875,
0.8535,-69.4677734375,77.8359375,-2.7626953125,
0.854,-75.193359375,70.46875,10.6103515625,
0.8545,-77.4755859375,61.6201171875,21.140625,
0.855,-79.7578125,51.7705078125,32.7919921875,
0.8555,-80.5986328125,39.318359375,45.404296875,
0.856,-81.6396484375,31.2705078125,52.6513671875,
0.8565,-77.35546875,16.49609375,61.740234375,
0.857,-74.9931640625,7.126953125,66.6650390625,
0.8575,-66.865234375,-7.927734375,72.5107421875,
0.858,-60.8193359375,-18.2578125,75.9541015625,
0.8585,-52.4912109375,-30.7900390625,80.318359375,
0.859,-41.9208984375,-43.08203125,81.51953125,
0.8595,-32.751953125,-50.9697265625,81.3994140625,
0.86,-19.8994140625,-58.6572265625,76.5546875,
0.8605,-8.6884765625,-65.3037109375,72.87109375,
0.861,3.6435546875,-72.2705078125,67.6259765625,
0.8615,16.2158203125,-78.6767578125,61.7001953125,
0.862,27.5869140625,-81.6396484375,53.6923828125,
0.8625,40.439453125,-81.6396484375,40.7197265625,
0.863,47.4462890625,-81.1591796875,31.55078125,
0.8635,56.53515625,-76.634765625,16.9365234375,
0.864,64.54296875,-75.7939453125,8.248046875,
0.8645,74.4326171875,-71.75,-6.6865234375,
0.865,78.63671875,-66.1044921875,-16.3759765625,
0.8655,80.0380859375,-56.0947265625,-27.626953125,
0.866,79.837890625,-44.5634765625,-38.5576171875,
0.8665,80.8388671875,-35.3544921875,-47.56640625,
0.867,79.1572265625,-24.583984375,-56.1748046875,
0.8675,78.15625,-13.7333984375,-64.4228515625,
0.868,73.6318359375,-1.841796875,-71.1494140625,
0.8685,65.0634765625,10.08984375,-73.6318359375,
0.869,57.4560546875,21.1806640625,-76.8349609375,
0.8695,47.005859375,35.3544921875,-80.71875,
0.87,38.7578125,45.724609375,-81.6396484375,
0.8705,25.2646484375,55.7744140625,-79.7978515625,
0.871,14.9345703125,62.2607421875,-76.7548828125,
0.8715,0.6806640625,69.1875,-69.2275390625,
0.872,-9.609375,74.0322265625,-63.9423828125,
0.8725,-22.822265625,80.23828125,-56.4150390625,
0.873,-34.7138671875,81.51953125,-47.166015625,
0.8735,-44.7236328125,81.51953125,-36.9560546875,
0.874,-50.9697265625,79.7978515625,-24.7041015625,
0.8745,-56.455078125,75.833984375,-14.9345703125,
0.875,-65.2236328125,72.4306640625,-1.76171875,
0.8755,-72.9111328125,68.9072265625,9.2890625,
0.876,-78.31640625,62.2607421875,21.62109375,
0.8765,-80.0380859375,51.6103515625,33.3125,
0.877,-81.0791015625,41.9208984375,42.921875,
0.8775,-77.8759765625,28.2275390625,52.3310546875,
0.878,-78.95703125,19.69921875,59.9384765625,
0.8785,-75.7939453125,4.6044921875,70.708984375,
0.879,-72.0302734375,-4.9248046875,74.8330078125,
0.8795,-62.2607421875,-17.857421875,77.6357421875,
0.88,-52.8515625,-28.1474609375,78.4365234375,
0.8805,-43.2421875,-39.3583984375,80.078125,
0.881,-32.5517578125,-49.328125,79.3974609375,
0.8815,-23.22265625,-57.2158203125,79.1572265625,
0.882,-10.4501953125,-64.22265625,72.87109375,
0.8825,0.560546875,-68.06640625,66.5849609375,
0.883,12.9326171875,-72.23046875,58.2568359375,
0.8835,25.384765625,-76.9951171875,50.609375,
0.884,37.63671875,-81.6396484375,42.7216796875,
0.8845,48.7275390625,-80.23828125,29.2685546875,
0.885,52.9716796875,-77.8759765625,22.26171875,
0.8855,62.380859375,-72.1103515625,6.166015625,
0.886,68.787109375,-70.1484375,-2.08203125,
0.8865,76.9951171875,-64.3828125,-16.65625,
0.887,81.4794921875,-57.81640625,-27.5068359375,
0.8875,81.4794921875,-47.88671875,-37.6767578125,
0.888,79.8779296875,-35.794921875,-46.4453125,
0.8885,78.1162109375,-26.265625,-52.69140625,
0.889,75.9140625,-14.09375,-62.220703125,
0.8895,73.671875,-2.9228515625,-69.908203125,
0.89,67.826171875,8.80859375,-75.2333984375,
0.8905,57.9365234375,20.5400390625,-76.5947265625,
0.891,48.5673828125,30.9501953125,-77.67578125,
0.8915,35.5546875,43.1220703125,-76.8349609375,
0.892,27.9873046875,50.208984375,-77.03515625,
0.8925,13.373046875,62.8212890625,-74.953125,
0.893,3.8037109375,69.107421875,-72.390625,
0.8935,-9.6494140625,74.552734375,-64.1025390625,
0.894,-20.66015625,78.2763671875,-56.3349609375,
0.8945,-31.9912109375,80.9990234375,-47.5263671875,
0.895,-44.5634765625,81.51953125,-36.3955078125,
0.8955,-51.650390625,81.4794921875,-28.107421875,
0.896,-58.77734375,79.6376953125,-15.4150390625,
0.8965,-64.462890625,73.431640625,-4.00390625,
0.897,-70.1884765625,67.9462890625,7.927734375,
0.8975,-75.833984375,60.4990234375,20.5400390625,
0.898,-79.8779296875,53.1318359375,31.5107421875,
0.8985,-80.5986328125,40.359375,44.3232421875,
0.899,-78.5966796875,30.990234375,49.7685546875,
0.8995,-73.7119140625,17.3369140625,57.3759765625,
0.9,-72.1103515625,7.1669921875,64.2626953125,
0.9005,-68.1865234375,-6.9267578125,73.3515625,
0.901,-62.6611328125,-18.017578125,78.396484375,
0.9015,-53.4521484375,-29.4287109375,80.23828125,
0.902,-42.041015625,-39.87890625,79.4375,
0.9025,-32.431640625,-48.4072265625,79.0771484375,
0.903,-21.140625,-57.6962890625,76.634765625,
0.9035,-9.689453125,-66.5849609375,75.0732421875,
0.904,2.0419921875,-72.6708984375,69.5478515625,
0.9045,13.93359375,-75.353515625,60.69921875,
0.905,24.6240234375,-77.1953125,51.3701171875,
0.9055,37.716796875,-79.3974609375,39.7587890625,
0.906,47.0859375,-81.0791015625,31.9912109375,
0.9065,56.6953125,-78.15625,18.2177734375,
0.907,63.7021484375,-75.9140625,9.12890625,
0.9075,69.9482421875,-68.626953125,-5.4453125,
0.908,73.671875,-62.7412109375,-14.6142578125,
0.9085,78.6767578125,-54.5732421875,-27.7470703125,
0.909,80.87890625,-45.404296875,-38.7978515625,
0.9095,81.4794921875,-36.3955078125,-48.4072265625,
0.91,78.31640625,-25.5048828125,-54.1328125,
0.9105,75.59375,-14.494140625,-61.099609375,
0.911,71.1494140625,-1.76171875,-68.787109375,
0.9115,66.7451171875,9.8896484375,-75.11328125,
0.912,59.09765625,22.3017578125,-79.7578125,
0.9125,47.966796875,34.6337890625,-80.798828125,
0.913,38.1171875,44.0029296875,-80.9990234375,
0.9135,24.6640625,51.6904296875,-74.953125,
0.914,15.6953125,59.6982421875,-74.953125,
0.9145,0.560546875,70.5888671875,-70.46875,
0.915,-9.6494140625,76.1943359375,-66.1044921875,
0.9155,-22.3818359375,79.357421875,-55.654296875,
0.916,-33.0322265625,79.7978515625,-44.8837890625,
0.9165,-43.72265625,80.9990234375,-34.9541015625,
0.917,-52.5712890625,80.078125,-23.703125,
0.9175,-62.140625,80.1982421875,-13.6533203125,
0.918,-69.0673828125,75.513671875,-0.9208984375,
0.9185,-73.0712890625,68.3466796875,9.9296875,
0.919,-76.1943359375,59.9384765625,21.701171875,
0.9195,-79.91796875,50.44921875,34.193359375,
0.92,-81.6396484375,42.0009765625,44.763671875,
0.9205,-80.3583984375,29.2685546875,53.9326171875,
0.921,-78.4765625,19.619140625,59.09765625,
0.9215,-72.6708984375,4.7646484375,67.10546875,
0.922,-68.06640625,-5.6455078125,71.4296875,
0.9225,-61.419921875,-18.8583984375,77.755859375,
0.923,-53.0517578125,-31.23046875,80.958984375,
0.9235,-43.322265625,-40.7197265625,81.0791015625,
0.924,-31.470703125,-49.087890625,78.076171875,
0.9245,-21.0205078125,-54.7333984375,73.7119140625,
0.925,-9.4091796875,-63.421875,70.94921875,
0.9255,3.4033203125,-71.2294921875,66.9052734375,
0.926,14.57421875,-76.5947265625,60.8994140625,
0.9265,27.5068359375,-79.27734375,50.4091796875,
0.927,37.3564453125,-80.158203125,41,
0.9275,48.607421875,-78.95703125,27.9072265625,
0.928,54.5732421875,-77.8359375,20.740234375,
0.9285,66.3046875,-76.1142578125,6.2060546875,
0.929,72.310546875,-72.3505859375,-3.4833984375,
0.9295,76.1142578125,-64.0224609375,-16.17578125,
0.93,78.396484375,-54.93359375,-27.0263671875,
0.9305,80.23828125,-45.7646484375,-37.4765625,
0.931,80.71875,-35.2744140625,-48.2470703125,
0.9315,80.55859375,-25.9453125,-55.494140625,
0.932,77.1953125,-14.2939453125,-63.1416015625,
0.9325,70.46875,-2.2021484375,-67.3857421875,
0.933,64.3427734375,8.96875,-71.91015625,
0.9335,56.375,22.0615234375,-76.634765625,
0.934,48.927734375,33.873046875,-81.0791015625,
0.9345,36.4755859375,45.564453125,-80.2783203125,
0.935,27.8271484375,51.169921875,-78.0361328125,
0.9355,13.453125,60.6591796875,-73.03125,
0.936,3.2431640625,68.1064453125,-70.8291015625,
0.9365,-10.890625,77.115234375,-65.18359375,
0.937,-22.1015625,81.51953125,-58.8173828125,
0.9375,-33.5126953125,81.4794921875,-48.0869140625,
0.938,-43.2421875,81.4794921875,-35.8349609375,
0.9385,-50.4091796875,80.4384765625,-26.42578125,
0.939,-58.9375,78.396484375,-14.09375,
0.9395,-68.2265625,76.5546875,-3.203125,
0.94,-74.15234375,70.4287109375,9.44921875,
0.9405,-76.5546875,61.1396484375,20.6201171875,
0.941,-77.755859375,51.169921875,31.3505859375,
0.9415,-78.076171875,38.5576171875,43.40234375,
0.942,-79.59765625,30.4296875,51.41015625,
0.9425,-76.9150390625,17.13671875,60.859375,
0.943,-75.353515625,7.046875,67.505859375,
0.9435,-67.986328125,-7.287109375,73.3916015625,
0.944,-61.2197265625,-17.697265625,76.3544921875,
0.9445,-52.2509765625,-30.3896484375,80.078125,
0.945,-42.44140625,-42.041015625,81.279296875,
0.9455,-33.1923828125,-51.0498046875,81.4794921875,
0.946,-21.3408203125,-58.376953125,77.9560546875,
0.9465,-9.4091796875,-65.0234375,73.271484375,
0.947,3.04296875,-71.109375,66.9453125,
0.9475,15.4951171875,-76.875,60.5791015625,
0.948,27.3466796875,-80.5986328125,52.130859375,
0.9485,40.19921875,-81.6396484375,39.8388671875,
0.949,47.4462890625,-80.55859375,30.75,
0.9495,56.0546875,-75.7138671875,16.4560546875,
0.95,64.302734375,-74.6328125,7.3271484375,
0.9505,73.9521484375,-70.6689453125,-7.4072265625,
0.951,79.5576171875,-65.50390625,-17.857421875,
0.9515,81.4794921875,-56.0546875,-29.3486328125,
0.952,81.4794921875,-44.4833984375,-40.0390625,
0.9525,81.4794921875,-35.0341796875,-48.447265625,
0.953,79.91796875,-25.0244140625,-56.4150390625,
0.9535,79.037109375,-13.0927734375,-65.7041015625,
0.954,74.9931640625,-1.5615234375,-72.470703125,
0.9545,65.7841796875,11.3310546875,-75.353515625,
0.955,56.935546875,22.2216796875,-77.1953125,
0.9555,45.6044921875,35.875,-79.837890625,
0.956,36.755859375,45.9248046875,-81.359375,
0.9565,23.8232421875,56.4150390625,-79.0771484375,
0.957,13.052734375,63.7421875,-76.2744140625,
0.9575,-0.720703125,70.62890625,-69.3076171875,
0.958,-12.1318359375,75.4736328125,-62.9814453125,
0.9585,-24.50390625,80.5185546875,-54.9736328125,
0.959,-37.1962890625,81.51953125,-44.9638671875,
0.9595,-47.1259765625,81.4794921875,-35.2744140625,
0.96,-53.8525390625,81.439453125,-23.703125,
0.9605,-61.740234375,79.27734375,-12.0517578125,
0.961,-69.5478515625,75.9140625,-0.2802734375,
0.9615,-76.794921875,69.9482421875,12.4521484375,
0.962,-81.2392578125,63.1015625,23.8232421875,
0.9625,-81.6396484375,51.41015625,36.1552734375,
0.963,-81.6396484375,40.6796875,45.2041015625,
0.9635,-78.7568359375,27.6669921875,53.412109375,
0.964,-78.31640625,17.77734375,60.859375,
0.9645,-75.4736328125,3.4833984375,71.029296875,
0.965,-70.94921875,-7.4072265625,75.9140625,
0.9655,-61.3798828125,-20.1396484375,78.95703125,
0.966,-51.2900390625,-30.990234375,79.4375,
0.9665,-41.080078125,-41.80078125,80.1181640625,
0.967,-30.5498046875,-51.25,79.2373046875,
0.9675,-20.5,-59.017578125,77.9560546875,
0.968,-8.728515625,-66.46484375,73.6318359375,
0.9685,3.763671875,-71.6298828125,67.10546875,
0.969,15.4150390625,-75.833984375,59.2578125,
0.9695,28.5478515625,-80.23828125,50.44921875,
0.97,40.4794921875,-81.6396484375,41.9208984375,
0.9705,50.5693359375,-81.6396484375,28.98828125,
0.971,55.4541015625,-79.59765625,20.8603515625,
0.9715,64.1025390625,-73.83203125,5.8056640625,
0.972,70.7890625,-70.869140625,-3.68359375,
0.9725,78.15625,-64.3427734375,-18.017578125,
0.973,81.4794921875,-57.2158203125,-28.828125,
0.9735,81.4794921875,-46.4853515625,-39.5986328125,
0.974,80.078125,-34.7939453125,-47.7666015625,
0.9745,78.236328125,-24.904296875,-54.29296875,
0.975,76.1142578125,-12.97265625,-63.3818359375,
0.9755,73.6318359375,-1.2412109375,-71.4697265625,
0.976,67.986328125,10.6103515625,-76.9150390625,
0.9765,58.0166015625,22.7021484375,-78.7568359375,
0.977,48.4072265625,33.392578125,-80.158203125,
0.9775,35.5947265625,45.2841796875,-79.0771484375,
0.978,27.8671875,52.5712890625,-79.6376953125,
0.9785,13.7734375,64.7431640625,-77.3955078125,
0.979,3.0830078125,71.7900390625,-74.47265625,
0.9795,-10.1298828125,76.3544921875,-65.3837890625,
0.98,-21.5810546875,79.5576171875,-56.775390625,
0.9805,-33.232421875,81.4794921875,-46.845703125,
0.981,-45.083984375,81.51953125,-35.9150390625,
0.9815,-52.7314453125,81.4794921875,-26.7861328125,
0.982,-59.658203125,79.837890625,-14.7744140625,
0.9825,-65.9443359375,73.591796875,-2.642578125,
0.983,-71.4697265625,67.9462890625,9.3291015625,
0.9835,-77.3955078125,60.5390625,22.26171875,
0.984,-81.2392578125,52.7314453125,33.6328125,
0.9845,-81.6396484375,40.119140625,46.6455078125,
0.985,-80.5986328125,30.669921875,51.7705078125,
0.9855,-77.2353515625,16.255859375,61.66015625,
0.986,-74.9931640625,5.3251953125,68.5869140625,
0.9865,-71.4697265625,-8.0478515625,77.67578125,
0.987,-64.86328125,-20.5,81.51953125,
0.9875,-55.013671875,-31.150390625,81.51953125,
0.988,-42.361328125,-41.720703125,80.958984375,
0.9885,-31.7509765625,-49.5283203125,79.59765625,
0.989,-21.1806640625,-58.4970703125,77.99609375,
0.9895,-8.1279296875,-68.5068359375,75.75390625,
0.99,2.72265625,-74.8330078125,71.109375,
0.9905,16.015625,-77.7158203125,60.8994140625,
0.991,26.42578125,-78.31640625,50.689453125,
0.9915,39.55859375,-79.8779296875,38.3173828125,
0.992,49.2080078125,-80.9189453125,29.94921875,
0.9925,59.498046875,-79.677734375,16.9765625,
0.993,67.4658203125,-77.916015625,7.046875,
0.9935,73.7119140625,-71.26953125,-6.7265625,
0.994,77.8759765625,-64.54296875,-17.1767578125,
0.9945,81.4794921875,-56.2548828125,-29.9892578125,
0.995,81.4794921875,-46.365234375,-41.640625,
0.9955,81.4794921875,-36.8759765625,-50.689453125,
0.996,81.4794921875,-25.224609375,-57.9365234375,
0.9965,77.916015625,-12.8125,-64.4228515625,
0.997,73.1513671875,-1.1611328125,-70.7490234375,
0.9975,67.265625,11.8515625,-77.115234375,
0.998,59.7783203125,24.0234375,-81.5595703125,
0.9985,48.046875,36.67578125,-81.6396484375,
0.999,37.31640625,45.7646484375,-81.51953125,
0.9995,23.6630859375,53.8525390625,-75.673828125,