Date,2021-01-26 18:16:12
Filename,STFCB-20200928-0105-0106_20210126_181504_002.dat
Data Label,정상
Label No,00
Motor Spec,L-EF-04,1730,2.2,8.2,
Period,1SEC
Sample Rate,2000
RMS,2.8861,3.03173,2.87944,
Data Length,2000,
0,3.4833984375,-3.8837890625,-0.240234375,
0.0005,3.84375,-3.443359375,-1.041015625,
0.001,4.083984375,-3.04296875,-1.8017578125,
0.0015,4.244140625,-1.9619140625,-2.72265625,
0.002,3.7236328125,-0.8408203125,-3.4033203125,
0.0025,3.283203125,-0.16015625,-3.68359375,
0.003,2.8828125,0.4404296875,-4.1240234375,
0.0035,2.5224609375,1.28125,-4.1240234375,
0.004,1.921875,1.9619140625,-4.244140625,
0.0045,0.880859375,3.1630859375,-4.484375,
0.005,-0.080078125,3.283203125,-3.9638671875,
0.0055,-0.5205078125,3.5234375,-3.3232421875,
0.006,-1.0810546875,3.84375,-3.0830078125,
0.0065,-1.8818359375,4.083984375,-2.5625,
0.007,-2.2822265625,4.32421875,-1.841796875,
0.0075,-3.36328125,4.0439453125,-0.9609375,
0.008,-3.36328125,3.5634765625,-0.2802734375,
0.0085,-3.763671875,3.3232421875,0.240234375,
0.009,-3.84375,2.72265625,0.7607421875,
0.0095,-4.1640625,2.482421875,1.4013671875,
0.01,-4.00390625,1.44140625,2.3623046875,
0.0105,-3.5634765625,0.560546875,2.8828125,
0.011,-3.36328125,-0.080078125,3.1630859375,
0.0115,-3.04296875,-0.640625,3.3232421875,
0.012,-2.4423828125,-1.28125,3.5634765625,
0.0125,-2.2822265625,-1.9619140625,3.84375,
0.013,-1.2412109375,-2.802734375,3.68359375,
0.0135,-0.560546875,-3.203125,3.36328125,
0.014,0.2001953125,-3.4033203125,2.8427734375,
0.0145,0.560546875,-3.84375,2.6826171875,
0.015,1.1611328125,-4.3642578125,2.5625,
0.0155,2.40234375,-4.2841796875,1.6416015625,
0.016,2.6025390625,-4.083984375,0.8408203125,
0.0165,2.9228515625,-3.8037109375,0.2802734375,
0.017,3.203125,-3.603515625,-0.16015625,
0.0175,3.36328125,-3.203125,-0.5205078125,
0.018,3.84375,-2.9228515625,-1.6015625,
0.0185,3.8037109375,-1.521484375,-2.3623046875,
0.019,3.36328125,-1.0810546875,-2.9228515625,
0.0195,3.123046875,-0.80078125,-3.2431640625,
0.02,2.8828125,0.2802734375,-3.6435546875,
0.0205,2.482421875,1.0009765625,-4.00390625,
0.021,1.7216796875,1.9619140625,-4.0439453125,
0.0215,0.80078125,2.6826171875,-4.00390625,
0.022,0.080078125,2.8427734375,-3.4033203125,
0.0225,-0.3603515625,3.283203125,-3.283203125,
0.023,-1.12109375,3.4833984375,-2.72265625,
0.0235,-1.8017578125,3.9638671875,-2.5224609375,
0.024,-2.7626953125,3.8037109375,-1.4013671875,
0.0245,-2.8828125,3.4833984375,-0.9208984375,
0.025,-3.443359375,3.0830078125,-0.3603515625,
0.0255,-3.3232421875,3.123046875,0.1201171875,
0.026,-3.203125,2.5625,0.8408203125,
0.0265,-3.8837890625,1.681640625,1.7216796875,
0.027,-3.5634765625,0.9208984375,2.3623046875,
0.0275,-3.283203125,0.3603515625,2.6025390625,
0.028,-3.04296875,-0.3203125,3.283203125,
0.0285,-2.802734375,-0.80078125,3.2431640625,
0.029,-2.8427734375,-1.6015625,3.5234375,
0.0295,-1.5615234375,-2.2822265625,3.5634765625,
0.03,-1.0009765625,-2.40234375,3.4033203125,
0.0305,-0.2802734375,-3.0830078125,3.123046875,
0.031,0.2001953125,-3.443359375,2.8427734375,
0.0315,0.9609375,-3.84375,2.482421875,
0.032,1.5615234375,-4.00390625,2.0419921875,
0.0325,2.40234375,-4.0439453125,1.12109375,
0.033,2.482421875,-3.763671875,0.48046875,
0.0335,2.8828125,-3.5634765625,0.16015625,
0.034,3.3232421875,-3.283203125,-0.5205078125,
0.0345,3.603515625,-2.9228515625,-1.201171875,
0.035,3.68359375,-2.0419921875,-2.1220703125,
0.0355,3.36328125,-1.1611328125,-2.72265625,
0.036,3.04296875,-0.640625,-3.0830078125,
0.0365,2.8427734375,0.0400390625,-3.5634765625,
0.037,2.4423828125,0.8408203125,-3.84375,
0.0375,2.08203125,1.6416015625,-4.7646484375,
0.038,0.9609375,2.5625,-4.00390625,
0.0385,0.3603515625,2.8828125,-3.68359375,
0.039,-0.2802734375,3.2431640625,-3.4033203125,
0.0395,-1.44140625,3.6435546875,-3.04296875,
0.04,-1.681640625,3.9638671875,-2.72265625,
0.0405,-2.7626953125,4.4443359375,-1.6015625,
0.041,-3.3232421875,3.84375,-1.0009765625,
0.0415,-3.36328125,3.443359375,-0.400390625,
0.042,-3.6435546875,3.1630859375,0.16015625,
0.0425,-3.923828125,2.6826171875,1.0009765625,
0.043,-4.1240234375,2.08203125,1.681640625,
0.0435,-4.2041015625,1.041015625,2.802734375,
0.044,-3.5234375,0.2802734375,2.8427734375,
0.0445,-3.2431640625,-0.5205078125,3.36328125,
0.045,-2.8427734375,-1.0009765625,3.4833984375,
0.0455,-2.4423828125,-1.8017578125,3.84375,
0.046,-1.6015625,-2.642578125,3.9638671875,
0.0465,-0.5205078125,-3.4833984375,3.4833984375,
0.047,-0.2802734375,-3.5634765625,2.9228515625,
0.0475,0.6806640625,-3.7236328125,3.0029296875,
0.048,1.201171875,-3.9638671875,2.40234375,
0.0485,1.921875,-4.32421875,1.921875,
0.049,2.6826171875,-4.2041015625,1.0009765625,
0.0495,3.0029296875,-3.84375,0.400390625,
0.05,2.802734375,-3.443359375,0,
0.0505,3.2431640625,-3.0830078125,-0.5205078125,
0.051,3.3232421875,-2.72265625,-1.1611328125,
0.0515,3.603515625,-2.0419921875,-2.08203125,
0.052,3.36328125,-1.201171875,-2.642578125,
0.0525,3.04296875,-0.6005859375,-2.962890625,
0.053,2.8427734375,0,-3.283203125,
0.0535,2.5224609375,0.5205078125,-3.603515625,
0.054,2.5224609375,1.0009765625,-4.00390625,
0.0545,1.28125,2.0419921875,-3.763671875,
0.055,0.6806640625,2.7626953125,-3.603515625,
0.0555,0.080078125,2.72265625,-3.203125,
0.056,-0.4404296875,3.1630859375,-3.1630859375,
0.0565,-1.0810546875,3.5234375,-2.8427734375,
0.057,-1.8017578125,3.68359375,-2.08203125,
0.0575,-2.322265625,3.203125,-1.5615234375,
0.058,-2.5625,3.36328125,-1.041015625,
0.0585,-2.8427734375,3.5234375,-0.3603515625,
0.059,-3.36328125,2.9228515625,0.16015625,
0.0595,-3.8037109375,2.72265625,0.720703125,
0.06,-3.8037109375,1.841796875,1.681640625,
0.0605,-3.5634765625,1.041015625,2.162109375,
0.061,-3.203125,0.400390625,2.5224609375,
0.0615,-2.8828125,0,3.123046875,
0.062,-2.8427734375,-0.8408203125,3.443359375,
0.0625,-2.4423828125,-1.6416015625,3.9638671875,
0.063,-1.4013671875,-2.5625,3.5634765625,
0.0635,-0.80078125,-2.9228515625,3.3232421875,
0.064,-0.16015625,-3.2431640625,3.0830078125,
0.0645,0.4404296875,-3.7236328125,3.0029296875,
0.065,1.12109375,-4.1640625,2.3623046875,
0.0655,2.2021484375,-4.5244140625,1.6416015625,
0.066,2.642578125,-4.00390625,0.880859375,
0.0665,2.9228515625,-3.7236328125,0.2802734375,
0.067,3.203125,-3.4833984375,-0.240234375,
0.0675,3.443359375,-2.962890625,-1.0009765625,
0.068,3.84375,-2.8828125,-1.76171875,
0.0685,3.603515625,-1.5615234375,-2.642578125,
0.069,3.0029296875,-0.6806640625,-3.0029296875,
0.0695,2.9228515625,0.1201171875,-3.5234375,
0.07,2.802734375,0.560546875,-3.763671875,
0.0705,2.2421875,1.3212890625,-4.083984375,
0.071,1.4814453125,2.2822265625,-4.2041015625,
0.0715,0.4404296875,2.9228515625,-3.8037109375,
0.072,0.5205078125,3.1630859375,-3.5634765625,
0.0725,-0.7607421875,3.3232421875,-3.0029296875,
0.073,-1.44140625,3.68359375,-2.8828125,
0.0735,-2.2021484375,4.1240234375,-2.2822265625,
0.074,-3.1630859375,3.9638671875,-1.1611328125,
0.0745,-3.203125,3.5634765625,-0.640625,
0.075,-3.4033203125,3.203125,-0.080078125,
0.0755,-3.5634765625,2.8427734375,0.560546875,
0.076,-3.8037109375,2.5625,0.9609375,
0.0765,-4.00390625,1.841796875,1.8818359375,
0.077,-3.68359375,0.6806640625,2.6826171875,
0.0775,-3.283203125,0.16015625,2.8828125,
0.078,-3.04296875,-0.4404296875,3.1630859375,
0.0785,-2.802734375,-1.0810546875,3.5234375,
0.079,-2.40234375,-1.5615234375,3.7236328125,
0.0795,-1.1611328125,-3.0830078125,3.763671875,
0.08,-0.640625,-3.203125,3.5234375,
0.0805,-0.080078125,-3.4033203125,3.0029296875,
0.081,0.400390625,-3.7236328125,2.802734375,
0.0815,1.1611328125,-4.00390625,2.40234375,
0.082,1.921875,-4.2841796875,1.921875,
0.0825,2.6826171875,-4.1240234375,0.48046875,
0.083,2.7626953125,-3.68359375,0.48046875,
0.0835,3.04296875,-3.5634765625,0.2802734375,
0.084,3.3232421875,-3.2431640625,-0.640625,
0.0845,3.5634765625,-2.8427734375,-1.28125,
0.085,3.6435546875,-1.9619140625,-2.2021484375,
0.0855,3.283203125,-1.12109375,-2.72265625,
0.086,2.962890625,-0.400390625,-3.04296875,
0.0865,2.8427734375,0.2802734375,-3.4033203125,
0.087,2.5224609375,0.6806640625,-3.7236328125,
0.0875,2.0419921875,1.521484375,-3.923828125,
0.088,1.0810546875,2.40234375,-3.8837890625,
0.0885,0.4404296875,2.6826171875,-3.5634765625,
0.089,-0.16015625,3.0029296875,-3.3232421875,
0.0895,-0.7607421875,3.443359375,-3.3232421875,
0.09,-1.4814453125,3.84375,-3.0830078125,
0.0905,-2.322265625,4.1240234375,-2.001953125,
0.091,-2.962890625,3.68359375,-1.041015625,
0.0915,-3.1630859375,3.36328125,-0.6005859375,
0.092,-3.443359375,3.123046875,0,
0.0925,-3.763671875,2.802734375,0.6806640625,
0.093,-3.9638671875,2.2421875,1.2412109375,
0.0935,-3.8837890625,1.3212890625,2.2822265625,
0.094,-3.5634765625,0.48046875,2.482421875,
0.0945,-3.283203125,0,3.04296875,
0.095,-3.0029296875,-0.6806640625,3.443359375,
0.0955,-2.6826171875,-1.4814453125,3.84375,
0.096,-1.841796875,-2.482421875,3.923828125,
0.0965,-0.880859375,-3.1630859375,3.5634765625,
0.097,-0.3203125,-3.203125,3.1630859375,
0.0975,0.400390625,-3.84375,3.0029296875,
0.098,1.1611328125,-4.083984375,2.40234375,
0.0985,1.9619140625,-4.5244140625,2.0419921875,
0.099,2.8828125,-4.404296875,1.0009765625,
0.0995,3.1630859375,-4.1240234375,0.4404296875,
0.1,3.36328125,-3.603515625,-0.240234375,
0.1005,3.6435546875,-3.1630859375,-1.1611328125,
0.101,3.9638671875,-3.04296875,-1.44140625,
0.1015,4.083984375,-2.08203125,-2.8427734375,
0.102,3.68359375,-1.0009765625,-3.203125,
0.1025,3.3232421875,-0.2802734375,-3.5634765625,
0.103,3.0029296875,0.3203125,-3.84375,
0.1035,2.5224609375,1.12109375,-4.1640625,
0.104,2.162109375,1.8818359375,-4.5244140625,
0.1045,0.9208984375,3.2431640625,-4.1240234375,
0.105,0.0400390625,3.36328125,-3.8837890625,
0.1055,-0.6005859375,3.6435546875,-3.5234375,
0.106,-1.1611328125,4.0439453125,-3.203125,
0.1065,-2.1220703125,4.32421875,-2.5224609375,
0.107,-2.962890625,4.484375,-1.8017578125,
0.1075,-3.763671875,4.1240234375,-0.640625,
0.108,-3.8837890625,3.68359375,-0.16015625,
0.1085,-3.9638671875,3.283203125,0.16015625,
0.109,-4.1640625,2.802734375,1.0810546875,
0.1095,-4.484375,2.2421875,1.921875,
0.11,-4.32421875,1.12109375,2.9228515625,
0.1105,-3.84375,0.240234375,3.283203125,
0.111,-3.4033203125,-0.5205078125,4.1240234375,
0.1115,-3.1630859375,-1.0009765625,4.00390625,
0.112,-2.5224609375,-1.8818359375,4.6044921875,
0.1125,-2.001953125,-2.72265625,4.32421875,
0.113,-0.6806640625,-3.68359375,3.923828125,
0.1135,-0.0400390625,-3.8037109375,3.443359375,
0.114,0.6005859375,-3.9638671875,3.0029296875,
0.1145,1.201171875,-4.3642578125,2.72265625,
0.115,1.9619140625,-4.564453125,2.6826171875,
0.1155,2.8828125,-4.64453125,1.1611328125,
0.116,3.36328125,-4.244140625,0.3603515625,
0.1165,3.5234375,-3.84375,-0.16015625,
0.117,3.68359375,-3.443359375,-0.720703125,
0.1175,3.8837890625,-3.0029296875,-1.44140625,
0.118,4.2041015625,-2.5224609375,-2.2021484375,
0.1185,3.8837890625,-1.2412109375,-3.0830078125,
0.119,3.4833984375,-0.6806640625,-3.2431640625,
0.1195,3.0830078125,0.2001953125,-3.68359375,
0.12,2.8427734375,0.7607421875,-4.1240234375,
0.1205,2.40234375,1.521484375,-4.3642578125,
0.121,1.6015625,2.40234375,-4.5244140625,
0.1215,0.4404296875,3.203125,-4.1240234375,
0.122,-0.16015625,3.3232421875,-3.5634765625,
0.1225,-0.8408203125,3.8837890625,-2.9228515625,
0.123,-1.5615234375,4.1240234375,-3.0029296875,
0.1235,-2.3623046875,4.484375,-2.482421875,
0.124,-3.36328125,4.32421875,-1.3212890625,
0.1245,-3.7236328125,3.9638671875,-0.6005859375,
0.125,-3.8837890625,3.5634765625,0,
0.1255,-4.1240234375,3.1630859375,0.9208984375,
0.126,-4.404296875,2.642578125,1.361328125,
0.1265,-4.564453125,1.921875,2.322265625,
0.127,-4.1640625,0.6005859375,3.283203125,
0.1275,-3.7236328125,-0.080078125,3.5234375,
0.128,-3.4833984375,-0.720703125,3.8037109375,
0.1285,-2.962890625,-1.5615234375,4.1240234375,
0.129,-2.482421875,-2.4423828125,4.4443359375,
0.1295,-1.3212890625,-3.443359375,4.484375,
0.13,-0.2802734375,-4.0439453125,3.8037109375,
0.1305,0.400390625,-4.1640625,3.3232421875,
0.131,1.0009765625,-4.5244140625,3.04296875,
0.1315,2.0419921875,-4.884765625,2.40234375,
0.132,3.04296875,-5.0048828125,1.521484375,
0.1325,3.763671875,-4.64453125,0.48046875,
0.133,3.9638671875,-4.2041015625,0.080078125,
0.1335,4.083984375,-3.8037109375,-0.6806640625,
0.134,4.2041015625,-3.203125,-1.521484375,
0.1345,4.5244140625,-2.642578125,-2.40234375,
0.135,4.404296875,-1.44140625,-3.5234375,
0.1355,3.84375,-0.4404296875,-3.923828125,
0.136,3.283203125,0.3203125,-4.244140625,
0.1365,2.962890625,0.9208984375,-4.5244140625,
0.137,2.2822265625,1.921875,-4.8447265625,
0.1375,1.6015625,2.8427734375,-4.8447265625,
0.138,0.3203125,3.7236328125,-4.4443359375,
0.1385,-0.3603515625,3.9638671875,-4.00390625,
0.139,-1.041015625,4.1240234375,-3.443359375,
0.1395,-1.7216796875,4.4443359375,-3.0830078125,
0.14,-2.6025390625,4.8046875,-2.482421875,
0.1405,-3.68359375,4.64453125,-1.28125,
0.141,-4.00390625,4.1640625,-0.5205078125,
0.1415,-4.2041015625,3.7236328125,0.16015625,
0.142,-4.32421875,3.3232421875,0.7607421875,
0.1425,-4.4443359375,2.6025390625,1.5615234375,
0.143,-4.6845703125,2.08203125,2.322265625,
0.1435,-4.3642578125,0.720703125,3.36328125,
0.144,-3.84375,0,3.5234375,
0.1445,-3.4033203125,-0.7607421875,3.8837890625,
0.145,-3.1630859375,-1.361328125,4.1240234375,
0.1455,-2.5625,-2.2822265625,4.4443359375,
0.146,-1.681640625,-3.123046875,4.404296875,
0.1465,-0.48046875,-3.84375,3.923828125,
0.147,0.1201171875,-4.0439453125,3.4033203125,
0.1475,0.720703125,-4.32421875,3.04296875,
0.148,1.521484375,-4.564453125,2.5625,
0.1485,2.2822265625,-4.9248046875,2.162109375,
0.149,3.3232421875,-4.64453125,0.880859375,
0.1495,3.4833984375,-4.244140625,0.2802734375,
0.15,3.68359375,-3.84375,-0.400390625,
0.1505,3.9638671875,-3.5634765625,-0.9208984375,
0.151,4.1240234375,-2.8828125,-1.7216796875,
0.1515,4.2041015625,-2.2822265625,-2.5224609375,
0.152,3.84375,-1.0009765625,-3.443359375,
0.1525,3.4033203125,-0.3603515625,-3.603515625,
0.153,3.0029296875,0.3203125,-3.8837890625,
0.1535,2.72265625,1.041015625,-4.244140625,
0.154,2.2421875,1.841796875,-4.564453125,
0.1545,1.12109375,2.8427734375,-4.4443359375,
0.155,0.240234375,3.3232421875,-3.9638671875,
0.1555,-0.400390625,3.603515625,-3.603515625,
0.156,-1.0009765625,3.8837890625,-3.283203125,
0.1565,-1.8017578125,4.2841796875,-2.7626953125,
0.157,-2.642578125,4.564453125,-2.2021484375,
0.1575,-3.603515625,4.2841796875,-1.0009765625,
0.158,-3.6435546875,3.84375,-0.400390625,
0.1585,-4.00390625,3.4833984375,0.2001953125,
0.159,-4.2041015625,3.1630859375,0.80078125,
0.1595,-4.5244140625,2.5625,1.6416015625,
0.16,-4.484375,1.5615234375,2.6826171875,
0.1605,-4.0439453125,0.400390625,3.4033203125,
0.161,-3.68359375,-0.240234375,3.5634765625,
0.1615,-3.36328125,-0.9208984375,3.923828125,
0.162,-2.8828125,-1.76171875,4.3642578125,
0.1625,-2.2021484375,-2.72265625,4.564453125,
0.163,-0.9208984375,-3.7236328125,4.2041015625,
0.1635,-0.0400390625,-4.1240234375,3.763671875,
0.164,0.560546875,-4.32421875,3.36328125,
0.1645,1.3212890625,-4.6044921875,2.8427734375,
0.165,2.2822265625,-5.044921875,2.322265625,
0.1655,3.283203125,-5.044921875,1.2412109375,
0.166,3.923828125,-4.6044921875,0.2001953125,
0.1665,3.9638671875,-4.083984375,-0.3603515625,
0.167,4.1640625,-3.7236328125,-1.0009765625,
0.1675,4.3642578125,-3.0830078125,-1.8818359375,
0.168,4.564453125,-2.40234375,-2.7626953125,
0.1685,4.2041015625,-1.12109375,-3.7236328125,
0.169,3.763671875,-0.16015625,-4.1640625,
0.1695,3.1630859375,0.48046875,-4.2041015625,
0.17,2.8427734375,1.201171875,-4.5244140625,
0.1705,2.2421875,2.162109375,-4.884765625,
0.171,1.1611328125,3.203125,-4.8447265625,
0.1715,0.080078125,3.763671875,-4.244140625,
0.172,-0.640625,4.00390625,-3.8037109375,
0.1725,-1.2412109375,4.2041015625,-3.443359375,
0.173,-2.0419921875,4.484375,-2.72265625,
0.1735,-2.8828125,4.8046875,-2.2421875,
0.174,-3.8837890625,4.5244140625,-0.9609375,
0.1745,-4.083984375,4.083984375,-0.3203125,
0.175,-4.1640625,3.4833984375,0.400390625,
0.1755,-4.3642578125,3.1630859375,0.9208984375,
0.176,-4.5244140625,2.5224609375,1.7216796875,
0.1765,-4.564453125,1.6015625,2.6025390625,
0.177,-4.1240234375,0.48046875,3.2431640625,
0.1775,-3.7236328125,-0.2001953125,3.6435546875,
0.178,-3.283203125,-0.80078125,3.84375,
0.1785,-2.8828125,-1.521484375,4.1240234375,
0.179,-2.5224609375,-2.2822265625,4.484375,
0.1795,-1.28125,-3.4033203125,4.2841796875,
0.18,-0.400390625,-3.6435546875,3.763671875,
0.1805,0.2802734375,-4.0439453125,3.3232421875,
0.181,0.80078125,-4.32421875,3.0830078125,
0.1815,1.6416015625,-4.564453125,2.482421875,
0.182,2.482421875,-4.8046875,1.921875,
0.1825,3.3232421875,-4.5244140625,0.6806640625,
0.183,3.4833984375,-4.1240234375,0.16015625,
0.1835,3.6435546875,-3.7236328125,-0.5205078125,
0.184,3.923828125,-3.443359375,-1.0009765625,
0.1845,4.244140625,-2.962890625,-1.8017578125,
0.185,4.1240234375,-1.9619140625,-2.802734375,
0.1855,3.68359375,-0.9609375,-3.3232421875,
0.186,3.3232421875,-0.16015625,-3.7236328125,
0.1865,3.0029296875,0.4404296875,-3.9638671875,
0.187,2.5224609375,1.2412109375,-4.244140625,
0.1875,2.08203125,1.9619140625,-4.564453125,
0.188,0.7607421875,3.0830078125,-4.32421875,
0.1885,0.1201171875,3.2431640625,-3.84375,
0.189,-0.6005859375,3.6435546875,-3.4833984375,
0.1895,-1.1611328125,3.9638671875,-3.203125,
0.19,-2.001953125,4.2841796875,-2.6826171875,
0.1905,-2.9228515625,4.3642578125,-1.8017578125,
0.191,-3.5634765625,4.083984375,-0.8408203125,
0.1915,-3.68359375,3.68359375,-0.2802734375,
0.192,-3.84375,3.203125,0.2802734375,
0.1925,-4.1240234375,2.802734375,0.9609375,
0.193,-4.3642578125,2.2021484375,1.8017578125,
0.1935,-4.1640625,1.041015625,2.8427734375,
0.194,-3.68359375,0.3203125,3.0830078125,
0.1945,-3.36328125,-0.3603515625,3.4033203125,
0.195,-3.0029296875,-0.9609375,3.68359375,
0.1955,-2.6025390625,-1.7216796875,4.00390625,
0.196,-1.921875,-2.642578125,4.1640625,
0.1965,-0.6806640625,-3.443359375,3.763671875,
0.197,-0.16015625,-3.5634765625,3.2431640625,
0.1975,0.48046875,-3.8837890625,2.962890625,
0.198,1.12109375,-4.2041015625,2.6826171875,
0.1985,1.8818359375,-4.5244140625,2.162109375,
0.199,2.802734375,-4.4443359375,1.12109375,
0.1995,3.1630859375,-4.083984375,0.48046875,
0.2,3.283203125,-3.7236328125,-0.080078125,
0.2005,3.5234375,-3.4033203125,-0.640625,
0.201,3.84375,-3.04296875,-1.3212890625,
0.2015,3.9638671875,-2.3623046875,-2.2021484375,
0.202,3.68359375,-1.1611328125,-2.962890625,
0.2025,3.283203125,-0.5205078125,-3.203125,
0.203,3.04296875,0.080078125,-3.603515625,
0.2035,2.6826171875,0.6806640625,-3.8837890625,
0.204,2.3623046875,1.4013671875,-4.2841796875,
0.2045,1.44140625,2.40234375,-4.244140625,
0.205,0.48046875,3.0029296875,-3.84375,
0.2055,-0.1201171875,3.123046875,-3.4833984375,
0.206,-0.640625,3.5634765625,-3.2431640625,
0.2065,-1.44140625,3.923828125,-2.8828125,
0.207,-2.2822265625,4.2041015625,-2.2421875,
0.2075,-3.04296875,4.00390625,-1.28125,
0.208,-3.3232421875,3.6435546875,-0.640625,
0.2085,-3.5234375,3.3232421875,-0.1201171875,
0.209,-3.8037109375,2.9228515625,0.48046875,
0.2095,-4.1640625,2.6025390625,1.2412109375,
0.21,-4.1240234375,1.6416015625,2.2021484375,
0.2105,-3.8037109375,0.720703125,2.72265625,
0.211,-3.36328125,0,3.04296875,
0.2115,-3.203125,-0.560546875,3.4033203125,
0.212,-2.72265625,-1.3212890625,3.763671875,
0.2125,-2.2421875,-2.1220703125,3.9638671875,
0.213,-1.1611328125,-2.962890625,3.763671875,
0.2135,-0.48046875,-3.283203125,3.4033203125,
0.214,0.1201171875,-3.4833984375,2.962890625,
0.2145,0.640625,-3.84375,2.72265625,
0.215,1.4814453125,-4.2041015625,2.3623046875,
0.2155,2.40234375,-4.32421875,1.44140625,
0.216,2.7626953125,-4.00390625,0.7607421875,
0.2165,2.962890625,-3.7236328125,0.1201171875,
0.217,3.1630859375,-3.4833984375,-0.3603515625,
0.2175,3.4033203125,-2.9228515625,-1.0009765625,
0.218,3.763671875,-2.6025390625,-1.6416015625,
0.2185,3.5234375,-1.5615234375,-2.5625,
0.219,3.1630859375,-0.80078125,-2.8828125,
0.2195,2.8828125,-0.240234375,-3.1630859375,
0.22,2.72265625,0.3203125,-3.5234375,
0.2205,2.40234375,1.0009765625,-3.8837890625,
0.221,1.76171875,1.8017578125,-4.00390625,
0.2215,0.880859375,2.4423828125,-3.7236328125,
0.222,0.2802734375,2.802734375,-3.4033203125,
0.2225,-0.2802734375,3.04296875,-3.203125,
0.223,-0.9609375,3.4033203125,-2.8427734375,
0.2235,-1.5615234375,3.84375,-2.6826171875,
0.224,-2.4423828125,3.763671875,-1.6416015625,
0.2245,-2.6826171875,3.5234375,-1.1611328125,
0.225,-3.0830078125,3.1630859375,-0.5205078125,
0.2255,-3.4033203125,3.0830078125,0,
0.226,-3.6435546875,2.6826171875,0.6806640625,
0.2265,-3.8837890625,2.2021484375,1.361328125,
0.227,-3.68359375,1.201171875,2.2421875,
0.2275,-3.443359375,0.6005859375,2.5625,
0.228,-3.1630859375,0,2.8427734375,
0.2285,-2.962890625,-0.640625,3.3232421875,
0.229,-2.72265625,-1.3212890625,3.7236328125,
0.2295,-1.7216796875,-2.322265625,3.68359375,
0.23,-1.0009765625,-2.7626953125,3.4033203125,
0.2305,-0.3603515625,-3.1630859375,3.0830078125,
0.231,0.1201171875,-3.4833984375,2.9228515625,
0.2315,0.9609375,-3.84375,2.482421875,
0.232,1.7216796875,-4.2841796875,2.08203125,
0.2325,2.5625,-4.1240234375,1.0009765625,
0.233,2.6826171875,-3.8837890625,0.6005859375,
0.2335,3.0029296875,-3.4033203125,0,
0.234,3.283203125,-3.283203125,-0.5205078125,
0.2345,3.5634765625,-2.8427734375,-1.28125,
0.235,3.68359375,-1.9619140625,-2.2421875,
0.2355,3.36328125,-1.12109375,-2.8427734375,
0.236,3.0830078125,-0.5205078125,-3.123046875,
0.2365,2.7626953125,0.0400390625,-3.36328125,
0.237,2.482421875,0.80078125,-3.8037109375,
0.2375,2.0419921875,1.6015625,-4.1640625,
0.238,0.9208984375,2.6025390625,-3.8837890625,
0.2385,0.3603515625,2.802734375,-3.5634765625,
0.239,-0.2802734375,3.123046875,-3.2431640625,
0.2395,-0.8408203125,3.4833984375,-3.0029296875,
0.24,-1.6416015625,3.8037109375,-2.5625,
0.2405,-2.4423828125,3.9638671875,-1.8818359375,
0.241,-3.1630859375,3.6435546875,-1.0009765625,
0.2415,-3.1630859375,3.36328125,-0.5205078125,
0.242,-3.36328125,3.04296875,0.080078125,
0.2425,-3.7236328125,2.6826171875,0.6806640625,
0.243,-3.923828125,2.2021484375,1.4814453125,
0.2435,-3.84375,1.201171875,2.3623046875,
0.244,-3.5234375,0.48046875,2.72265625,
0.2445,-3.203125,-0.0400390625,3.0029296875,
0.245,-2.9228515625,-0.6806640625,3.2431640625,
0.2455,-2.6025390625,-1.4013671875,3.68359375,
0.246,-2.001953125,-2.162109375,3.84375,
0.2465,-0.9609375,-2.8828125,3.4833984375,
0.247,-0.400390625,-3.0830078125,3.0830078125,
0.2475,0.1201171875,-3.4033203125,2.8828125,
0.248,0.80078125,-3.84375,2.5625,
0.2485,1.44140625,-4.1640625,2.162109375,
0.249,2.2822265625,-4.1640625,1.28125,
0.2495,2.6826171875,-3.84375,0.640625,
0.25,2.8427734375,-3.5234375,0.2001953125,
0.2505,3.0830078125,-3.2431640625,-0.3203125,
0.251,3.443359375,-2.9228515625,-1.0009765625,
0.2515,3.68359375,-2.3623046875,-1.8017578125,
0.252,3.4033203125,-1.44140625,-2.5224609375,
0.2525,3.123046875,-0.80078125,-2.8828125,
0.253,2.962890625,-0.240234375,-3.203125,
0.2535,2.6826171875,0.4404296875,-3.5634765625,
0.254,2.4423828125,1.0810546875,-4.00390625,
0.2545,1.521484375,2.0419921875,-4.0439453125,
0.255,0.6806640625,2.5625,-3.7236328125,
0.2555,0.1201171875,2.8427734375,-3.36328125,
0.256,-0.48046875,3.203125,-3.203125,
0.2565,-1.2412109375,3.603515625,-2.8427734375,
0.257,-2.0419921875,3.8837890625,-2.2822265625,
0.2575,-2.7626953125,3.8037109375,-1.361328125,
0.258,-3.0830078125,3.5234375,-0.80078125,
0.2585,-3.283203125,3.2431640625,-0.2802734375,
0.259,-3.5634765625,2.8427734375,0.3203125,
0.2595,-3.923828125,2.5625,1.0009765625,
0.26,-3.9638671875,1.6416015625,2.001953125,
0.2605,-3.7236328125,0.80078125,2.5224609375,
0.261,-3.283203125,0.1201171875,2.8427734375,
0.2615,-3.1630859375,-0.3203125,3.2431640625,
0.262,-2.72265625,-1.28125,3.5234375,
0.2625,-2.2822265625,-1.9619140625,3.9638671875,
0.263,-1.2412109375,-2.8828125,3.8037109375,
0.2635,-0.6005859375,-3.203125,3.443359375,
0.264,0,-3.4833984375,3.0029296875,
0.2645,0.6005859375,-3.8837890625,2.7626953125,
0.265,1.44140625,-4.32421875,2.40234375,
0.2655,2.4423828125,-4.32421875,1.44140625,
0.266,2.8427734375,-4.0439453125,0.7607421875,
0.2665,3.123046875,-3.7236328125,0.1201171875,
0.267,3.3232421875,-3.443359375,-0.3203125,
0.2675,3.5234375,-2.9228515625,-1.12109375,
0.268,3.8837890625,-2.5625,-1.841796875,
0.2685,3.68359375,-1.44140625,-2.8427734375,
0.269,3.3232421875,-0.720703125,-3.0830078125,
0.2695,2.962890625,-0.080078125,-3.36328125,
0.27,2.8427734375,0.4404296875,-3.8037109375,
0.2705,2.322265625,1.28125,-4.1240234375,
0.271,1.6015625,2.162109375,-4.244140625,
0.2715,0.6005859375,2.8427734375,-3.84375,
0.272,0.0400390625,3.123046875,-3.5634765625,
0.2725,-0.560546875,3.3232421875,-3.203125,
0.273,-1.28125,3.68359375,-2.8828125,
0.2735,-2.001953125,4.2041015625,-2.5224609375,
0.274,-3.0830078125,4.0439453125,-1.28125,
0.2745,-3.203125,3.7236328125,-0.8408203125,
0.275,-3.5234375,3.36328125,-0.2001953125,
0.2755,-3.7236328125,3.123046875,0.2802734375,
0.276,-3.8837890625,2.5224609375,1.12109375,
0.2765,-4.1640625,1.9619140625,1.921875,
0.277,-3.8837890625,0.80078125,2.7626953125,
0.2775,-3.5234375,0.2001953125,2.9228515625,
0.278,-3.203125,-0.400390625,3.2431640625,
0.2785,-2.9228515625,-1.0009765625,3.68359375,
0.279,-2.482421875,-1.841796875,4.00390625,
0.2795,-1.44140625,-2.8828125,3.923828125,
0.28,-0.640625,-3.283203125,3.5234375,
0.2805,-0.080078125,-3.5634765625,3.1630859375,
0.281,0.48046875,-3.8837890625,2.8427734375,
0.2815,1.28125,-4.1240234375,2.40234375,
0.282,2.1220703125,-4.5244140625,1.921875,
0.2825,2.9228515625,-4.244140625,0.7607421875,
0.283,3.04296875,-3.84375,0.3603515625,
0.2835,3.3232421875,-3.5234375,-0.2802734375,
0.284,3.6435546875,-3.283203125,-0.8408203125,
0.2845,3.84375,-2.72265625,-1.6015625,
0.285,3.8837890625,-1.921875,-2.482421875,
0.2855,3.5234375,-0.9609375,-3.123046875,
0.286,3.203125,-0.3203125,-3.36328125,
0.2865,2.8828125,0.2802734375,-3.6435546875,
0.287,2.5224609375,1.0810546875,-4.083984375,
0.2875,2.0419921875,1.8818359375,-4.32421875,
0.288,0.9208984375,2.72265625,-4.1640625,
0.2885,0.2001953125,3.0029296875,-3.7236328125,
0.289,-0.400390625,3.36328125,-3.443359375,
0.2895,-1.0009765625,3.68359375,-3.0830078125,
0.29,-1.8017578125,4.1240234375,-2.6025390625,
0.2905,-2.6826171875,4.244140625,-1.8818359375,
0.291,-3.36328125,3.923828125,-0.9208984375,
0.2915,-3.4033203125,3.5634765625,-0.400390625,
0.292,-3.7236328125,3.203125,0.240234375,
0.2925,-4.00390625,2.8427734375,0.880859375,
0.293,-4.2041015625,2.2021484375,1.681640625,
0.2935,-4.1240234375,1.201171875,2.642578125,
0.294,-3.7236328125,0.3603515625,3.04296875,
0.2945,-3.4033203125,-0.2802734375,3.36328125,
0.295,-3.0830078125,-0.9208984375,3.5634765625,
0.2955,-2.6025390625,-1.7216796875,4.00390625,
0.296,-1.8818359375,-2.72265625,4.1240234375,
0.2965,-0.80078125,-3.4033203125,3.763671875,
0.297,-0.16015625,-3.603515625,3.36328125,
0.2975,0.4404296875,-3.923828125,3.1630859375,
0.298,1.2412109375,-4.244140625,2.5625,
0.2985,2.001953125,-4.564453125,2.162109375,
0.299,2.8828125,-4.5244140625,1.12109375,
0.2995,3.2431640625,-4.1640625,0.400390625,
0.3,3.36328125,-3.7236328125,-0.2001953125,
0.3005,3.6435546875,-3.4833984375,-0.720703125,
0.301,3.9638671875,-2.9228515625,-1.6015625,
0.3015,4.0439453125,-2.08203125,-2.4423828125,
0.302,3.763671875,-1.12109375,-3.1630859375,
0.3025,3.36328125,-0.3203125,-3.5634765625,
0.303,3.04296875,0.240234375,-3.8037109375,
0.3035,2.6025390625,0.9609375,-4.0439453125,
0.304,2.2822265625,1.7216796875,-4.5244140625,
0.3045,1.12109375,2.8427734375,-4.404296875,
0.305,0.2802734375,3.2431640625,-4.00390625,
0.3055,-0.3603515625,3.5234375,-3.5234375,
0.306,-0.9609375,3.8837890625,-3.36328125,
0.3065,-1.8818359375,4.1240234375,-2.642578125,
0.307,-2.72265625,4.404296875,-2.001953125,
0.3075,-3.5234375,4.1240234375,-1.0009765625,
0.308,-3.7236328125,3.8037109375,-0.400390625,
0.3085,-3.8037109375,3.3232421875,0.2001953125,
0.309,-4.0439453125,3.04296875,0.7607421875,
0.3095,-4.4443359375,2.5224609375,1.6416015625,
0.31,-4.3642578125,1.4013671875,2.7626953125,
0.3105,-3.923828125,0.5205078125,3.1630859375,
0.311,-3.5634765625,-0.2001953125,3.4833984375,
0.3115,-3.283203125,-0.80078125,3.8037109375,
0.312,-2.6826171875,-1.681640625,4.083984375,
0.3125,-2.2421875,-2.5224609375,4.404296875,
0.313,-0.880859375,-3.5634765625,4.083984375,
0.3135,-0.240234375,-3.8037109375,3.6435546875,
0.314,0.48046875,-4.00390625,3.203125,
0.3145,1.0810546875,-4.484375,2.9228515625,
0.315,1.921875,-4.724609375,2.322265625,
0.3155,2.962890625,-4.8046875,1.4013671875,
0.316,3.603515625,-4.4443359375,0.3603515625,
0.3165,3.763671875,-4.083984375,-0.1201171875,
0.317,3.84375,-3.6435546875,-0.80078125,
0.3175,4.1240234375,-3.1630859375,-1.4814453125,
0.318,4.404296875,-2.5625,-2.40234375,
0.3185,4.1640625,-1.1611328125,-3.5634765625,
0.319,3.68359375,-0.4404296875,-3.763671875,
0.3195,3.283203125,0.2802734375,-4.083984375,
0.32,2.9228515625,0.9208984375,-4.3642578125,
0.3205,2.2822265625,1.841796875,-4.64453125,
0.321,1.521484375,2.802734375,-4.8046875,
0.3215,0.16015625,3.763671875,-4.3642578125,
0.322,-0.400390625,3.84375,-3.84375,
0.3225,-1.0009765625,4.1240234375,-3.4033203125,
0.323,-1.8818359375,4.484375,-2.9228515625,
0.3235,-2.7626953125,4.6845703125,-2.2822265625,
0.324,-3.7236328125,4.484375,-1.1611328125,
0.3245,-4.083984375,4.1240234375,-0.3603515625,
0.325,-4.2041015625,3.68359375,0.240234375,
0.3255,-4.2841796875,3.1630859375,0.80078125,
0.326,-4.564453125,2.6025390625,1.7216796875,
0.3265,-4.6845703125,1.8017578125,2.6025390625,
0.327,-4.2041015625,0.48046875,3.5234375,
0.3275,-3.8037109375,-0.16015625,3.7236328125,
0.328,-3.443359375,-0.9208984375,3.9638671875,
0.3285,-2.9228515625,-1.6416015625,4.244140625,
0.329,-2.40234375,-2.40234375,4.484375,
0.3295,-1.361328125,-3.4833984375,4.4443359375,
0.33,-0.2001953125,-4.0439453125,3.923828125,
0.3305,0.3603515625,-4.2041015625,3.443359375,
0.331,1.0009765625,-4.484375,3.0830078125,
0.3315,1.921875,-4.8447265625,2.4423828125,
0.332,2.802734375,-4.96484375,1.76171875,
0.3325,3.5234375,-4.6845703125,0.640625,
0.333,3.84375,-4.244140625,0,
0.3335,3.9638671875,-3.84375,-0.640625,
0.334,4.1240234375,-3.36328125,-1.28125,
0.3345,4.4443359375,-2.8828125,-2.08203125,
0.335,4.32421875,-1.841796875,-3.0830078125,
0.3355,3.84375,-0.6806640625,-3.68359375,
0.336,3.4033203125,0,-3.923828125,
0.3365,3.1630859375,0.6005859375,-4.2841796875,
0.337,2.5224609375,1.5615234375,-4.5244140625,
0.3375,1.921875,2.3623046875,-4.8447265625,
0.338,0.720703125,3.3232421875,-4.5244140625,
0.3385,-0.080078125,3.8037109375,-4.0439453125,
0.339,-0.80078125,3.9638671875,-3.5634765625,
0.3395,-1.44140625,4.2041015625,-3.2431640625,
0.34,-2.2822265625,4.64453125,-2.6826171875,
0.3405,-3.36328125,4.6044921875,-1.6015625,
0.341,-3.84375,4.2041015625,-0.720703125,
0.3415,-4.1240234375,3.84375,-0.0400390625,
0.342,-4.244140625,3.4033203125,0.5205078125,
0.3425,-4.404296875,2.7626953125,1.28125,
0.343,-4.6845703125,2.2822265625,2.162109375,
0.3435,-4.4443359375,0.9208984375,3.203125,
0.344,-4.00390625,0.1201171875,3.4833984375,
0.3445,-3.5234375,-0.640625,3.8037109375,
0.345,-3.203125,-1.2412109375,4.1240234375,
0.3455,-2.6025390625,-2.1220703125,4.404296875,
0.346,-1.8017578125,-3.0830078125,4.5244140625,
0.3465,-0.6005859375,-3.8837890625,4.00390625,
0.347,0.080078125,-4.083984375,3.6435546875,
0.3475,0.7607421875,-4.3642578125,3.1630859375,
0.348,1.5615234375,-4.64453125,2.72265625,
0.3485,2.40234375,-5.0849609375,2.2421875,
0.349,3.5234375,-4.8447265625,0.880859375,
0.3495,3.763671875,-4.4443359375,0.16015625,
0.35,4.00390625,-3.9638671875,-0.5205078125,
0.3505,4.2041015625,-3.68359375,-1.0810546875,
0.351,4.404296875,-3.0029296875,-1.9619140625,
0.3515,4.564453125,-2.2822265625,-2.8427734375,
0.352,4.1640625,-0.880859375,-3.84375,
0.3525,3.68359375,-0.2001953125,-4.00390625,
0.353,3.203125,0.6005859375,-4.32421875,
0.3535,2.8427734375,1.3212890625,-4.64453125,
0.354,2.2421875,2.2421875,-4.884765625,
0.3545,1.041015625,3.3232421875,-4.7646484375,
0.355,0,3.8837890625,-4.244140625,
0.3555,-0.720703125,4.083984375,-3.8037109375,
0.356,-1.28125,4.32421875,-3.283203125,
0.3565,-2.2021484375,4.64453125,-2.72265625,
0.357,-3.0830078125,4.8447265625,-2.001953125,
0.3575,-4.0439453125,4.484375,-0.7607421875,
0.358,-4.083984375,3.923828125,-0.16015625,
0.3585,-4.32421875,3.5234375,0.48046875,
0.359,-4.4443359375,3.04296875,1.12109375,
0.3595,-4.64453125,2.482421875,1.921875,
0.36,-4.6044921875,1.4013671875,2.8828125,
0.3605,-4.1240234375,0.2001953125,3.5634765625,
0.361,-3.603515625,-0.3603515625,3.68359375,
0.3615,-3.203125,-1.0009765625,4.00390625,
0.362,-2.802734375,-1.841796875,4.2841796875,
0.3625,-2.2421875,-2.642578125,4.4443359375,
0.363,-1.0009765625,-3.5634765625,4.1240234375,
0.3635,-0.2001953125,-3.8837890625,3.68359375,
0.364,0.4404296875,-4.1240234375,3.2431640625,
0.3645,1.041015625,-4.3642578125,2.8427734375,
0.365,1.76171875,-4.6845703125,2.482421875,
0.3655,2.6826171875,-4.724609375,1.5615234375,
0.366,3.3232421875,-4.3642578125,0.560546875,
0.3665,3.4033203125,-3.923828125,0,
0.367,3.7236328125,-3.68359375,-0.6005859375,
0.3675,3.9638671875,-3.203125,-1.28125,
0.368,4.1240234375,-2.7626953125,-1.921875,
0.3685,3.9638671875,-1.681640625,-2.8828125,
0.369,3.5234375,-0.720703125,-3.36328125,
0.3695,3.1630859375,-0.1201171875,-3.6435546875,
0.37,3.0029296875,0.6005859375,-4.00390625,
0.3705,2.642578125,1.2412109375,-4.404296875,
0.371,1.841796875,2.162109375,-4.5244140625,
0.3715,0.7607421875,3.0029296875,-4.1640625,
0.372,0.0400390625,3.3232421875,-3.7236328125,
0.3725,-0.5205078125,3.68359375,-3.5234375,
0.373,-1.28125,4.00390625,-3.0830078125,
0.3735,-2.08203125,4.404296875,-2.72265625,
0.374,-3.04296875,4.32421875,-1.6015625,
0.3745,-3.443359375,4.00390625,-0.8408203125,
0.375,-3.6435546875,3.5234375,-0.16015625,
0.3755,-3.923828125,3.3232421875,0.3203125,
0.376,-4.2041015625,2.6826171875,1.2412109375,
0.3765,-4.4443359375,2.001953125,2.0419921875,
0.377,-4.1240234375,0.9208984375,2.8828125,
0.3775,-3.7236328125,0.16015625,3.2431640625,
0.378,-3.283203125,-0.5205078125,3.5234375,
0.3785,-2.962890625,-1.2412109375,3.84375,
0.379,-2.6025390625,-2.001953125,4.32421875,
0.3795,-1.4013671875,-3.0830078125,4.1640625,
0.38,-0.6005859375,-3.5234375,3.68359375,
0.3805,0.1201171875,-3.8037109375,3.203125,
0.381,0.6806640625,-4.0439453125,3.04296875,
0.3815,1.5615234375,-4.3642578125,2.2822265625,
0.382,2.2822265625,-4.64453125,1.8818359375,
0.3825,3.203125,-4.404296875,0.640625,
0.383,3.2431640625,-3.9638671875,0.2001953125,
0.3835,3.36328125,-3.4833984375,-0.48046875,
0.384,3.68359375,-3.283203125,-1.0009765625,
0.3845,3.9638671875,-2.8427734375,-1.76171875,
0.385,3.8837890625,-1.8017578125,-2.6826171875,
0.3855,3.5234375,-0.9208984375,-3.203125,
0.386,3.1630859375,-0.16015625,-3.4833984375,
0.3865,2.8427734375,0.3603515625,-3.7236328125,
0.387,2.482421875,1.0810546875,-4.00390625,
0.3875,2.162109375,1.76171875,-4.404296875,
0.388,0.880859375,2.8427734375,-4.1240234375,
0.3885,0.2802734375,2.962890625,-3.68359375,
0.389,-0.400390625,3.3232421875,-3.3232421875,
0.3895,-0.9609375,3.6435546875,-3.203125,
0.39,-1.681640625,3.9638671875,-2.72265625,
0.3905,-2.482421875,4.1240234375,-2.001953125,
0.391,-3.0830078125,3.84375,-1.041015625,
0.3915,-3.283203125,3.4833984375,-0.6005859375,
0.392,-3.443359375,3.1630859375,0,
0.3925,-3.84375,2.8828125,0.640625,
0.393,-4.1240234375,2.5224609375,1.361328125,
0.3935,-3.923828125,1.4013671875,2.2822265625,
0.394,-3.5634765625,0.7607421875,2.642578125,
0.3945,-3.36328125,0,3.04296875,
0.395,-3.203125,-0.5205078125,3.443359375,
0.3955,-2.8427734375,-1.28125,3.763671875,
0.396,-2.2421875,-2.08203125,4.0439453125,
0.3965,-1.12109375,-2.962890625,3.68359375,
0.397,-0.6005859375,-3.1630859375,3.3232421875,
0.3975,0.0400390625,-3.5634765625,3.04296875,
0.398,0.7607421875,-3.8837890625,2.802734375,
0.3985,1.521484375,-4.3642578125,2.40234375,
0.399,2.4423828125,-4.244140625,1.4013671875,
0.3995,2.8427734375,-4.00390625,0.720703125,
0.4,3.0830078125,-3.7236328125,0.16015625,
0.4005,3.3232421875,-3.4033203125,-0.400390625,
0.401,3.68359375,-3.0830078125,-1.1611328125,
0.4015,3.8837890625,-2.5224609375,-1.9619140625,
0.402,3.603515625,-1.28125,-2.802734375,
0.4025,3.2431640625,-0.7607421875,-3.0830078125,
0.403,3.04296875,-0.080078125,-3.443359375,
0.4035,2.6826171875,0.6005859375,-3.8037109375,
0.404,2.3623046875,1.28125,-4.1640625,
0.4045,1.44140625,2.2421875,-4.1640625,
0.405,0.48046875,2.8427734375,-3.8037109375,
0.4055,0,3.04296875,-3.443359375,
0.406,-0.640625,3.4033203125,-3.1630859375,
0.4065,-1.44140625,3.763671875,-2.7626953125,
0.407,-2.2021484375,4.00390625,-2.2822265625,
0.4075,-2.962890625,3.84375,-1.28125,
0.408,-3.203125,3.4833984375,-0.6806640625,
0.4085,-3.36328125,3.1630859375,-0.16015625,
0.409,-3.6435546875,2.8828125,0.4404296875,
0.4095,-3.923828125,2.5224609375,1.0810546875,
0.41,-3.923828125,1.7216796875,2.001953125,
0.4105,-3.6435546875,0.7607421875,2.6025390625,
0.411,-3.3232421875,0.16015625,2.8427734375,
0.4115,-3.1630859375,-0.4404296875,3.203125,
0.412,-2.7626953125,-1.1611328125,3.5634765625,
0.4125,-2.2822265625,-1.921875,3.84375,
0.413,-1.44140625,-2.72265625,3.8037109375,
0.4135,-0.640625,-3.1630859375,3.36328125,
0.414,-0.0400390625,-3.36328125,3.0830078125,
0.4145,0.48046875,-3.8037109375,2.8427734375,
0.415,1.2412109375,-4.2041015625,2.5224609375,
0.4155,2.2021484375,-4.32421875,1.7216796875,
0.416,2.72265625,-4.1240234375,0.9208984375,
0.4165,3.0029296875,-3.84375,0.2802734375,
0.417,3.203125,-3.4833984375,-0.2001953125,
0.4175,3.4833984375,-3.0830078125,-0.9208984375,
0.418,3.84375,-2.72265625,-1.6015625,
0.4185,3.8037109375,-1.681640625,-2.5625,
0.419,3.443359375,-0.9208984375,-3.04296875,
0.4195,3.0830078125,-0.2802734375,-3.283203125,
0.42,2.802734375,0.2802734375,-3.6435546875,
0.4205,2.482421875,1.12109375,-4.083984375,
0.421,1.76171875,1.9619140625,-4.1640625,
0.4215,0.8408203125,2.6826171875,-3.8837890625,
0.422,0.1201171875,3.0029296875,-3.5234375,
0.4225,-0.4404296875,3.2431640625,-3.203125,
0.423,-1.1611328125,3.6435546875,-2.7626953125,
0.4235,-1.8017578125,4.083984375,-2.6025390625,
0.424,-2.8427734375,3.9638671875,-1.4814453125,
0.4245,-3.0830078125,3.603515625,-0.9208984375,
0.425,-3.283203125,3.2431640625,-0.3203125,
0.4255,-3.5634765625,3.0830078125,0.16015625,
0.426,-3.763671875,2.482421875,0.9609375,
0.4265,-4.00390625,1.9619140625,1.6416015625,
0.427,-3.8037109375,0.9609375,2.5224609375,
0.4275,-3.4033203125,0.3203125,2.72265625,
0.428,-3.123046875,-0.16015625,3.0029296875,
0.4285,-2.8828125,-0.8408203125,3.4033203125,
0.429,-2.6025390625,-1.5615234375,3.84375,
0.4295,-1.6416015625,-2.5224609375,3.8037109375,
0.43,-0.880859375,-2.8828125,3.4033203125,
0.4305,-0.2001953125,-3.203125,3.04296875,
0.431,0.2001953125,-3.5634765625,2.8828125,
0.4315,0.9609375,-3.8837890625,2.40234375,
0.432,1.6416015625,-4.244140625,2.08203125,
0.4325,2.5224609375,-4.083984375,0.9609375,
0.433,2.6025390625,-3.7236328125,0.6005859375,
0.4335,2.9228515625,-3.4033203125,0,
0.434,3.1630859375,-3.283203125,-0.400390625,
0.4345,3.603515625,-2.8427734375,-1.201171875,
0.435,3.6435546875,-2.1220703125,-1.9619140625,
0.4355,3.3232421875,-1.28125,-2.5224609375,
0.436,3.04296875,-0.6806640625,-2.8828125,
0.4365,2.8427734375,-0.16015625,-3.203125,
0.437,2.6025390625,0.6005859375,-3.5634765625,
0.4375,2.3623046875,1.28125,-4.0439453125,
0.438,1.201171875,2.1220703125,-3.8037109375,
0.4385,0.720703125,2.4423828125,-3.5634765625,
0.439,0.0400390625,2.8427734375,-3.203125,
0.4395,-0.4404296875,3.2431640625,-3.1630859375,
0.44,-1.2412109375,3.5634765625,-2.72265625,
0.4405,-2.08203125,3.8037109375,-2.162109375,
0.441,-2.7626953125,3.68359375,-1.28125,
0.4415,-2.8427734375,3.443359375,-0.9208984375,
0.442,-3.203125,3.04296875,-0.240234375,
0.4425,-3.5234375,2.8427734375,0.3603515625,
0.443,-3.84375,2.4423828125,1.12109375,
0.4435,-3.763671875,1.521484375,2.0419921875,
0.444,-3.4833984375,0.80078125,2.40234375,
0.4445,-3.203125,0.240234375,2.7626953125,
0.445,-3.0830078125,-0.4404296875,3.123046875,
0.4455,-2.642578125,-1.12109375,3.5234375,
0.446,-2.2421875,-1.9619140625,3.84375,
0.4465,-1.0810546875,-2.8427734375,3.5634765625,
0.447,-0.6005859375,-3.0029296875,3.203125,
0.4475,0,-3.4033203125,2.9228515625,
0.448,0.720703125,-3.84375,2.642578125,
0.4485,1.521484375,-4.1640625,2.2421875,
0.449,2.2822265625,-4.2041015625,1.4013671875,
0.4495,2.72265625,-3.923828125,0.6005859375,
0.45,3.0029296875,-3.603515625,0.1201171875,
0.4505,3.203125,-3.2431640625,-0.4404296875,
0.451,3.5634765625,-2.8828125,-1.201171875,
0.4515,3.763671875,-2.322265625,-1.9619140625,
0.452,3.4833984375,-1.28125,-2.7626953125,
0.4525,3.203125,-0.6005859375,-3.0830078125,
0.453,2.8828125,-0.0400390625,-3.3232421875,
0.4535,2.5625,0.6005859375,-3.7236328125,
0.454,2.2421875,1.28125,-4.0439453125,
0.4545,1.4013671875,2.2421875,-4.1240234375,
0.455,0.48046875,2.8427734375,-3.7236328125,
0.4555,-0.0400390625,3.04296875,-3.283203125,
0.456,-0.640625,3.2431640625,-3.123046875,
0.4565,-1.3212890625,3.6435546875,-2.72265625,
0.457,-2.1220703125,3.9638671875,-2.1220703125,
0.4575,-2.8427734375,3.763671875,-1.28125,
0.458,-3.0830078125,3.4833984375,-0.720703125,
0.4585,-3.3232421875,3.1630859375,-0.16015625,
0.459,-3.5234375,2.72265625,0.400390625,
0.4595,-3.84375,2.5625,1.0810546875,
0.46,-3.9638671875,1.7216796875,1.921875,
0.4605,-3.5634765625,0.7607421875,2.5224609375,
0.461,-3.2431640625,0.240234375,2.7626953125,
0.4615,-3.123046875,-0.3203125,3.1630859375,
0.462,-2.72265625,-1.041015625,3.4833984375,
0.4625,-2.3623046875,-1.681640625,3.84375,
0.463,-1.44140625,-2.642578125,3.68359375,
0.4635,-0.640625,-3.0029296875,3.283203125,
0.464,-0.16015625,-3.283203125,3.04296875,
0.4645,0.48046875,-3.7236328125,2.802734375,
0.465,1.201171875,-4.1240234375,2.5224609375,
0.4655,2.0419921875,-4.244140625,1.7216796875,
0.466,2.5625,-4.0439453125,0.9609375,
0.4665,2.9228515625,-3.68359375,0.3603515625,
0.467,3.203125,-3.5634765625,-0.2001953125,
0.4675,3.443359375,-3.1630859375,-0.880859375,
0.468,3.8037109375,-2.7626953125,-1.521484375,
0.4685,3.763671875,-1.681640625,-2.5625,
0.469,3.4033203125,-0.9609375,-2.962890625,
0.4695,3.123046875,-0.2802734375,-3.2431640625,
0.47,2.9228515625,0.2802734375,-3.7236328125,
0.4705,2.40234375,1.1611328125,-4.00390625,
0.471,1.7216796875,1.9619140625,-4.2041015625,
0.4715,0.7607421875,2.72265625,-3.923828125,
0.472,0.1201171875,3.0830078125,-3.6435546875,
0.4725,-0.5205078125,3.3232421875,-3.283203125,
0.473,-1.28125,3.763671875,-2.8828125,
0.4735,-2.08203125,4.244140625,-2.5224609375,
0.474,-3.1630859375,4.1240234375,-1.361328125,
0.4745,-3.3232421875,3.8037109375,-0.8408203125,
0.475,-3.5634765625,3.443359375,-0.2001953125,
0.4755,-3.84375,3.203125,0.3203125,
0.476,-4.0439453125,2.5224609375,1.2412109375,
0.4765,-4.244140625,1.921875,2.0419921875,
0.477,-4.0439453125,0.6806640625,3.0029296875,
0.4775,-3.68359375,0.1201171875,3.3232421875,
0.478,-3.203125,-0.6005859375,3.443359375,
0.4785,-2.962890625,-1.28125,3.84375,
0.479,-2.4423828125,-2.1220703125,4.2041015625,
0.4795,-1.361328125,-3.203125,4.1640625,
0.48,-0.48046875,-3.6435546875,3.7236328125,
0.4805,0.1201171875,-3.923828125,3.36328125,
0.481,0.80078125,-4.1640625,2.8828125,
0.4815,1.76171875,-4.404296875,2.2822265625,
0.482,2.5224609375,-4.6845703125,1.8017578125,
0.4825,3.4833984375,-4.484375,0.5205078125,
0.483,3.4833984375,-4.0439453125,0.0400390625,
0.4835,3.763671875,-3.603515625,-0.6005859375,
0.484,3.8837890625,-3.283203125,-1.1611328125,
0.4845,4.0439453125,-2.6025390625,-1.9619140625,
0.485,4.1240234375,-1.8017578125,-2.9228515625,
0.4855,3.68359375,-0.6806640625,-3.5634765625,
0.486,3.283203125,-0.080078125,-3.7236328125,
0.4865,2.8427734375,0.560546875,-3.923828125,
0.487,2.40234375,1.4013671875,-4.2841796875,
0.4875,1.8818359375,2.2021484375,-4.484375,
0.488,0.720703125,3.123046875,-4.32421875,
0.4885,-0.0400390625,3.4033203125,-3.7236328125,
0.489,-0.6806640625,3.603515625,-3.36328125,
0.4895,-1.28125,3.8837890625,-3.0830078125,
0.49,-2.08203125,4.2041015625,-2.5224609375,
0.4905,-2.8828125,4.32421875,-1.841796875,
0.491,-3.5634765625,4.0439453125,-0.720703125,
0.4915,-3.68359375,3.5634765625,-0.2001953125,
0.492,-3.84375,3.203125,0.2802734375,
0.4925,-4.00390625,2.8427734375,0.9208984375,
0.493,-4.2041015625,2.2421875,1.7216796875,
0.4935,-4.1640625,1.2412109375,2.642578125,
0.494,-3.7236328125,0.3603515625,3.04296875,
0.4945,-3.36328125,-0.2802734375,3.283203125,
0.495,-3.04296875,-0.8408203125,3.5634765625,
0.4955,-2.7626953125,-1.6015625,4.00390625,
0.496,-2.0419921875,-2.5224609375,4.1240234375,
0.4965,-0.9208984375,-3.283203125,3.8037109375,
0.497,-0.2802734375,-3.4833984375,3.36328125,
0.4975,0.2802734375,-3.8837890625,3.123046875,
0.498,0.9609375,-4.1240234375,2.72265625,
0.4985,1.7216796875,-4.5244140625,2.40234375,
0.499,2.802734375,-4.5244140625,1.28125,
0.4995,3.203125,-4.1240234375,0.48046875,
0.5,3.283203125,-3.763671875,0,
0.5005,3.6435546875,-3.5234375,-0.6005859375,
0.501,3.9638671875,-3.0830078125,-1.361328125,
0.5015,4.1240234375,-2.40234375,-2.2822265625,
0.502,3.8837890625,-1.3212890625,-3.1630859375,
0.5025,3.4833984375,-0.560546875,-3.4833984375,
0.503,3.2431640625,0.1201171875,-3.84375,
0.5035,2.802734375,0.80078125,-4.1240234375,
0.504,2.4423828125,1.6015625,-4.5244140625,
0.5045,1.28125,2.72265625,-4.5244140625,
0.505,0.400390625,3.3232421875,-4.083984375,
0.5055,-0.3603515625,3.5234375,-3.5634765625,
0.506,-1.0009765625,4.00390625,-3.36328125,
0.5065,-1.9619140625,4.2841796875,-2.642578125,
0.507,-2.8427734375,4.6044921875,-2.08203125,
0.5075,-3.7236328125,4.3642578125,-0.9208984375,
0.508,-3.8837890625,4.00390625,-0.400390625,
0.5085,-4.00390625,3.4033203125,0.2802734375,
0.509,-4.244140625,3.04296875,0.880859375,
0.5095,-4.564453125,2.4423828125,1.8818359375,
0.51,-4.5244140625,1.3212890625,2.8427734375,
0.5105,-4.00390625,0.3203125,3.4033203125,
0.511,-3.603515625,-0.3603515625,3.763671875,
0.5115,-3.2431640625,-1.041015625,3.9638671875,
0.512,-2.6025390625,-1.9619140625,4.1640625,
0.5125,-2.2421875,-2.8427734375,4.6044921875,
0.513,-0.720703125,-3.923828125,4.2041015625,
0.5135,0,-4.1640625,3.763671875,
0.514,0.6806640625,-4.32421875,3.1630859375,
0.5145,1.28125,-4.6845703125,2.8828125,
0.515,2.2421875,-4.8447265625,2.162109375,
0.5155,3.1630859375,-4.96484375,1.28125,
0.516,3.84375,-4.564453125,0.16015625,
0.5165,3.9638671875,-4.1640625,-0.3603515625,
0.517,3.9638671875,-3.5234375,-1.0009765625,
0.5175,4.2041015625,-3.04296875,-1.6416015625,
0.518,4.484375,-2.4423828125,-2.5224609375,
0.5185,4.2041015625,-1.12109375,-3.603515625,
0.519,3.7236328125,-0.2802734375,-3.8837890625,
0.5195,3.203125,0.400390625,-4.1240234375,
0.52,2.8427734375,1.0009765625,-4.404296875,
0.5205,2.322265625,1.76171875,-4.64453125,
0.521,1.6416015625,2.6826171875,-4.8447265625,
0.5215,0.2001953125,3.603515625,-4.32421875,
0.522,-0.3203125,3.8037109375,-3.8037109375,
0.5225,-1.0009765625,3.9638671875,-3.36328125,
0.523,-1.7216796875,4.2841796875,-2.962890625,
0.5235,-2.4423828125,4.5244140625,-2.4423828125,
0.524,-3.4033203125,4.484375,-1.361328125,
0.5245,-3.8837890625,4.083984375,-0.4404296875,
0.525,-4.0439453125,3.5634765625,0.1201171875,
0.5255,-4.1640625,3.1630859375,0.640625,
0.526,-4.3642578125,2.6826171875,1.4013671875,
0.5265,-4.5244140625,2.08203125,2.2421875,
0.527,-4.1240234375,0.7607421875,3.1630859375,
0.5275,-3.7236328125,0,3.36328125,
0.528,-3.4033203125,-0.640625,3.7236328125,
0.5285,-2.962890625,-1.28125,3.9638671875,
0.529,-2.5625,-1.9619140625,4.32421875,
0.5295,-1.681640625,-3.04296875,4.2841796875,
0.53,-0.6005859375,-3.68359375,3.84375,
0.5305,0.080078125,-3.8837890625,3.36328125,
0.531,0.640625,-4.1640625,3.123046875,
0.5315,1.521484375,-4.6044921875,2.6025390625,
0.532,2.2822265625,-4.8046875,1.921875,
0.5325,3.1630859375,-4.564453125,0.9208984375,
0.533,3.4833984375,-4.2041015625,0.16015625,
0.5335,3.7236328125,-3.763671875,-0.400390625,
0.534,3.84375,-3.4833984375,-1.0009765625,
0.5345,4.2041015625,-3.0029296875,-1.8017578125,
0.535,4.2041015625,-1.9619140625,-2.802734375,
0.5355,3.8837890625,-0.80078125,-3.4833984375,
0.536,3.36328125,-0.2001953125,-3.763671875,
0.5365,3.1630859375,0.3603515625,-4.1640625,
0.537,2.5625,1.3212890625,-4.404296875,
0.5375,2.1220703125,2.2021484375,-4.7646484375,
0.538,0.880859375,3.203125,-4.5244140625,
0.5385,0.0400390625,3.6435546875,-4.1640625,
0.539,-0.6806640625,3.923828125,-3.603515625,
0.5395,-1.28125,4.244140625,-3.3232421875,
0.54,-2.322265625,4.7646484375,-2.72265625,
0.5405,-3.36328125,4.7646484375,-1.681640625,
0.541,-4.1240234375,4.4443359375,-0.640625,
0.5415,-4.2841796875,3.9638671875,0,
0.542,-4.484375,3.5234375,0.6806640625,
0.5425,-4.64453125,2.8427734375,1.521484375,
0.543,-5.044921875,2.2421875,2.4423828125,
0.5435,-4.6845703125,0.8408203125,3.68359375,
0.544,-4.1640625,-0.0400390625,3.9638671875,
0.5445,-3.603515625,-0.8408203125,4.1640625,
0.545,-3.283203125,-1.521484375,4.6044921875,
0.5455,-2.4423828125,-2.5625,4.724609375,
0.546,-1.6015625,-3.5634765625,4.8447265625,
0.5465,-0.1201171875,-4.5244140625,4.2841796875,
0.547,0.48046875,-4.64453125,3.84375,
0.5475,1.201171875,-4.8046875,3.123046875,
0.548,1.921875,-5.044921875,2.642578125,
0.5485,2.9228515625,-5.3251953125,1.921875,
0.549,3.9638671875,-5.0048828125,0.6005859375,
0.5495,4.2841796875,-4.5244140625,-0.2802734375,
0.55,4.3642578125,-3.923828125,-0.9609375,
0.5505,4.32421875,-3.443359375,-1.4814453125,
0.551,4.4443359375,-2.642578125,-2.322265625,
0.5515,4.64453125,-1.9619140625,-3.203125,
0.552,4.1240234375,-0.5205078125,-4.1240234375,
0.5525,3.4833984375,0.1201171875,-4.244140625,
0.553,3.04296875,0.80078125,-4.32421875,
0.5535,2.6025390625,1.44140625,-4.564453125,
0.554,2.0419921875,2.2421875,-4.7646484375,
0.5545,1.0009765625,3.1630859375,-4.64453125,
0.555,-0.080078125,3.763671875,-4.0439453125,
0.5555,-0.640625,3.84375,-3.6435546875,
0.556,-1.2412109375,4.0439453125,-3.1630859375,
0.5565,-1.9619140625,4.32421875,-2.7626953125,
0.557,-2.642578125,4.564453125,-2.2421875,
0.5575,-3.5634765625,4.1240234375,-1.0009765625,
0.558,-3.68359375,3.8037109375,-0.4404296875,
0.5585,-3.8837890625,3.4033203125,0.16015625,
0.559,-4.083984375,3.1630859375,0.640625,
0.5595,-4.32421875,2.6826171875,1.28125,
0.56,-4.3642578125,1.8818359375,2.2021484375,
0.5605,-3.923828125,0.6806640625,2.8828125,
0.561,-3.5634765625,0.080078125,3.1630859375,
0.5615,-3.2431640625,-0.6005859375,3.5234375,
0.562,-3.0830078125,-1.1611328125,3.8837890625,
0.5625,-2.5625,-1.9619140625,4.1240234375,
0.563,-1.4814453125,-2.8427734375,4.00390625,
0.5635,-0.720703125,-3.2431640625,3.5234375,
0.564,0,-3.6435546875,3.3232421875,
0.5645,0.6005859375,-3.923828125,3.04296875,
0.565,1.28125,-4.3642578125,2.6826171875,
0.5655,2.162109375,-4.564453125,1.9619140625,
0.566,2.962890625,-4.3642578125,0.880859375,
0.5665,3.123046875,-3.9638671875,0.3603515625,
0.567,3.5634765625,-3.7236328125,-0.2001953125,
0.5675,3.8037109375,-3.36328125,-0.9609375,
0.568,4.1240234375,-2.9228515625,-1.7216796875,
0.5685,4.0439453125,-1.921875,-2.72265625,
0.569,3.68359375,-0.80078125,-3.283203125,
0.5695,3.3232421875,-0.2802734375,-3.5634765625,
0.57,3.0830078125,0.3603515625,-3.8837890625,
0.5705,2.5625,1.28125,-4.32421875,
0.571,1.8818359375,2.2021484375,-4.4443359375,
0.5715,0.640625,3.04296875,-4.1240234375,
0.572,-0.080078125,3.3232421875,-3.7236328125,
0.5725,-0.6005859375,3.68359375,-3.4033203125,
0.573,-1.361328125,3.8837890625,-2.962890625,
0.5735,-2.2421875,4.32421875,-2.5224609375,
0.574,-3.203125,4.2041015625,-1.3212890625,
0.5745,-3.5634765625,3.8837890625,-0.720703125,
0.575,-3.7236328125,3.443359375,0,
0.5755,-3.8837890625,3.123046875,0.4404296875,
0.576,-4.1240234375,2.482421875,1.28125,
0.5765,-4.2841796875,1.8818359375,2.162109375,
0.577,-3.9638671875,0.7607421875,2.8427734375,
0.5775,-3.5634765625,0.0400390625,3.203125,
0.578,-3.123046875,-0.5205078125,3.36328125,
0.5785,-2.8427734375,-1.2412109375,3.68359375,
0.579,-2.5625,-1.9619140625,4.0439453125,
0.5795,-1.4814453125,-2.8828125,3.9638671875,
0.58,-0.6806640625,-3.3232421875,3.5634765625,
0.5805,0,-3.603515625,3.1630859375,
0.581,0.560546875,-3.84375,2.9228515625,
0.5815,1.2412109375,-4.1240234375,2.40234375,
0.582,1.921875,-4.404296875,2.0419921875,
0.5825,2.8427734375,-4.2041015625,0.9208984375,
0.583,3.04296875,-3.8837890625,0.4404296875,
0.5835,3.1630859375,-3.4833984375,-0.2001953125,
0.584,3.5234375,-3.36328125,-0.720703125,
0.5845,3.763671875,-2.9228515625,-1.4013671875,
0.585,3.84375,-2.1220703125,-2.2021484375,
0.5855,3.5234375,-1.2412109375,-2.8828125,
0.586,3.2431640625,-0.48046875,-3.2431640625,
0.5865,2.962890625,0.0400390625,-3.5634765625,
0.587,2.5625,0.7607421875,-3.84375,
0.5875,2.3623046875,1.44140625,-4.244140625,
0.588,1.28125,2.4423828125,-4.0439453125,
0.5885,0.48046875,2.72265625,-3.7236328125,
0.589,-0.16015625,3.1630859375,-3.36328125,
0.5895,-0.720703125,3.5234375,-3.1630859375,
0.59,-1.5615234375,3.8837890625,-2.6826171875,
0.5905,-2.2822265625,4.0439453125,-2.1220703125,
0.591,-3.0830078125,3.8037109375,-1.12109375,
0.5915,-3.203125,3.443359375,-0.640625,
0.592,-3.36328125,3.203125,-0.080078125,
0.5925,-3.7236328125,2.8427734375,0.560546875,
0.593,-4.0439453125,2.5224609375,1.28125,
0.5935,-3.923828125,1.3212890625,2.2421875,
0.594,-3.5634765625,0.6806640625,2.6025390625,
0.5945,-3.283203125,0,3.0029296875,
0.595,-3.0029296875,-0.6005859375,3.2431640625,
0.5955,-2.5625,-1.28125,3.5234375,
0.596,-2.1220703125,-2.0419921875,3.8037109375,
0.5965,-1.0009765625,-2.962890625,3.5634765625,
0.597,-0.48046875,-3.0830078125,3.123046875,
0.5975,0.16015625,-3.36328125,2.8427734375,
0.598,0.640625,-3.763671875,2.6826171875,
0.5985,1.3212890625,-4.1240234375,2.2421875,
0.599,2.2421875,-4.0439453125,1.4013671875,
0.5995,2.482421875,-3.84375,0.80078125,
0.6,2.8427734375,-3.5634765625,0.240234375,
0.6005,3.04296875,-3.2431640625,-0.3203125,
0.601,3.36328125,-2.9228515625,-0.9208984375,
0.6015,3.603515625,-2.5224609375,-1.6015625,
0.602,3.36328125,-1.44140625,-2.4423828125,
0.6025,3.0830078125,-1.0009765625,-2.642578125,
0.603,2.8427734375,-0.240234375,-3.0830078125,
0.6035,2.6826171875,0.240234375,-3.5234375,
0.604,2.5224609375,0.9208984375,-3.8837890625,
0.6045,1.76171875,1.681640625,-3.9638671875,
0.605,0.80078125,2.3623046875,-3.68359375,
0.6055,0.240234375,2.6826171875,-3.4033203125,
0.606,-0.2802734375,3.123046875,-3.203125,
0.6065,-0.9609375,3.4833984375,-2.8828125,
0.607,-1.6416015625,3.8837890625,-2.5224609375,
0.6075,-2.5224609375,3.8837890625,-1.5615234375,
0.608,-2.9228515625,3.5634765625,-1.0009765625,
0.6085,-3.2431640625,3.36328125,-0.400390625,
0.609,-3.5634765625,3.1630859375,0.1201171875,
0.6095,-3.923828125,2.72265625,0.8408203125,
0.61,-4.0439453125,2.0419921875,1.76171875,
0.6105,-3.8037109375,0.9609375,2.5224609375,
0.611,-3.443359375,0.3603515625,2.8427734375,
0.6115,-3.203125,-0.3203125,3.203125,
0.612,-2.9228515625,-1.041015625,3.68359375,
0.6125,-2.4423828125,-1.841796875,3.8837890625,
0.613,-1.4013671875,-2.72265625,3.84375,
0.6135,-0.5205078125,-3.36328125,3.5234375,
0.614,0,-3.4833984375,3.123046875,
0.6145,0.6005859375,-3.8837890625,2.802734375,
0.615,1.521484375,-4.3642578125,2.3623046875,
0.6155,2.5625,-4.484375,1.4013671875,
0.616,3.123046875,-4.2041015625,0.640625,
0.6165,3.203125,-3.84375,0.0400390625,
0.617,3.4033203125,-3.4833984375,-0.400390625,
0.6175,3.5634765625,-2.962890625,-1.1611328125,
0.618,3.8837890625,-2.5224609375,-1.8818359375,
0.6185,3.84375,-1.4013671875,-2.8828125,
0.619,3.443359375,-0.6005859375,-3.2431640625,
0.6195,2.962890625,-0.080078125,-3.4833984375,
0.62,2.7626953125,0.560546875,-3.763671875,
0.6205,2.322265625,1.3212890625,-4.1640625,
0.621,1.5615234375,2.2021484375,-4.2041015625,
0.6215,0.560546875,2.8427734375,-3.923828125,
0.622,0,3.1630859375,-3.5234375,
0.6225,-0.560546875,3.3232421875,-3.1630859375,
0.623,-1.1611328125,3.5634765625,-2.802734375,
0.6235,-1.9619140625,3.8037109375,-2.4423828125,
0.624,-2.72265625,3.8837890625,-1.4814453125,
0.6245,-3.0830078125,3.4833984375,-0.80078125,
0.625,-3.203125,3.203125,-0.3203125,
0.6255,-3.5634765625,3.0029296875,0.240234375,
0.626,-3.7236328125,2.5625,0.80078125,
0.6265,-3.923828125,2.0419921875,1.521484375,
0.627,-3.603515625,1.201171875,2.2021484375,
0.6275,-3.3232421875,0.48046875,2.5224609375,
0.628,-3.283203125,-0.080078125,2.8427734375,
0.6285,-2.9228515625,-0.6806640625,3.283203125,
0.629,-2.72265625,-1.1611328125,3.68359375,
0.6295,-1.921875,-2.08203125,3.6435546875,
0.63,-1.1611328125,-2.5625,3.283203125,
0.6305,-0.5205078125,-2.962890625,3.04296875,
0.631,-0.0400390625,-3.283203125,3.0029296875,
0.6315,0.6806640625,-3.68359375,2.642578125,
0.632,1.28125,-4.0439453125,2.322265625,
0.6325,2.162109375,-4.083984375,1.4013671875,
0.633,2.40234375,-3.84375,0.880859375,
0.6335,2.6826171875,-3.4833984375,0.3203125,
0.634,3.1630859375,-3.36328125,-0.2802734375,
0.6345,3.5234375,-3.123046875,-0.9208984375,
0.635,3.603515625,-2.3623046875,-1.7216796875,
0.6355,3.3232421875,-1.5615234375,-2.3623046875,
0.636,3.203125,-0.8408203125,-2.8427734375,
0.6365,3.04296875,-0.240234375,-3.203125,
0.637,2.642578125,0.4404296875,-3.603515625,
0.6375,2.40234375,1.1611328125,-4.083984375,
0.638,1.3212890625,2.2822265625,-4.0439453125,
0.6385,0.880859375,2.5224609375,-3.603515625,
0.639,-0.16015625,2.9228515625,-3.283203125,
0.6395,-0.48046875,3.36328125,-3.2431640625,
0.64,-1.361328125,3.7236328125,-2.72265625,
0.6405,-2.2822265625,3.9638671875,-2.08203125,
0.641,-3.0029296875,3.763671875,-1.1611328125,
0.6415,-3.1630859375,3.4833984375,-0.6806640625,
0.642,-3.443359375,3.04296875,0,
0.6425,-3.6435546875,2.8427734375,0.560546875,
0.643,-4.00390625,2.322265625,1.4013671875,
0.6435,-4.00390625,1.28125,2.482421875,
0.644,-3.603515625,0.560546875,2.72265625,
0.6445,-3.283203125,-0.080078125,3.0029296875,
0.645,-3.04296875,-0.6005859375,3.36328125,
0.6455,-2.5224609375,-1.361328125,3.68359375,
0.646,-2.08203125,-2.322265625,4.00390625,
0.6465,-0.8408203125,-3.203125,3.68359375,
0.647,-0.3603515625,-3.283203125,3.283203125,
0.6475,0.2001953125,-3.7236328125,2.8427734375,
0.648,0.9609375,-4.00390625,2.5625,
0.6485,1.681640625,-4.3642578125,2.162109375,
0.649,2.5224609375,-4.32421875,1.28125,
0.6495,3.123046875,-3.9638671875,0.4404296875,
0.65,3.123046875,-3.603515625,0.0400390625,
0.6505,3.3232421875,-3.3232421875,-0.5205078125,
0.651,3.603515625,-2.9228515625,-1.28125,
0.6515,3.84375,-2.3623046875,-2.001953125,
0.652,3.68359375,-1.2412109375,-2.8427734375,
0.6525,3.283203125,-0.560546875,-3.1630859375,
0.653,3.04296875,-0.080078125,-3.4833984375,
0.6535,2.802734375,0.560546875,-3.8037109375,
0.654,2.3623046875,1.3212890625,-4.1640625,
0.6545,1.6015625,2.2421875,-4.2041015625,
0.655,0.5205078125,2.802734375,-3.84375,
0.6555,-0.16015625,2.9228515625,-3.3232421875,
0.656,-0.720703125,3.3232421875,-3.1630859375,
0.6565,-1.2412109375,3.8037109375,-2.8427734375,
0.657,-2.1220703125,4.0439453125,-2.2421875,
0.6575,-2.8828125,3.8837890625,-1.4013671875,
0.658,-3.0830078125,3.5634765625,-0.80078125,
0.6585,-3.443359375,3.2431640625,-0.16015625,
0.659,-3.5234375,2.8828125,0.3603515625,
0.6595,-3.7236328125,2.642578125,1.0009765625,
0.66,-4.1640625,1.841796875,1.921875,
0.6605,-3.6435546875,0.8408203125,2.5224609375,
0.661,-3.36328125,0.2802734375,2.72265625,
0.6615,-3.2431640625,-0.3203125,3.2431640625,
0.662,-2.8828125,-1.041015625,3.5634765625,
0.6625,-2.4423828125,-1.76171875,3.84375,
0.663,-1.4814453125,-2.642578125,3.8037109375,
0.6635,-0.720703125,-2.962890625,3.443359375,
0.664,-0.2001953125,-3.443359375,3.0830078125,
0.6645,0.4404296875,-3.8037109375,2.8427734375,
0.665,1.2412109375,-4.1640625,2.5224609375,
0.6655,2.1220703125,-4.244140625,1.76171875,
0.666,2.72265625,-4.083984375,0.9208984375,
0.6665,2.9228515625,-3.7236328125,0.2802734375,
0.667,3.1630859375,-3.68359375,-0.16015625,
0.6675,3.4833984375,-3.0029296875,-0.880859375,
0.668,3.763671875,-2.72265625,-1.6015625,
0.6685,3.763671875,-1.8017578125,-2.6025390625,
0.669,3.4833984375,-0.9609375,-3.0830078125,
0.6695,3.04296875,-0.2802734375,-3.3232421875,
0.67,2.962890625,0.2802734375,-3.7236328125,
0.6705,2.2822265625,1.3212890625,-4.083984375,
0.671,2.0419921875,1.841796875,-4.3642578125,
0.6715,0.880859375,2.6826171875,-4.1640625,
0.672,0.1201171875,3.203125,-3.7236328125,
0.6725,-0.400390625,3.443359375,-3.36328125,
0.673,-1.1611328125,3.84375,-2.962890625,
0.6735,-2.08203125,4.2841796875,-2.6025390625,
0.674,-3.283203125,4.2041015625,-1.44140625,
0.6745,-3.36328125,4.00390625,-0.8408203125,
0.675,-3.7236328125,3.443359375,-0.16015625,
0.6755,-3.923828125,3.2431640625,0.3603515625,
0.676,-4.00390625,2.5625,1.201171875,
0.6765,-4.3642578125,1.9619140625,2.162109375,
0.677,-4.1240234375,0.8408203125,3.0830078125,
0.6775,-3.7236328125,0.240234375,3.2431640625,
0.678,-3.1630859375,-0.5205078125,3.36328125,
0.6785,-3.0029296875,-1.12109375,3.8837890625,
0.679,-2.482421875,-2.08203125,4.2841796875,
0.6795,-1.6015625,-3.203125,4.32421875,
0.68,-0.48046875,-3.7236328125,3.7236328125,
0.6805,0.1201171875,-4.00390625,3.3232421875,
0.681,0.6005859375,-4.2041015625,3.0029296875,
0.6815,1.7216796875,-4.3642578125,2.40234375,
0.682,2.5224609375,-4.96484375,1.921875,
0.6825,3.5234375,-4.64453125,0.6005859375,
0.683,3.4833984375,-4.1240234375,0.16015625,
0.6835,3.6435546875,-3.6435546875,-0.5205078125,
0.684,3.9638671875,-3.36328125,-1.12109375,
0.6845,4.32421875,-2.6025390625,-2.001953125,
0.685,4.2041015625,-1.921875,-2.9228515625,
0.6855,3.7236328125,-0.6005859375,-3.68359375,
0.686,3.283203125,-0.1201171875,-3.8037109375,
0.6865,2.8828125,0.560546875,-4.0439453125,
0.687,2.5224609375,1.3212890625,-4.3642578125,
0.6875,2.001953125,2.2421875,-4.64453125,
0.688,0.640625,3.2431640625,-4.404296875,
0.6885,-0.2001953125,3.6435546875,-3.8037109375,
0.689,-0.5205078125,3.763671875,-3.603515625,
0.6895,-1.0810546875,4.00390625,-3.1630859375,
0.69,-2.08203125,4.32421875,-2.5625,
0.6905,-2.962890625,4.5244140625,-1.8818359375,
0.691,-3.8037109375,4.2041015625,-0.720703125,
0.6915,-3.603515625,3.7236328125,-0.2802734375,
0.692,-4.00390625,3.1630859375,0.3203125,
0.6925,-4.3642578125,3.04296875,1.12109375,
0.693,-4.564453125,2.2421875,1.841796875,
0.6935,-4.3642578125,1.28125,2.7626953125,
0.694,-3.84375,0.3203125,3.283203125,
0.6945,-3.5634765625,-0.3203125,3.5634765625,
0.695,-3.203125,-0.9208984375,3.84375,
0.6955,-2.802734375,-1.76171875,4.2041015625,
0.696,-1.9619140625,-2.642578125,4.32421875,
0.6965,-0.6806640625,-3.4033203125,3.9638671875,
0.697,-0.2001953125,-3.8037109375,3.603515625,
0.6975,0.4404296875,-4.1640625,3.283203125,
0.698,1.201171875,-4.3642578125,2.72265625,
0.6985,2.08203125,-4.8046875,2.2822265625,
0.699,3.0029296875,-4.8447265625,1.28125,
0.6995,3.443359375,-4.3642578125,0.48046875,
0.7,3.763671875,-3.923828125,-0.2802734375,
0.7005,3.9638671875,-3.68359375,-0.80078125,
0.701,4.1240234375,-3.0830078125,-1.5615234375,
0.7015,4.32421875,-2.4423828125,-2.5224609375,
0.702,4.083984375,-1.1611328125,-3.4033203125,
0.7025,3.603515625,-0.400390625,-3.7236328125,
0.703,3.2431640625,0.4404296875,-4.1640625,
0.7035,2.6826171875,0.8408203125,-4.1240234375,
0.704,2.2421875,1.8017578125,-4.724609375,
0.7045,1.3212890625,2.8828125,-4.8447265625,
0.705,0.240234375,3.5234375,-4.244140625,
0.7055,-0.400390625,3.8037109375,-3.84375,
0.706,-1.12109375,4.1640625,-3.443359375,
0.7065,-2.08203125,4.32421875,-2.482421875,
0.707,-2.8427734375,4.6044921875,-2.2421875,
0.7075,-3.84375,4.484375,-1.0009765625,
0.708,-4.00390625,4.083984375,-0.3203125,
0.7085,-4.2041015625,3.4833984375,0.3603515625,
0.709,-4.32421875,3.0830078125,0.9609375,
0.7095,-4.6044921875,2.482421875,1.841796875,
0.71,-4.5244140625,1.3212890625,2.8427734375,
0.7105,-4.32421875,0.5205078125,3.5234375,
0.711,-3.68359375,-0.400390625,3.68359375,
0.7115,-3.443359375,-1.0810546875,4.00390625,
0.712,-2.72265625,-1.8017578125,4.1240234375,
0.7125,-2.40234375,-2.8427734375,4.5244140625,
0.713,-0.9208984375,-3.763671875,4.32421875,
0.7135,-0.1201171875,-4.2041015625,3.9638671875,
0.714,0.7607421875,-4.1240234375,3.443359375,
0.7145,1.0009765625,-4.484375,3.0830078125,
0.715,2.0419921875,-4.8447265625,2.322265625,
0.7155,3.04296875,-4.9248046875,1.4814453125,
0.716,3.763671875,-4.5244140625,0.3203125,
0.7165,3.84375,-4.2041015625,-0.2001953125,
0.717,4.1640625,-3.5234375,-1.0009765625,
0.7175,4.2041015625,-3.36328125,-1.44140625,
0.718,4.484375,-2.7626953125,-2.3623046875,
0.7185,4.244140625,-1.4013671875,-3.4033203125,
0.719,3.8037109375,-0.5205078125,-3.7236328125,
0.7195,3.283203125,0.16015625,-4.0439453125,
0.72,3.04296875,0.8408203125,-4.3642578125,
0.7205,2.2421875,1.4814453125,-4.4443359375,
0.721,2.001953125,2.6025390625,-4.7646484375,
0.7215,0.2802734375,3.6435546875,-4.2841796875,
0.722,-0.3203125,3.6435546875,-3.8837890625,
0.7225,-0.9208984375,3.9638671875,-3.5634765625,
0.723,-1.6015625,4.32421875,-3.0830078125,
0.7235,-2.4423828125,4.5244140625,-2.5224609375,
0.724,-3.203125,4.3642578125,-1.4814453125,
0.7245,-3.84375,4.1240234375,-0.3603515625,
0.725,-4.1240234375,3.8837890625,-0.16015625,
0.7255,-4.00390625,3.283203125,0.6005859375,
0.726,-4.3642578125,2.72265625,1.361328125,
0.7265,-4.564453125,2.0419921875,2.2421875,
0.727,-4.244140625,0.80078125,3.203125,
0.7275,-3.9638671875,-0.0400390625,3.603515625,
0.728,-3.5634765625,-0.48046875,3.763671875,
0.7285,-3.6435546875,-1.44140625,3.9638671875,
0.729,-2.482421875,-2.001953125,4.244140625,
0.7295,-1.8017578125,-3.04296875,4.404296875,
0.73,-0.5205078125,-3.8037109375,3.8837890625,
0.7305,0,-3.9638671875,3.4833984375,
0.731,0.7607421875,-4.3642578125,3.04296875,
0.7315,1.521484375,-4.564453125,2.482421875,
0.732,2.3623046875,-4.7646484375,2.001953125,
0.7325,3.3232421875,-4.6044921875,0.880859375,
0.733,3.6435546875,-4.2841796875,0.16015625,
0.7335,3.8037109375,-3.923828125,-0.3603515625,
0.734,3.9638671875,-3.4833984375,-1.0009765625,
0.7345,4.2041015625,-2.9228515625,-1.8017578125,
0.735,4.32421875,-2.0419921875,-2.962890625,
0.7355,4.00390625,-1.0009765625,-3.5234375,
0.736,3.68359375,0,-4.1640625,
0.7365,3.283203125,0.560546875,-4.1640625,
0.737,2.6826171875,1.3212890625,-4.4443359375,
0.7375,2.1220703125,2.2421875,-4.8447265625,
0.738,0.80078125,3.2431640625,-4.64453125,
0.7385,0.0400390625,3.6435546875,-4.2041015625,
0.739,-0.4404296875,3.923828125,-3.603515625,
0.7395,-1.44140625,4.1640625,-3.203125,
0.74,-2.08203125,4.484375,-2.642578125,
0.7405,-3.2431640625,4.6044921875,-1.681640625,
0.741,-3.8837890625,4.32421875,-0.6806640625,
0.7415,-4.1240234375,3.9638671875,0,
0.742,-4.2041015625,3.5634765625,0.3603515625,
0.7425,-4.2041015625,2.802734375,1.12109375,
0.743,-4.4443359375,2.3623046875,2.162109375,
0.7435,-4.244140625,1.12109375,3.04296875,
0.744,-3.923828125,0.2001953125,3.443359375,
0.7445,-3.443359375,-0.48046875,3.84375,
0.745,-3.4033203125,-1.12109375,4.00390625,
0.7455,-2.3623046875,-1.9619140625,4.244140625,
0.746,-2.2021484375,-2.6826171875,4.484375,
0.7465,-1.041015625,-3.8837890625,3.8837890625,
0.747,0.0400390625,-3.923828125,3.5234375,
0.7475,0.6005859375,-4.2041015625,3.1630859375,
0.748,1.28125,-4.484375,2.72265625,
0.7485,2.2021484375,-4.8046875,2.322265625,
0.749,3.123046875,-4.7646484375,1.12109375,
0.7495,3.123046875,-4.5244140625,0.3203125,
0.75,3.68359375,-3.84375,-0.2001953125,
0.7505,3.9638671875,-3.4833984375,-0.6806640625,
0.751,3.9638671875,-2.962890625,-1.5615234375,
0.7515,4.484375,-2.6025390625,-2.40234375,
0.752,4.083984375,-1.1611328125,-3.4833984375,
0.7525,3.8037109375,-0.400390625,-3.8037109375,
0.753,3.123046875,0.2802734375,-3.8837890625,
0.7535,3.1630859375,0.6806640625,-4.3642578125,
0.754,2.3623046875,1.841796875,-4.6044921875,
0.7545,1.44140625,2.6826171875,-4.64453125,
0.755,0.2802734375,3.443359375,-4.1240234375,
0.7555,-0.16015625,3.68359375,-3.8037109375,
0.756,-1.0810546875,3.84375,-3.36328125,
0.7565,-1.44140625,4.1240234375,-3.0029296875,
0.757,-3.0830078125,4.6044921875,-2.322265625,
0.7575,-3.6435546875,4.2841796875,-0.9208984375,
0.758,-3.7236328125,3.84375,-0.5205078125,
0.7585,-3.9638671875,3.5234375,0.16015625,
0.759,-4.1640625,3.203125,0.6806640625,
0.7595,-4.2041015625,2.5625,1.4013671875,
0.76,-4.1640625,1.9619140625,2.5625,
0.7605,-3.923828125,0.4404296875,3.0029296875,
0.761,-3.283203125,0,3.4033203125,
0.7615,-3.283203125,-0.6005859375,3.68359375,
0.762,-2.8828125,-1.361328125,3.9638671875,
0.7625,-2.40234375,-2.2421875,4.2041015625,
0.763,-1.28125,-3.1630859375,4.1240234375,
0.7635,-0.3203125,-3.5634765625,3.4833984375,
0.764,0.3203125,-4.00390625,3.203125,
0.7645,0.880859375,-4.1240234375,2.802734375,
0.765,1.5615234375,-4.244140625,2.2421875,
0.7655,2.2822265625,-4.6044921875,1.76171875,
0.766,3.1630859375,-4.244140625,0.640625,
0.7665,3.36328125,-3.8837890625,0.16015625,
0.767,3.68359375,-3.603515625,-0.240234375,
0.7675,3.36328125,-3.283203125,-1.0009765625,
0.768,3.6435546875,-2.72265625,-1.5615234375,
0.7685,3.763671875,-1.8017578125,-2.642578125,
0.769,3.443359375,-0.8408203125,-3.1630859375,
0.7695,3.1630859375,-0.3203125,-3.4033203125,
0.77,2.8427734375,0.3203125,-3.763671875,
0.7705,3.0029296875,1.12109375,-4.1240234375,
0.771,2.0419921875,1.7216796875,-4.1640625,
0.7715,1.44140625,2.72265625,-4.0439453125,
0.772,0.240234375,3.123046875,-3.7236328125,
0.7725,-0.2802734375,3.3232421875,-3.4833984375,
0.773,-0.9609375,3.6435546875,-3.04296875,
0.7735,-1.6015625,4.00390625,-2.7626953125,
0.774,-2.4423828125,4.083984375,-1.9619140625,
0.7745,-2.962890625,3.68359375,-1.041015625,
0.775,-3.2431640625,3.443359375,-0.400390625,
0.7755,-3.84375,3.123046875,-0.0400390625,
0.776,-3.84375,2.72265625,0.7607421875,
0.7765,-4.1640625,2.0419921875,1.4013671875,
0.777,-3.9638671875,1.28125,2.40234375,
0.7775,-3.4833984375,0.560546875,2.6025390625,
0.778,-3.0830078125,-0.3603515625,3.04296875,
0.7785,-3.0830078125,-0.48046875,3.36328125,
0.779,-2.8828125,-1.041015625,4.083984375,
0.7795,-1.8017578125,-2.2822265625,3.923828125,
0.78,-1.0009765625,-2.962890625,3.5634765625,
0.7805,-0.2802734375,-3.2431640625,3.203125,
0.781,0.16015625,-3.7236328125,2.9228515625,
0.7815,1.0009765625,-3.923828125,2.40234375,
0.782,2.1220703125,-4.4443359375,2.162109375,
0.7825,2.72265625,-4.4443359375,1.0810546875,
0.783,3.04296875,-3.9638671875,0.48046875,
0.7835,3.123046875,-3.5634765625,0,
0.784,3.5234375,-3.3232421875,-0.640625,
0.7845,3.6435546875,-2.8828125,-1.2412109375,
0.785,3.763671875,-2.1220703125,-2.08203125,
0.7855,3.4833984375,-1.12109375,-2.8828125,
0.786,3.3232421875,-0.3603515625,-3.283203125,
0.7865,2.8427734375,0,-3.4833984375,
0.787,2.3623046875,0.7607421875,-3.8037109375,
0.7875,2.2822265625,1.521484375,-4.244140625,
0.788,1.28125,2.3623046875,-4.0439453125,
0.7885,0.2802734375,3.0830078125,-3.5634765625,
0.789,-0.2802734375,3.0830078125,-3.0830078125,
0.7895,-0.9208984375,3.8037109375,-2.962890625,
0.79,-1.6416015625,3.7236328125,-2.40234375,
0.7905,-2.2822265625,3.9638671875,-2.0419921875,
0.791,-2.8828125,3.7236328125,-1.12109375,
0.7915,-3.283203125,3.3232421875,-0.48046875,
0.792,-3.203125,3.0029296875,-0.2001953125,
0.7925,-3.5634765625,3.36328125,0.48046875,
0.793,-3.923828125,2.4423828125,1.12109375,
0.7935,-3.7236328125,1.521484375,2.2021484375,
0.794,-3.603515625,0.7607421875,2.40234375,
0.7945,-3.283203125,0.1201171875,2.8828125,
0.795,-3.203125,-0.4404296875,3.203125,
0.7955,-2.72265625,-1.2412109375,3.6435546875,
0.796,-2.40234375,-1.841796875,3.8037109375,
0.7965,-1.2412109375,-2.482421875,3.36328125,
0.797,-0.80078125,-2.9228515625,3.36328125,
0.7975,-0.2001953125,-3.1630859375,2.962890625,
0.798,0.48046875,-3.7236328125,2.8427734375,
0.7985,1.201171875,-4.00390625,2.482421875,
0.799,2.08203125,-4.244140625,1.6015625,
0.7995,2.5625,-3.7236328125,0.7607421875,
0.8,2.802734375,-3.923828125,0.640625,
0.8005,3.36328125,-3.68359375,-0.3603515625,
0.801,3.3232421875,-3.0830078125,-0.9609375,
0.8015,3.7236328125,-2.72265625,-1.5615234375,
0.802,3.5634765625,-1.6015625,-2.4423828125,
0.8025,3.1630859375,-1.0009765625,-2.642578125,
0.803,2.9228515625,-0.720703125,-3.04296875,
0.8035,2.8427734375,0.2001953125,-3.4833984375,
0.804,2.482421875,1.0009765625,-3.4833984375,
0.8045,1.681640625,1.8818359375,-3.9638671875,
0.805,0.7607421875,2.5224609375,-3.68359375,
0.8055,0.2802734375,2.8828125,-3.4833984375,
0.806,-0.2802734375,3.04296875,-3.203125,
0.8065,-1.041015625,3.603515625,-2.802734375,
0.807,-1.8017578125,4.083984375,-2.5224609375,
0.8075,-2.72265625,3.84375,-1.6015625,
0.808,-2.72265625,3.5234375,-0.8408203125,
0.8085,-3.203125,3.04296875,-0.48046875,
0.809,-3.4033203125,3.04296875,0.1201171875,
0.8095,-3.8037109375,2.6826171875,0.9208984375,
0.81,-4.0439453125,2.1220703125,1.681640625,
0.8105,-3.6435546875,0.720703125,2.6025390625,
0.811,-3.36328125,0.4404296875,2.802734375,
0.8115,-2.7626953125,-0.080078125,3.04296875,
0.812,-2.72265625,-0.9208984375,3.3232421875,
0.8125,-2.482421875,-1.6015625,3.68359375,
0.813,-1.5615234375,-2.5625,3.6435546875,
0.8135,-0.720703125,-2.482421875,3.0029296875,
0.814,-0.2001953125,-3.203125,2.9228515625,
0.8145,0.3203125,-3.84375,2.8828125,
0.815,1.12109375,-4.00390625,2.5625,
0.8155,2.0419921875,-4.1640625,1.8818359375,
0.816,2.642578125,-4.00390625,0.9208984375,
0.8165,2.6025390625,-3.7236328125,0.6005859375,
0.817,2.962890625,-3.4833984375,0.0400390625,
0.8175,3.283203125,-3.203125,-0.4404296875,
0.818,3.603515625,-2.72265625,-1.4013671875,
0.8185,3.8837890625,-1.9619140625,-2.322265625,
0.819,3.443359375,-1.041015625,-2.8427734375,
0.8195,3.0029296875,-0.5205078125,-2.962890625,
0.82,2.8828125,-0.080078125,-3.5234375,
0.8205,2.40234375,0.9609375,-3.8037109375,
0.821,2.0419921875,1.76171875,-4.5244140625,
0.8215,1.041015625,2.3623046875,-3.603515625,
0.822,0.3203125,2.6025390625,-3.1630859375,
0.8225,-0.16015625,2.8828125,-3.123046875,
0.823,-0.9609375,3.4033203125,-2.962890625,
0.8235,-1.4814453125,3.8837890625,-2.642578125,
0.824,-2.1220703125,4.083984375,-1.6416015625,
0.8245,-2.8828125,3.6435546875,-1.041015625,
0.825,-3.0830078125,3.3232421875,-1.0810546875,
0.8255,-3.4033203125,3.203125,0,
0.826,-4.2041015625,2.6826171875,0.7607421875,
0.8265,-4.00390625,2.162109375,1.44140625,
0.827,-3.8837890625,1.28125,2.3623046875,
0.8275,-3.5634765625,0.6005859375,2.5625,
0.828,-3.4033203125,-0.0400390625,3.123046875,
0.8285,-3.0029296875,-0.640625,3.3232421875,
0.829,-2.6826171875,-1.44140625,3.84375,
0.8295,-1.841796875,-2.482421875,3.8037109375,
0.83,-0.8408203125,-3.0830078125,3.4833984375,
0.8305,-0.5205078125,-3.0830078125,3.123046875,
0.831,0.4404296875,-3.5634765625,3.04296875,
0.8315,1.0009765625,-4.0439453125,2.8427734375,
0.832,1.681640625,-4.32421875,2.162109375,
0.8325,2.5625,-4.484375,0.880859375,
0.833,2.8427734375,-3.7236328125,0.5205078125,
0.8335,2.8828125,-3.36328125,0,
0.834,3.4033203125,-3.3232421875,-0.5205078125,
0.8345,3.203125,-3.04296875,-1.44140625,
0.835,3.68359375,-2.08203125,-2.1220703125,
0.8355,3.443359375,-1.2412109375,-2.8828125,
0.836,3.1630859375,-0.560546875,-3.0830078125,
0.8365,2.8828125,0.560546875,-3.4033203125,
0.837,2.5224609375,0.8408203125,-3.8037109375,
0.8375,2.2822265625,1.361328125,-4.1640625,
0.838,1.3212890625,2.322265625,-4.1240234375,
0.8385,0.6806640625,2.6025390625,-3.7236328125,
0.839,-0.1201171875,3.0029296875,-3.203125,
0.8395,-0.6806640625,3.4033203125,-3.283203125,
0.84,-1.44140625,3.763671875,-2.72265625,
0.8405,-2.4423828125,4.083984375,-2.001953125,
0.841,-2.962890625,3.763671875,-1.2412109375,
0.8415,-3.0830078125,3.3232421875,-0.560546875,
0.842,-3.203125,3.203125,-0.1201171875,
0.8425,-3.6435546875,2.8828125,0.3203125,
0.843,-4.0439453125,2.5224609375,1.521484375,
0.8435,-4.00390625,1.76171875,2.162109375,
0.844,-3.203125,0.9208984375,2.6826171875,
0.8445,-3.283203125,0.080078125,2.8427734375,
0.845,-3.04296875,-0.640625,3.283203125,
0.8455,-2.642578125,-1.3212890625,3.5634765625,
0.846,-2.2822265625,-2.0419921875,4.00390625,
0.8465,-1.12109375,-2.9228515625,3.68359375,
0.847,-0.560546875,-3.203125,3.203125,
0.8475,0.2001953125,-3.4833984375,2.8427734375,
0.848,0.720703125,-4.0439453125,2.7626953125,
0.8485,1.521484375,-4.244140625,2.3623046875,
0.849,2.5224609375,-4.244140625,1.3212890625,
0.8495,2.9228515625,-4.0439453125,0.6005859375,
0.85,3.123046875,-3.7236328125,0.16015625,
0.8505,3.3232421875,-3.36328125,-0.400390625,
0.851,3.603515625,-3.203125,-1.041015625,
0.8515,4.1240234375,-2.4423828125,-2.0419921875,
0.852,3.68359375,-1.3212890625,-2.8828125,
0.8525,3.443359375,-0.720703125,-3.1630859375,
0.853,3.04296875,0,-3.7236328125,
0.8535,2.802734375,0.6005859375,-3.8837890625,
0.854,2.3623046875,1.361328125,-4.2041015625,
0.8545,1.28125,2.2822265625,-4.32421875,
0.855,0.3603515625,3.203125,-4.083984375,
0.8555,-0.080078125,3.2431640625,-3.603515625,
0.856,-0.640625,3.5234375,-3.2431640625,
0.8565,-1.4814453125,3.8837890625,-2.322265625,
0.857,-2.322265625,4.2041015625,-2.2822265625,
0.8575,-3.203125,4.1240234375,-1.44140625,
0.858,-3.4833984375,3.8037109375,-0.6806640625,
0.8585,-3.84375,3.2431640625,0.2001953125,
0.859,-3.8837890625,3.0029296875,0.560546875,
0.8595,-4.1640625,2.5224609375,1.3212890625,
0.86,-4.32421875,1.76171875,2.2021484375,
0.8605,-3.8837890625,0.640625,3.0029296875,
0.861,-3.5234375,0.0400390625,3.123046875,
0.8615,-3.2431640625,-0.5205078125,3.6435546875,
0.862,-2.7626953125,-1.361328125,3.923828125,
0.8625,-2.322265625,-2.08203125,4.0439453125,
0.863,-1.201171875,-2.8828125,3.84375,
0.8635,-0.48046875,-3.5634765625,3.763671875,
0.864,0.1201171875,-3.7236328125,3.123046875,
0.8645,0.640625,-4.0439453125,2.8427734375,
0.865,1.5615234375,-4.4443359375,2.6025390625,
0.8655,2.2421875,-4.6044921875,1.5615234375,
0.866,3.1630859375,-4.3642578125,0.720703125,
0.8665,3.36328125,-4.00390625,0.1201171875,
0.867,3.6435546875,-4.1640625,-0.400390625,
0.8675,3.68359375,-3.1630859375,-1.041015625,
0.868,4.00390625,-2.7626953125,-1.8017578125,
0.8685,3.9638671875,-1.76171875,-2.72265625,
0.869,3.8037109375,-1.28125,-3.36328125,
0.8695,3.1630859375,-0.080078125,-3.5234375,
0.87,3.123046875,0.2802734375,-4.00390625,
0.8705,2.4423828125,1.201171875,-4.1640625,
0.871,1.921875,2.0419921875,-4.4443359375,
0.8715,0.80078125,2.8427734375,-4.1640625,
0.872,0.080078125,3.2431640625,-3.7236328125,
0.8725,-0.5205078125,3.5234375,-3.283203125,
0.873,-1.0009765625,3.84375,-2.9228515625,
0.8735,-1.9619140625,4.1640625,-2.5625,
0.874,-3.2431640625,4.2841796875,-1.44140625,
0.8745,-3.36328125,3.8837890625,-0.8408203125,
0.875,-3.5634765625,3.4833984375,-0.240234375,
0.8755,-3.84375,3.2431640625,0.2802734375,
0.876,-4.00390625,2.6025390625,0.8408203125,
0.8765,-4.3642578125,2.1220703125,1.921875,
0.877,-4.2041015625,1.12109375,2.802734375,
0.8775,-3.68359375,0.880859375,3.0029296875,
0.878,-3.283203125,-0.3603515625,3.36328125,
0.8785,-3.123046875,-0.9609375,3.7236328125,
0.879,-2.642578125,-1.8017578125,4.1240234375,
0.8795,-1.7216796875,-2.962890625,4.5244140625,
0.88,-0.8408203125,-3.4833984375,3.8837890625,
0.8805,-0.3203125,-3.603515625,3.3232421875,
0.881,0.4404296875,-4.00390625,3.1630859375,
0.8815,1.28125,-4.1240234375,2.4423828125,
0.882,2.162109375,-4.7646484375,2.1220703125,
0.8825,3.2431640625,-4.564453125,0.880859375,
0.883,3.3232421875,-4.1640625,0.4404296875,
0.8835,3.84375,-3.763671875,-0.5205078125,
0.884,3.84375,-3.5234375,-0.9208984375,
0.8845,4.32421875,-2.7626953125,-1.9619140625,
0.885,4.1240234375,-1.9619140625,-2.642578125,
0.8855,3.8837890625,-0.8408203125,-3.5634765625,
0.886,3.5234375,-0.240234375,-3.8037109375,
0.8865,3.0830078125,0.48046875,-4.00390625,
0.887,2.6826171875,1.44140625,-4.884765625,
0.8875,2.2822265625,2.162109375,-4.8046875,
0.888,1.0810546875,3.36328125,-4.8046875,
0.8885,0,3.5634765625,-4.083984375,
0.889,-0.640625,3.8837890625,-3.68359375,
0.8895,-1.28125,4.1640625,-3.2431640625,
0.89,-2.2822265625,4.484375,-2.5625,
0.8905,-3.2431640625,4.8046875,-1.9619140625,
0.891,-3.84375,4.5244140625,-0.80078125,
0.8915,-4.00390625,3.763671875,-0.16015625,
0.892,-4.2841796875,3.4833984375,0.640625,
0.8925,-4.484375,2.9228515625,1.28125,
0.893,-4.64453125,2.2021484375,2.2021484375,
0.8935,-4.6044921875,1.12109375,3.2431640625,
0.894,-4.083984375,0.0400390625,3.4833984375,
0.8945,-3.6435546875,-0.640625,4.00390625,
0.895,-3.0029296875,-1.28125,4.00390625,
0.8955,-2.5224609375,-2.08203125,4.32421875,
0.896,-1.8818359375,-3.123046875,4.6044921875,
0.8965,-0.560546875,-4.0439453125,4.1640625,
0.897,0.1201171875,-4.2041015625,3.6435546875,
0.8975,0.7607421875,-4.4443359375,3.0029296875,
0.898,1.6015625,-4.7646484375,2.6826171875,
0.8985,2.3623046875,-4.8447265625,2.2021484375,
0.899,3.3232421875,-4.884765625,1.12109375,
0.8995,3.84375,-4.5244140625,0.16015625,
0.9,3.84375,-3.9638671875,-0.400390625,
0.9005,4.0439453125,-3.603515625,-1.0009765625,
0.901,4.2041015625,-3.0029296875,-1.76171875,
0.9015,3.923828125,-2.4423828125,-2.72265625,
0.902,4.0439453125,-1.2412109375,-3.443359375,
0.9025,3.603515625,-0.3203125,-3.8837890625,
0.903,3.203125,0.3203125,-4.083984375,
0.9035,2.802734375,1.0009765625,-4.32421875,
0.904,2.40234375,1.76171875,-4.6845703125,
0.9045,1.4013671875,2.7626953125,-4.884765625,
0.905,0.3203125,3.4033203125,-4.244140625,
0.9055,-0.5205078125,3.8837890625,-3.7236328125,
0.906,-1.2412109375,4.1640625,-3.36328125,
0.9065,-1.76171875,4.2041015625,-2.8427734375,
0.907,-2.5625,4.6044921875,-2.40234375,
0.9075,-3.5634765625,4.4443359375,-1.201171875,
0.908,-3.8837890625,4.0439453125,-0.5205078125,
0.9085,-3.8837890625,3.68359375,-0.080078125,
0.909,-4.32421875,3.283203125,0.640625,
0.9095,-4.404296875,2.72265625,1.44140625,
0.91,-4.5244140625,1.921875,2.001953125,
0.9105,-4.1640625,0.7607421875,3.1630859375,
0.911,-3.763671875,0,3.5234375,
0.9115,-3.4033203125,-0.6806640625,3.763671875,
0.912,-2.9228515625,-1.4814453125,4.00390625,
0.9125,-2.72265625,-2.2822265625,4.5244140625,
0.913,-1.2412109375,-3.283203125,4.1240234375,
0.9135,-0.4404296875,-3.763671875,3.8037109375,
0.914,0.3203125,-4.0439453125,3.3232421875,
0.9145,0.9208984375,-4.4443359375,3.123046875,
0.915,1.841796875,-4.64453125,2.40234375,
0.9155,2.7626953125,-4.96484375,1.76171875,
0.916,3.36328125,-4.6044921875,0.6806640625,
0.9165,3.603515625,-4.244140625,-0.0400390625,
0.917,3.84375,-3.5234375,-0.720703125,
0.9175,4.1240234375,-3.3232421875,-1.3212890625,
0.918,4.404296875,-2.802734375,-2.162109375,
0.9185,4.32421875,-1.5615234375,-3.283203125,
0.919,3.84375,-0.6005859375,-3.8037109375,
0.9195,4.00390625,-0.1201171875,-4.244140625,
0.92,3.123046875,0.6005859375,-4.4443359375,
0.9205,2.40234375,1.7216796875,-4.8046875,
0.921,1.8818359375,2.6826171875,-5.0048828125,
0.9215,0.3603515625,3.8037109375,-4.64453125,
0.922,-0.2802734375,3.923828125,-4.083984375,
0.9225,-1.0009765625,4.2041015625,-3.603515625,
0.923,-1.7216796875,4.6044921875,-3.2431640625,
0.9235,-2.72265625,4.6044921875,-2.2421875,
0.924,-3.68359375,4.7646484375,-1.28125,
0.9245,-4.3642578125,4.404296875,-0.2001953125,
0.925,-4.4443359375,3.84375,0.2802734375,
0.9255,-4.5244140625,3.3232421875,0.9208984375,
0.926,-4.7646484375,2.6826171875,1.8017578125,
0.9265,-4.96484375,2.08203125,2.72265625,
0.927,-4.404296875,0.560546875,3.763671875,
0.9275,-4.00390625,-0.400390625,4.083984375,
0.928,-3.5634765625,-0.8408203125,4.1240234375,
0.9285,-3.0830078125,-1.681640625,4.32421875,
0.929,-2.40234375,-2.5625,4.6044921875,
0.9295,-1.44140625,-3.5634765625,4.6044921875,
0.93,-0.16015625,-4.32421875,4.3642578125,
0.9305,0.48046875,-4.4443359375,3.603515625,
0.931,0.5205078125,-4.5244140625,3.1630859375,
0.9315,1.921875,-4.8447265625,2.5224609375,
0.932,2.72265625,-4.96484375,1.76171875,
0.9325,3.5634765625,-4.7646484375,0.6806640625,
0.933,3.8837890625,-4.2841796875,-0.080078125,
0.9335,3.923828125,-3.8037109375,-0.640625,
0.934,3.5234375,-3.1630859375,-0.9609375,
0.9345,4.1640625,-2.7626953125,-2.0419921875,
0.935,4.2841796875,-2.1220703125,-2.72265625,
0.9355,3.8037109375,-0.8408203125,-3.4833984375,
0.936,3.3232421875,-0.2001953125,-3.68359375,
0.9365,3.04296875,0.3603515625,-4.00390625,
0.937,2.6025390625,1.0810546875,-4.1640625,
0.9375,2.3623046875,1.76171875,-4.6044921875,
0.938,1.28125,2.8427734375,-4.4443359375,
0.9385,0.2802734375,3.1630859375,-3.7236328125,
0.939,-0.3203125,3.4033203125,-3.5234375,
0.9395,-0.880859375,3.8037109375,-3.283203125,
0.94,-1.6015625,4.083984375,-2.8828125,
0.9405,-2.3623046875,4.2041015625,-2.2021484375,
0.941,-3.1630859375,3.9638671875,-1.041015625,
0.9415,-3.6435546875,3.6435546875,-0.640625,
0.942,-3.68359375,3.3232421875,0,
0.9425,-3.8837890625,3.0029296875,0.560546875,
0.943,-4.2841796875,2.72265625,1.2412109375,
0.9435,-4.2041015625,1.7216796875,2.2021484375,
0.944,-3.84375,0.7607421875,2.802734375,
0.9445,-3.5634765625,-0.080078125,2.9228515625,
0.945,-3.4033203125,-0.3603515625,3.5234375,
0.9455,-2.9228515625,-1.28125,3.8837890625,
0.946,-2.40234375,-2.08203125,4.1640625,
0.9465,-1.28125,-3.0830078125,3.8837890625,
0.947,-0.5205078125,-3.443359375,3.5634765625,
0.9475,0.1201171875,-3.7236328125,3.1630859375,
0.948,0.7607421875,-4.083984375,2.8828125,
0.9485,1.521484375,-4.6044921875,2.642578125,
0.949,2.72265625,-4.724609375,1.4013671875,
0.9495,3.123046875,-4.244140625,0.6806640625,
0.95,3.36328125,-3.8837890625,0.0400390625,
0.9505,3.6435546875,-3.5634765625,-0.5205078125,
0.951,3.8037109375,-3.0029296875,-1.3212890625,
0.9515,4.1640625,-2.5625,-1.8818359375,
0.952,3.443359375,-1.3212890625,-3.123046875,
0.9525,3.4033203125,-0.6005859375,-3.36328125,
0.953,3.04296875,0.1201171875,-3.68359375,
0.9535,2.8427734375,0.720703125,-4.0439453125,
0.954,2.2421875,1.5615234375,-4.32421875,
0.9545,1.44140625,2.5224609375,-4.4443359375,
0.955,0.3603515625,3.203125,-3.9638671875,
0.9555,-0.1201171875,3.4833984375,-3.7236328125,
0.956,-0.640625,3.6435546875,-3.203125,
0.9565,-1.5615234375,3.923828125,-2.72265625,
0.957,-2.2822265625,4.32421875,-2.322265625,
0.9575,-3.3232421875,4.083984375,-1.0810546875,
0.958,-3.4033203125,3.68359375,-0.6005859375,
0.9585,-3.603515625,3.3232421875,0.0400390625,
0.959,-3.84375,3.123046875,0.3203125,
0.9595,-4.3642578125,2.5625,1.361328125,
0.96,-4.2041015625,1.841796875,2.2421875,
0.9605,-3.8837890625,0.640625,2.8427734375,
0.961,-3.4833984375,0.080078125,3.0830078125,
0.9615,-3.1630859375,-0.5205078125,3.36328125,
0.962,-2.9228515625,-1.1611328125,3.68359375,
0.9625,-2.482421875,-1.28125,3.923828125,
0.963,-1.3212890625,-2.642578125,3.68359375,
0.9635,-0.640625,-3.2431640625,3.4833984375,
0.964,0,-3.5634765625,3.1630859375,
0.9645,0.5205078125,-3.84375,2.9228515625,
0.965,1.28125,-4.1640625,2.482421875,
0.9655,2.0419921875,-4.4443359375,1.9619140625,
0.966,2.8828125,-4.2041015625,0.880859375,
0.9665,3.2431640625,-3.84375,0.240234375,
0.967,3.283203125,-3.5634765625,-0.2802734375,
0.9675,3.5234375,-3.36328125,-0.720703125,
0.968,3.84375,-2.9228515625,-1.44140625,
0.9685,3.84375,-2.0419921875,-2.40234375,
0.969,3.4833984375,-1.0009765625,-2.9228515625,
0.9695,3.1630859375,-0.400390625,-3.2431640625,
0.97,2.962890625,0.1201171875,-3.4033203125,
0.9705,2.5625,0.9208984375,-4.00390625,
0.971,2.08203125,1.681640625,-4.1640625,
0.9715,0.9609375,2.6025390625,-4.00390625,
0.972,0.3203125,2.9228515625,-3.6435546875,
0.9725,-0.2802734375,3.2431640625,-3.36328125,
0.973,-0.880859375,3.5234375,-3.0830078125,
0.9735,-1.7216796875,3.9638671875,-2.802734375,
0.974,-2.1220703125,3.8837890625,-1.9619140625,
0.9745,-3.0830078125,3.763671875,-1.0009765625,
0.975,-3.203125,3.4033203125,-0.48046875,
0.9755,-3.4833984375,3.04296875,0.0400390625,
0.976,-3.7236328125,2.72265625,0.720703125,
0.9765,-4.00390625,2.162109375,1.44140625,
0.977,-3.923828125,0.880859375,2.5224609375,
0.9775,-3.5634765625,0.48046875,2.8427734375,
0.978,-3.203125,-0.080078125,3.04296875,
0.9785,-2.962890625,-0.640625,3.3232421875,
0.979,-2.72265625,-1.3212890625,3.68359375,
0.9795,-1.9619140625,-2.2021484375,3.8037109375,
0.98,-0.9609375,-2.8427734375,3.4833984375,
0.9805,-0.400390625,-3.203125,3.123046875,
0.981,0.240234375,-3.36328125,2.8828125,
0.9815,0.880859375,-3.8037109375,2.4423828125,
0.982,1.521484375,-4.1640625,2.2021484375,
0.9825,2.3623046875,-4.1240234375,1.28125,
0.983,2.7626953125,-3.8837890625,0.640625,
0.9835,2.9228515625,-3.603515625,0.1201171875,
0.984,3.2431640625,-3.4033203125,-0.4404296875,
0.9845,3.3232421875,-3.203125,-1.1611328125,
0.985,3.7236328125,-2.3623046875,-1.9619140625,
0.9855,3.4833984375,-1.361328125,-2.642578125,
0.986,3.203125,-0.6806640625,-3.04296875,
0.9865,3.04296875,-0.1201171875,-3.4033203125,
0.987,2.6826171875,0.560546875,-3.7236328125,
0.9875,2.482421875,1.2412109375,-4.484375,
0.988,1.3212890625,2.2421875,-4.00390625,
0.9885,0.6005859375,2.802734375,-3.8037109375,
0.989,-0.080078125,3.04296875,-3.4033203125,
0.9895,-0.640625,3.4833984375,-3.283203125,
0.99,-1.4814453125,3.84375,-2.72265625,
0.9905,-2.2822265625,4.083984375,-2.162109375,
0.991,-3.0830078125,3.923828125,-1.1611328125,
0.9915,-3.1630859375,3.5634765625,-0.80078125,
0.992,-3.5234375,3.1630859375,0.0400390625,
0.9925,-3.763671875,2.802734375,0.560546875,
0.993,-4.1240234375,2.482421875,1.361328125,
0.9935,-4.0439453125,1.4013671875,2.3623046875,
0.994,-3.7236328125,0.6005859375,2.802734375,
0.9945,-3.36328125,-0.0400390625,3.1630859375,
0.995,-3.1630859375,-0.48046875,3.0029296875,
0.9955,-2.5625,-1.4814453125,3.68359375,
0.996,-2.1220703125,-2.2421875,4.00390625,
0.9965,-0.9609375,-3.1630859375,3.68359375,
0.997,-0.3203125,-3.3232421875,3.3232421875,
0.9975,0.2802734375,-3.5634765625,2.8828125,
0.998,0.80078125,-3.8837890625,2.6826171875,
0.9985,1.5615234375,-4.1640625,2.162109375,
0.999,2.482421875,-4.3642578125,1.521484375,
0.9995,2.9228515625,-4.00390625,0.5205078125,